generated_at,asset,isin,ticker_used,source,price,trailing_pe,forward_pe,return_ytd_pct,return_1y_pct,volatility_1y_pct,return_5y_pct,volatility_5y_pct,return_10y_pct,volatility_10y_pct,sharpe_1y,max_drawdown_pct,ath_52w,pct_below_ath,notes
2026-08-29T00:25:13.677895+00:00,XEON,LU0290358497,XEON.DE,yfinance,149.99200439453125,,,1.2741019691622224,1.9736348665015502,0.20518997785187676,,,,,,-0.5818505488438652,149.9949951171875,-0.001993881631789929,max_drawdown_pct calculado sobre os ultimos 5 anos (historico mais longo disponivel); sharpe_1y nao aplicavel (instrumento usado como taxa livre de risco)
2026-08-29T00:25:13.677895+00:00,FLXI,IE00BHZRQZ17,FLXI.DE,yfinance,35.80500030517578,,,-7.58807254551127,-3.006909339895669,14.765448269890097,,,,,-0.33731073485615826,-24.761253985894637,39.790000915527344,-10.015080469114757,Ticker a confirmar; alternativa FRIN.L (LSE).; max_drawdown_pct calculado sobre os ultimos 5 anos (historico mais longo disponivel)
2026-08-29T00:25:13.677895+00:00,4GLD,DE000A0S9GB0,4GLD.DE,yfinance,126.9000015258789,,,7.342243457578057,34.05873295637174,25.617476338655447,,,,,1.2524691216931247,-22.489523413781864,145.49000549316406,-12.777512726232331,max_drawdown_pct calculado sobre os ultimos 5 anos (historico mais longo disponivel)
2026-08-29T00:25:13.677895+00:00,EMXC,LU2009202107,EMXC.DE,yfinance,40.61000061035156,,,33.96008541952011,59.1300935811591,32.05151024222189,,,,,1.7832688158127594,-20.482849028545914,44.80500030517578,-9.362793586098073,max_drawdown_pct calculado sobre os ultimos 5 anos (historico mais longo disponivel)
2026-08-29T00:25:13.677895+00:00,MEUD,LU0908500753,MEUD.PA,yfinance,323.5,,,12.588318351045945,22.556451914060105,12.748239468539,,,,,1.6145615320730582,-16.179756870039707,325.20001220703125,-0.5227589616291217,
2026-08-29T00:25:13.677895+00:00,EUDF,IE0002Y8CX98,EUDF.DE,yfinance,33.06999969482422,,,7.422445537560063,10.824395193430325,28.239609629014172,,,,,0.3134165253415987,-19.505299274997235,35.375,-6.515901922758394,Ticker a confirmar; alternativa WDEF.L (LSE).
2026-08-29T00:25:13.677895+00:00,QDVE,IE00BJK9422,QDVE.DE,yfinance,42.98500061035156,,,20.490543881209412,31.251910260615468,22.5009352622035,,,,,1.3012025968224894,-29.82743631010617,46.0099983215332,-6.574652948348203,max_drawdown_pct calculado sobre os ultimos 5 anos (historico mais longo disponivel)
2026-08-29T00:25:13.677895+00:00,WEBN,IE0003XJA0J9,WEBN.DE,yfinance,12.833999633789062,,,14.568827159337673,23.001721439721013,24.35612271634042,,,,,0.8633593621661221,-21.21774843286368,13.076000213623047,-1.8507232783757543,
2026-08-29T00:25:13.677895+00:00,EUNN,IE00B4L5YX21,EUNN.DE,yfinance,70.6500015258789,,,19.54315287641737,27.47185659315128,19.178494492072506,,,,,1.3295215501503261,-19.406088881082482,73.5,-3.8775489443824362,max_drawdown_pct calculado sobre os ultimos 5 anos (historico mais longo disponivel)
2026-08-29T00:25:13.677895+00:00,SP2Q,IE00BNGJJT35,SP2Q.DE,yfinance,65.08999633789062,,,16.98417874174225,20.003676850421748,10.041762354621614,,,,,1.7955057436329456,-22.733365247141503,65.75,-1.0038078511169224,"Ticker Yahoo a confirmar (SP2Q); cobertura directa pode nao existir. Fallback Twelve Data usa RSP (Invesco S&P 500 Equal Weight ETF, US) como PROXY do mesmo indice - nao e o mesmo fundo UCITS, serve apenas de aproximacao quando SP2Q nao tem dados.; max_drawdown_pct calculado sobre os ultimos 5 anos (historico mais longo disponivel)"
2026-08-29T00:25:13.677895+00:00,IUSN,IE00BF4RFH31,IUSN.DE,yfinance,9.180000305175781,,,18.421058782729194,24.81305617089844,13.624379671155202,,,,,1.676364124874711,-24.315517984407485,9.32800006866455,-1.5866183790665178,max_drawdown_pct calculado sobre os ultimos 5 anos (historico mais longo disponivel)
2026-08-29T00:25:13.677895+00:00,XAIX,IE00BGV5VN51,XAIX.DE,yfinance,201.4499969482422,,,30.320865934788376,44.512199260091,32.355038491668004,,,,,1.314743124306401,-33.0804754347501,220.3000030517578,-8.556516496773249,max_drawdown_pct calculado sobre os ultimos 5 anos (historico mais longo disponivel)
2026-08-30T17:30:58.451544+00:00,XEON,LU0290358497,XEON.DE,yfinance,150.01499938964844,,,1.2896281133035536,1.9892682547298257,0.20508939308957996,10.770217931998015,0.2536256731591305,7.91825228199079,0.3943121083682186,,-0.5818505488438652,150.01499938964844,0.0,max_drawdown_pct calculado sobre os ultimos 5 anos (historico mais longo disponivel); sharpe_1y nao aplicavel (instrumento usado como taxa livre de risco)
2026-08-30T17:30:58.451544+00:00,FLXI,IE00BHZRQZ17,FLXI.DE,yfinance,35.67499923706055,,,-7.9236024763386865,-3.35907259302064,14.72077792493688,20.09762440224798,15.912448337785074,,19.75929980608823,-0.3633191720588637,-24.761253985894637,39.790000915527344,-10.341798401067614,Ticker a confirmar; alternativa FRIN.L (LSE).; historico insuficiente (<10 anos) para retorno/volatilidade a 10 anos; max_drawdown_pct calculado sobre os ultimos 5 anos (historico mais longo disponivel)
2026-08-30T17:30:58.451544+00:00,4GLD,DE000A0S9GB0,4GLD.DE,yfinance,126.91000366210938,,,7.350704070103187,34.069299336937455,25.60568251334353,157.59113350038572,16.688749598856617,236.36365015070226,14.598622424619933,1.2528481154716422,-22.489523413781864,145.49000549316406,-12.770637933564222,max_drawdown_pct calculado sobre os ultimos 5 anos (historico mais longo disponivel)
2026-08-30T17:30:58.451544+00:00,EMXC,LU2009202107,EMXC.DE,yfinance,40.79499816894531,,,34.570336303025506,59.85500563161117,32.05203328990922,80.74877589963138,19.373125324510895,,21.13460891661562,1.8053686907625583,-20.482849028545914,44.80500030517578,-8.949898691926228,historico insuficiente (<10 anos) para retorno/volatilidade a 10 anos; max_drawdown_pct calculado sobre os ultimos 5 anos (historico mais longo disponivel)
2026-08-30T17:30:58.451544+00:00,MEUD,LU0908500753,MEUD.PA,yfinance,321.20001220703125,,,11.787849238717406,21.68511236737727,12.772016453274027,,13.288617914133507,,13.288617914133507,1.5421092029362784,-16.179756870039707,325.20001220703125,-1.2300122539520397,historico insuficiente (<5 anos) para retorno/volatilidade a 5 anos; historico insuficiente (<10 anos) para retorno/volatilidade a 10 anos
2026-08-30T17:30:58.451544+00:00,EUDF,IE0002Y8CX98,EUDF.DE,yfinance,33.11000061035156,,,7.552381921271634,10.95844651823863,28.143897418363174,,29.72980633278337,,29.72980633278337,0.31868998561857476,-19.505299274997235,35.375,-6.402825129748235,Ticker a confirmar; alternativa WDEF.L (LSE).; historico insuficiente (<5 anos) para retorno/volatilidade a 5 anos; historico insuficiente (<10 anos) para retorno/volatilidade a 10 anos
2026-08-30T17:30:58.451544+00:00,QDVE,IE00BJK9422,QDVE.DE,yfinance,44.14500045776367,,,23.742120257438337,34.79389452752266,22.65059941007547,160.4117586830383,23.235792354625286,819.6874729916465,21.997691967803753,1.4482895431986067,-29.82743631010617,46.0099983215332,-4.053462142589758,max_drawdown_pct calculado sobre os ultimos 5 anos (historico mais longo disponivel)
2026-08-30T17:30:58.451544+00:00,WEBN,IE0003XJA0J9,WEBN.DE,yfinance,12.880000114440918,,,14.979472419383777,23.442592443981923,24.35694390242513,,20.639143672971123,,20.639143672971123,0.8807888327531956,-21.21774843286368,13.076000213623047,-1.4989300702054842,historico insuficiente (<5 anos) para retorno/volatilidade a 5 anos; historico insuficiente (<10 anos) para retorno/volatilidade a 10 anos
2026-08-30T17:30:58.451544+00:00,EUNN,IE00B4L5YX21,EUNN.DE,yfinance,70.98999786376953,,,20.118442803099,28.085302643961562,19.171536918199724,60.277246810362904,16.388278047859448,131.3131203272212,16.183083247704772,1.3611863514426181,-19.406088881082482,73.5,-3.414968892830572,max_drawdown_pct calculado sobre os ultimos 5 anos (historico mais longo disponivel)
2026-08-30T17:30:58.451544+00:00,SP2Q,IE00BNGJJT35,SP2Q.DE,yfinance,65.1500015258789,,,17.092024156275887,20.114305880899998,10.038891691239723,54.14646271551935,14.944459502417809,,15.271385655972644,1.8054819380098197,-22.733365247141503,65.75,-0.9125452077887397,"Ticker Yahoo a confirmar (SP2Q); cobertura directa pode nao existir. Fallback Twelve Data usa RSP (Invesco S&P 500 Equal Weight ETF, US) como PROXY do mesmo indice - nao e o mesmo fundo UCITS, serve apenas de aproximacao quando SP2Q nao tem dados.; historico insuficiente (<10 anos) para retorno/volatilidade a 10 anos; max_drawdown_pct calculado sobre os ultimos 5 anos (historico mais longo disponivel)"
2026-08-30T17:30:58.451544+00:00,IUSN,IE00BF4RFH31,IUSN.DE,yfinance,9.196000099182129,,,18.627454478105033,25.030592458659907,13.619509832988621,45.483308889237236,16.555198540551995,,18.18932390558908,1.6917880662724238,-24.315517984407485,9.32800006866455,-1.4150940020449587,historico insuficiente (<10 anos) para retorno/volatilidade a 10 anos; max_drawdown_pct calculado sobre os ultimos 5 anos (historico mais longo disponivel)
2026-08-30T17:30:58.451544+00:00,XAIX,IE00BGV5VN51,XAIX.DE,yfinance,205.39999389648438,,,32.876175096033734,47.34576964831882,32.40476639740353,146.51943668843253,23.59399017907028,,22.975410430511158,1.3996861090541064,-33.0804754347501,220.3000030517578,-6.763508374429206,historico insuficiente (<10 anos) para retorno/volatilidade a 10 anos; max_drawdown_pct calculado sobre os ultimos 5 anos (historico mais longo disponivel)
2026-08-31T22:27:17.437746+00:00,XEON,LU0290358497,XEON.DE,yfinance,150.0399932861328,,,1.3065039089926955,2.00626061698459,0.2048708723259794,10.799309446722404,0.2535328108145991,7.937784587465702,0.3943330935202924,,-0.572306001054923,150.0399932861328,0.0,max_drawdown_pct calculado sobre os ultimos 5 anos (historico mais longo disponivel); sharpe_1y nao aplicavel (instrumento usado como taxa livre de risco)
2026-08-31T22:27:17.437746+00:00,FLXI,IE00BHZRQZ17,FLXI.DE,yfinance,35.834999084472656,,,-7.510646348262917,-2.9256448713791405,14.698442011571256,20.555083682393626,15.913581896731957,,19.75447285772592,-0.3355393370590651,-24.761253985894637,39.790000915527344,-9.939687710616052,Ticker a confirmar; alternativa FRIN.L (LSE).; historico insuficiente (<10 anos) para retorno/volatilidade a 10 anos; max_drawdown_pct calculado sobre os ultimos 5 anos (historico mais longo disponivel)
2026-08-31T22:27:17.437746+00:00,4GLD,DE000A0S9GB0,4GLD.DE,yfinance,126.33000183105469,,,6.860091800550006,33.456578220715016,25.560774117534603,156.5492878914234,16.690359958730493,232.0105239529408,14.5973442464951,1.2304133458209945,-22.489523413781864,145.49000549316406,-13.169292005428934,max_drawdown_pct calculado sobre os ultimos 5 anos (historico mais longo disponivel)
2026-08-31T22:27:17.437746+00:00,EMXC,LU2009202107,EMXC.DE,yfinance,40.974998474121094,,,35.164102761889836,60.560335968394206,31.988459863179774,81.18504925412672,19.37378473216375,,21.129328795591366,1.830474977596784,-20.482849028545914,44.80500030517578,-8.548157136408395,historico insuficiente (<10 anos) para retorno/volatilidade a 10 anos; max_drawdown_pct calculado sobre os ultimos 5 anos (historico mais longo disponivel)
2026-08-31T22:27:17.437746+00:00,MEUD,LU0908500753,MEUD.PA,yfinance,322.8500061035156,,,12.362099742874012,22.310204786644583,12.753990528673958,,13.281317226923806,,13.281317226923806,1.5919679510512392,-16.179756870039707,325.20001220703125,-0.7226340760465688,historico insuficiente (<5 anos) para retorno/volatilidade a 5 anos; historico insuficiente (<10 anos) para retorno/volatilidade a 10 anos
2026-08-31T22:27:17.437746+00:00,EUDF,IE0002Y8CX98,EUDF.DE,yfinance,32.72999954223633,,,6.318011058842754,9.684984500235672,28.113089699437644,,29.70756614989582,,29.70756614989582,0.2731369609440218,-19.505299274997235,35.375,-7.47703309615172,Ticker a confirmar; alternativa WDEF.L (LSE).; historico insuficiente (<5 anos) para retorno/volatilidade a 5 anos; historico insuficiente (<10 anos) para retorno/volatilidade a 10 anos
2026-08-31T22:27:17.437746+00:00,QDVE,IE00BJK9422,QDVE.DE,yfinance,44.720001220703125,,,25.35389538073567,36.549622047948475,22.635642843745714,163.77256088828398,23.242085199009374,820.733011730862,21.998289089095056,1.5260605439579245,-29.82743631010617,46.0099983215332,-2.80373211886501,max_drawdown_pct calculado sobre os ultimos 5 anos (historico mais longo disponivel)
2026-08-31T22:27:17.437746+00:00,WEBN,IE0003XJA0J9,WEBN.DE,yfinance,12.98799991607666,,,15.943584228633934,24.47766817215713,24.319442954547952,,20.626737394079814,,20.626737394079814,0.924009961789449,-21.21774843286368,13.076000213623047,-0.6729909460746586,historico insuficiente (<5 anos) para retorno/volatilidade a 5 anos; historico insuficiente (<10 anos) para retorno/volatilidade a 10 anos
2026-08-31T22:27:17.437746+00:00,EUNN,IE00B4L5YX21,EUNN.DE,yfinance,71.62000274658203,,,21.184440940287395,29.222003144179443,19.149066828343862,60.48222055939662,16.3894966627324,131.1068192176301,16.182588367985755,1.4212568565957973,-19.406088881082482,73.5,-2.5578193924054027,max_drawdown_pct calculado sobre os ultimos 5 anos (historico mais longo disponivel)
2026-08-31T22:27:17.437746+00:00,SP2Q,IE00BNGJJT35,SP2Q.DE,yfinance,65.20999908447266,,,17.199855858741575,20.22492084538583,10.018646893397682,55.24341727483411,14.941636674793351,,15.2658258481733,1.8184751316475074,-22.733365247141503,65.75,-0.8212941681024266,"Ticker Yahoo a confirmar (SP2Q); cobertura directa pode nao existir. Fallback Twelve Data usa RSP (Invesco S&P 500 Equal Weight ETF, US) como PROXY do mesmo indice - nao e o mesmo fundo UCITS, serve apenas de aproximacao quando SP2Q nao tem dados.; historico insuficiente (<10 anos) para retorno/volatilidade a 10 anos; max_drawdown_pct calculado sobre os ultimos 5 anos (historico mais longo disponivel)"
2026-08-31T22:27:17.437746+00:00,IUSN,IE00BF4RFH31,IUSN.DE,yfinance,9.199000358581543,,,18.666157515456927,25.071384564596457,13.59215428861463,45.438745232947596,16.555193764732785,,18.185023697140753,1.6969439470630643,-24.315517984407485,9.32800006866455,-1.3829299864217992,historico insuficiente (<10 anos) para retorno/volatilidade a 10 anos; max_drawdown_pct calculado sobre os ultimos 5 anos (historico mais longo disponivel)
2026-08-31T22:27:17.437746+00:00,XAIX,IE00BGV5VN51,XAIX.DE,yfinance,208.8000030517578,,,35.0756893378497,49.78480071298173,32.37371011442597,150.35971130883908,23.60438779911742,,22.976437740040843,1.4758438228773372,-33.0804754347501,220.3000030517578,-5.220154262684307,historico insuficiente (<10 anos) para retorno/volatilidade a 10 anos; max_drawdown_pct calculado sobre os ultimos 5 anos (historico mais longo disponivel)
2026-09-01T20:33:21.725287+00:00,XEON,LU0290358497,XEON.DE,yfinance,150.0399932861328,,,1.3065039089926955,1.9882321202813413,0.20461278952940962,10.805851951843227,0.253481929292033,7.937784587465702,0.39432874323794387,,-0.5664349699051163,150.0399932861328,0.0,max_drawdown_pct calculado sobre os ultimos 5 anos (historico mais longo disponivel); sharpe_1y nao aplicavel (instrumento usado como taxa livre de risco)
2026-09-01T20:33:21.725287+00:00,FLXI,IE00BHZRQZ17,FLXI.DE,yfinance,35.869998931884766,,,-7.420312502922933,-3.9625156698782305,14.66931340240534,19.766270511320982,15.910226499759883,,19.74906219498712,-0.40565959884556163,-24.761253985894637,39.790000915527344,-9.851726296675878,Ticker a confirmar; alternativa FRIN.L (LSE).; historico insuficiente (<10 anos) para retorno/volatilidade a 10 anos; max_drawdown_pct calculado sobre os ultimos 5 anos (historico mais longo disponivel)
2026-09-01T20:33:21.725287+00:00,4GLD,DE000A0S9GB0,4GLD.DE,yfinance,121.05999755859375,,,2.4022976726152168,26.737857844534616,25.871614798367958,146.48776615658016,16.796785034103095,218.16031533761975,14.656495184989376,0.9566324296778931,-22.489523413781864,145.49000549316406,-16.791536883760838,max_drawdown_pct calculado sobre os ultimos 5 anos (historico mais longo disponivel)
2026-09-01T20:33:21.725287+00:00,EMXC,LU2009202107,EMXC.DE,yfinance,40.92499923706055,,,34.99917043076759,60.301598653963254,31.926147106492024,81.40514275650943,19.37349076477512,,21.123643079901385,1.8265081075763188,-20.482849028545914,44.80500030517578,-8.659750120941357,historico insuficiente (<10 anos) para retorno/volatilidade a 10 anos; max_drawdown_pct calculado sobre os ultimos 5 anos (historico mais longo disponivel)
2026-09-01T20:33:21.725287+00:00,MEUD,LU0908500753,MEUD.PA,yfinance,319.1499938964844,,,11.074377479294451,20.620582151155386,12.787388730972024,,13.292409806492737,,13.292409806492737,1.4570879499224951,-16.179756870039707,325.20001220703125,-1.860399164651716,historico insuficiente (<5 anos) para retorno/volatilidade a 5 anos; historico insuficiente (<10 anos) para retorno/volatilidade a 10 anos
2026-09-01T20:33:21.725287+00:00,EUDF,IE0002Y8CX98,EUDF.DE,yfinance,31.635000228881836,,,2.761086196793272,3.5685059743504333,28.260932777221832,,29.802072366262944,,29.802072366262944,0.05591725745665354,-19.505299274997235,35.375,-10.572437515528376,Ticker a confirmar; alternativa WDEF.L (LSE).; historico insuficiente (<5 anos) para retorno/volatilidade a 5 anos; historico insuficiente (<10 anos) para retorno/volatilidade a 10 anos
2026-09-01T20:33:21.725287+00:00,QDVE,IE00BJK9422,QDVE.DE,yfinance,43.970001220703125,,,23.25158279197779,34.05488488859978,22.663262557656473,160.9805456774235,23.253207684018133,805.2913806944465,22.005314370666827,1.4149177633511183,-29.82743631010617,46.0099983215332,-4.433812595631714,max_drawdown_pct calculado sobre os ultimos 5 anos (historico mais longo disponivel)
2026-09-01T20:33:21.725287+00:00,WEBN,IE0003XJA0J9,WEBN.DE,yfinance,12.842000007629395,,,14.640246317345905,22.748997693934903,24.301627874227115,,20.623551245227695,,20.623551245227695,0.8542952628976438,-21.21774843286368,13.076000213623047,-1.7895396311623069,historico insuficiente (<5 anos) para retorno/volatilidade a 5 anos; historico insuficiente (<10 anos) para retorno/volatilidade a 10 anos
2026-09-01T20:33:21.725287+00:00,EUNN,IE00B4L5YX21,EUNN.DE,yfinance,71.4000015258789,,,20.812188442177003,27.87907367228939,19.115105953414027,58.82903368778152,16.387365759390157,130.39690885193798,16.182789814615106,1.3544702088027847,-19.406088881082482,73.5,-2.857140781117129,max_drawdown_pct calculado sobre os ultimos 5 anos (historico mais longo disponivel)
2026-09-01T20:33:21.725287+00:00,SP2Q,IE00BNGJJT35,SP2Q.DE,yfinance,64.37999725341797,,,15.708119984982538,18.323832813758155,10.089627392276878,52.28857464146359,14.950629776022929,,15.270781778785564,1.6190489557603411,-22.733365247141503,65.75,-2.0836543674251473,"Ticker Yahoo a confirmar (SP2Q); cobertura directa pode nao existir. Fallback Twelve Data usa RSP (Invesco S&P 500 Equal Weight ETF, US) como PROXY do mesmo indice - nao e o mesmo fundo UCITS, serve apenas de aproximacao quando SP2Q nao tem dados.; historico insuficiente (<10 anos) para retorno/volatilidade a 10 anos; max_drawdown_pct calculado sobre os ultimos 5 anos (historico mais longo disponivel)"
2026-09-01T20:33:21.725287+00:00,IUSN,IE00BF4RFH31,IUSN.DE,yfinance,9.074999809265137,,,17.06656319611799,22.817700422616216,13.641623801542027,42.129984087007365,16.56163111170165,,18.187062207931522,1.5269053453871337,-24.315517984407485,9.32800006866455,-2.7122669118465725,historico insuficiente (<10 anos) para retorno/volatilidade a 10 anos; max_drawdown_pct calculado sobre os ultimos 5 anos (historico mais longo disponivel)
2026-09-01T20:33:21.725287+00:00,XAIX,IE00BGV5VN51,XAIX.DE,yfinance,204.6999969482422,,,32.42333712220111,46.84361973519759,32.380352146317634,145.20841964154096,23.62197551882694,,22.982478548914965,1.3852655898313728,-33.0804754347501,220.3000030517578,-7.081255509492901,historico insuficiente (<10 anos) para retorno/volatilidade a 10 anos; max_drawdown_pct calculado sobre os ultimos 5 anos (historico mais longo disponivel)
2026-09-02T20:30:27.828555+00:00,XEON,LU0290358497,XEON.DE,yfinance,150.07000732421875,,,1.3267692875766457,2.0162628747066647,0.20404425577038857,10.831289779156418,0.2534339774906256,7.959376489108494,0.3942693243318316,,-0.5642275517579565,150.07000732421875,0.0,max_drawdown_pct calculado sobre os ultimos 5 anos (historico mais longo disponivel); sharpe_1y nao aplicavel (instrumento usado como taxa livre de risco)
2026-09-02T20:30:27.828555+00:00,FLXI,IE00BHZRQZ17,FLXI.DE,yfinance,36.13999938964844,,,-6.723447190735554,-3.0579383770836577,14.698834232637909,20.226214343731506,15.914737656044665,,19.746521700843527,-0.3452111352152916,-24.761253985894637,39.790000915527344,-9.173162708962291,Ticker a confirmar; alternativa FRIN.L (LSE).; historico insuficiente (<10 anos) para retorno/volatilidade a 10 anos; max_drawdown_pct calculado sobre os ultimos 5 anos (historico mais longo disponivel)
2026-09-02T20:30:27.828555+00:00,4GLD,DE000A0S9GB0,4GLD.DE,yfinance,121.26000213623047,,,2.5714776553351637,25.107039791866505,25.683268534651504,144.76202532074427,16.74729254073563,218.6859515574542,14.627367221499984,0.8990591242701874,-22.489523413781864,145.49000549316406,-16.65406725005042,max_drawdown_pct calculado sobre os ultimos 5 anos (historico mais longo disponivel)
2026-09-02T20:30:27.828555+00:00,EMXC,LU2009202107,EMXC.DE,yfinance,40.76499938964844,,,34.4713794210582,60.302787654121715,31.940323433318348,80.21661307343251,19.378885518336425,,21.121433436623803,1.8248570619862237,-20.482849028545914,44.80500030517578,-9.016852779846207,historico insuficiente (<10 anos) para retorno/volatilidade a 10 anos; max_drawdown_pct calculado sobre os ultimos 5 anos (historico mais longo disponivel)
2026-09-02T20:30:27.828555+00:00,MEUD,LU0908500753,MEUD.PA,yfinance,318.1499938964844,,,10.72634558330976,22.11645314826076,12.678155726799275,,13.279096638474625,,13.279096638474625,1.5854191024855462,-16.179756870039707,325.20001220703125,-2.1679022281397176,historico insuficiente (<5 anos) para retorno/volatilidade a 5 anos; historico insuficiente (<10 anos) para retorno/volatilidade a 10 anos
2026-09-02T20:30:27.828555+00:00,EUDF,IE0002Y8CX98,EUDF.DE,yfinance,31.514999389648438,,,2.3712832413663065,5.38371063713734,28.11138819602541,,29.718974729988563,,29.718974729988563,0.11978945112738294,-19.505299274997235,35.375,-10.9116625027606,Ticker a confirmar; alternativa WDEF.L (LSE).; historico insuficiente (<5 anos) para retorno/volatilidade a 5 anos; historico insuficiente (<10 anos) para retorno/volatilidade a 10 anos
2026-09-02T20:30:27.828555+00:00,QDVE,IE00BJK9422,QDVE.DE,yfinance,43.994998931884766,,,23.321653462520842,36.630428228190446,22.569290689833622,160.44872374643373,23.25153401049305,805.8060546048756,22.00015697008659,1.533684236211987,-29.82743631010617,46.0099983215332,-4.379481554350317,max_drawdown_pct calculado sobre os ultimos 5 anos (historico mais longo disponivel)
2026-09-02T20:30:27.828555+00:00,WEBN,IE0003XJA0J9,WEBN.DE,yfinance,12.857999801635742,,,14.783076119933103,24.255898072228565,24.271705273376224,,20.603988720268653,,20.603988720268653,0.9162782320827159,-21.21774843286368,13.076000213623047,-1.6671796300537278,historico insuficiente (<5 anos) para retorno/volatilidade a 5 anos; historico insuficiente (<10 anos) para retorno/volatilidade a 10 anos
2026-09-02T20:30:27.828555+00:00,EUNN,IE00B4L5YX21,EUNN.DE,yfinance,71.26000213623047,,,20.57530283597899,28.725748647580374,19.10356451049934,55.68130554940001,16.37086368133894,129.94515218629607,16.18097400075183,1.3981414703101165,-19.406088881082482,73.5,-3.0476161411830405,max_drawdown_pct calculado sobre os ultimos 5 anos (historico mais longo disponivel)
2026-09-02T20:30:27.828555+00:00,SP2Q,IE00BNGJJT35,SP2Q.DE,yfinance,64.5199966430664,,,15.959736432114436,19.70314437206193,9.999070209824065,53.32698154839714,14.943868236702013,,15.260574157612847,1.7688526159140219,-22.733365247141503,65.75,-1.8707275390625,"Ticker Yahoo a confirmar (SP2Q); cobertura directa pode nao existir. Fallback Twelve Data usa RSP (Invesco S&P 500 Equal Weight ETF, US) como PROXY do mesmo indice - nao e o mesmo fundo UCITS, serve apenas de aproximacao quando SP2Q nao tem dados.; historico insuficiente (<10 anos) para retorno/volatilidade a 10 anos; max_drawdown_pct calculado sobre os ultimos 5 anos (historico mais longo disponivel)"
2026-09-02T20:30:27.828555+00:00,IUSN,IE00BF4RFH31,IUSN.DE,yfinance,9.065999984741211,,,16.950466386362862,24.34508465641858,13.555331578648053,42.6368794983877,16.55819478059246,,18.18167655229673,1.6472353813080898,-24.315517984407485,9.32800006866455,-2.808748734934874,historico insuficiente (<10 anos) para retorno/volatilidade a 10 anos; max_drawdown_pct calculado sobre os ultimos 5 anos (historico mais longo disponivel)
2026-09-02T20:30:27.828555+00:00,XAIX,IE00BGV5VN51,XAIX.DE,yfinance,203.39999389648438,,,31.58234667301052,47.81975644933316,32.343653013354945,142.8656643540112,23.62025570435099,,22.975525301693157,1.4161509077442145,-33.0804754347501,220.3000030517578,-7.6713612896786465,historico insuficiente (<10 anos) para retorno/volatilidade a 10 anos; max_drawdown_pct calculado sobre os ultimos 5 anos (historico mais longo disponivel)
2026-09-03T20:30:33.585492+00:00,XEON,LU0290358497,XEON.DE,yfinance,150.09500122070312,,,1.3436450832657654,2.018692418489798,0.20622022713405117,10.849748536061687,0.2536933444162717,7.981232923178583,0.3943224882964559,,-0.5642275517579565,150.09500122070312,0.0,max_drawdown_pct calculado sobre os ultimos 5 anos (historico mais longo disponivel); sharpe_1y nao aplicavel (instrumento usado como taxa livre de risco)
2026-09-03T20:30:33.585492+00:00,FLXI,IE00BHZRQZ17,FLXI.DE,yfinance,35.92499923706055,,,-7.278357910867128,-4.26383004332439,14.654782122423885,19.51097762913514,15.909442905410428,,19.738386266547916,-0.4287011850009726,-24.761253985894637,39.790000915527344,-9.71349984804486,Ticker a confirmar; alternativa FRIN.L (LSE).; historico insuficiente (<10 anos) para retorno/volatilidade a 10 anos; max_drawdown_pct calculado sobre os ultimos 5 anos (historico mais longo disponivel)
2026-09-03T20:30:33.585492+00:00,4GLD,DE000A0S9GB0,4GLD.DE,yfinance,124.55999755859375,,,5.362879607871585,26.88193937238612,25.81704984508742,151.42303100190358,16.796009079287096,225.05218828437972,14.653311988545362,0.9630553104667537,-22.489523413781864,145.49000549316406,-14.385873355097045,max_drawdown_pct calculado sobre os ultimos 5 anos (historico mais longo disponivel)
2026-09-03T20:30:33.585492+00:00,EMXC,LU2009202107,EMXC.DE,yfinance,40.88999938964844,,,34.88371654062898,59.07410819300662,31.934840725194192,80.76922136415897,19.379261525798512,,21.117211624676994,1.7866197068427645,-20.482849028545914,44.80500030517578,-8.737866061514321,historico insuficiente (<10 anos) para retorno/volatilidade a 10 anos; max_drawdown_pct calculado sobre os ultimos 5 anos (historico mais longo disponivel)
2026-09-03T20:30:33.585492+00:00,MEUD,LU0908500753,MEUD.PA,yfinance,320.1000061035156,,,11.40501202891613,22.09169846890635,12.652613127402201,,13.26410804647013,,13.26410804647013,1.586471177795182,-16.179756870039707,325.20001220703125,-1.5682675006385982,historico insuficiente (<5 anos) para retorno/volatilidade a 5 anos; historico insuficiente (<10 anos) para retorno/volatilidade a 10 anos
2026-09-03T20:30:33.585492+00:00,EUDF,IE0002Y8CX98,EUDF.DE,yfinance,31.315000534057617,,,1.7216199099317597,3.7607694413680504,28.088986730872197,,29.67486087231913,,29.67486087231913,0.06201993114132383,-19.505299274997235,35.375,-11.477030292416634,Ticker a confirmar; alternativa WDEF.L (LSE).; historico insuficiente (<5 anos) para retorno/volatilidade a 5 anos; historico insuficiente (<10 anos) para retorno/volatilidade a 10 anos
2026-09-03T20:30:33.585492+00:00,QDVE,IE00BJK9422,QDVE.DE,yfinance,44.310001373291016,,,24.204631593264626,35.67054984785012,22.541404386600384,162.3135262429241,23.253067833128956,813.2316408366781,21.996898099909675,1.4928908976658297,-29.82743631010617,46.0099983215332,-3.69484244785675,max_drawdown_pct calculado sobre os ultimos 5 anos (historico mais longo disponivel)
2026-09-03T20:30:33.585492+00:00,WEBN,IE0003XJA0J9,WEBN.DE,yfinance,12.956000328063965,,,15.65792462345954,24.29010546408552,24.276509048019147,,20.59264711126835,,20.59264711126835,0.9174059170345569,-21.21774843286368,13.076000213623047,-0.9177109482918278,historico insuficiente (<5 anos) para retorno/volatilidade a 5 anos; historico insuficiente (<10 anos) para retorno/volatilidade a 10 anos
2026-09-03T20:30:33.585492+00:00,EUNN,IE00B4L5YX21,EUNN.DE,yfinance,72.7699966430664,,,23.130285147014295,31.448691908900408,19.19137722737095,58.98018162503125,16.35850327555989,135.27318436815267,16.188947237219868,1.5335011730391723,-19.406088881082482,73.5,-0.9932018461681569,max_drawdown_pct calculado sobre os ultimos 5 anos (historico mais longo disponivel)
2026-09-03T20:30:33.585492+00:00,SP2Q,IE00BNGJJT35,SP2Q.DE,yfinance,64.62999725341797,,,16.15743702801349,20.085465663117287,10.008597053908007,53.588389831584024,14.944929145698516,,15.256484275501842,1.8051254483837018,-22.733365247141503,65.75,-1.7034262305430148,"Ticker Yahoo a confirmar (SP2Q); cobertura directa pode nao existir. Fallback Twelve Data usa RSP (Invesco S&P 500 Equal Weight ETF, US) como PROXY do mesmo indice - nao e o mesmo fundo UCITS, serve apenas de aproximacao quando SP2Q nao tem dados.; historico insuficiente (<10 anos) para retorno/volatilidade a 10 anos; max_drawdown_pct calculado sobre os ultimos 5 anos (historico mais longo disponivel)"
2026-09-03T20:30:33.585492+00:00,IUSN,IE00BF4RFH31,IUSN.DE,yfinance,9.145999908447266,,,17.982457165542588,24.945351010442018,13.567370178252544,43.895531549650244,16.558660876712004,,18.179007017877254,1.6898380666801514,-24.315517984407485,9.32800006866455,-1.951116626045879,historico insuficiente (<10 anos) para retorno/volatilidade a 10 anos; max_drawdown_pct calculado sobre os ultimos 5 anos (historico mais longo disponivel)
2026-09-03T20:30:33.585492+00:00,XAIX,IE00BGV5VN51,XAIX.DE,yfinance,207.25,,,34.07297033578121,48.92928610667335,32.32320283771203,147.46268656716416,23.61898133416165,,22.969306262982432,1.451297816114069,-33.0804754347501,220.3000030517578,-5.9237416572762385,historico insuficiente (<10 anos) para retorno/volatilidade a 10 anos; max_drawdown_pct calculado sobre os ultimos 5 anos (historico mais longo disponivel)
2026-09-04T20:16:37.436748+00:00,XEON,LU0290358497,XEON.DE,yfinance,150.11000061035156,,,1.353772621215965,2.0171007284173648,0.2053848988047437,10.860826044021321,0.25346465853163896,7.985812221037447,0.3942856595436581,,-0.5642275517579565,150.11000061035156,0.0,max_drawdown_pct calculado sobre os ultimos 5 anos (historico mais longo disponivel); sharpe_1y nao aplicavel (instrumento usado como taxa livre de risco)
2026-09-04T20:16:37.436748+00:00,FLXI,IE00BHZRQZ17,FLXI.DE,yfinance,36.0099983215332,,,-7.05897712156297,-4.062878732059061,14.678146993715755,19.79374238623024,15.90731837504323,,19.735275422992167,-0.4142198237338463,-24.761253985894637,39.790000915527344,-9.499880640915148,Ticker a confirmar; alternativa FRIN.L (LSE).; historico insuficiente (<10 anos) para retorno/volatilidade a 10 anos; max_drawdown_pct calculado sobre os ultimos 5 anos (historico mais longo disponivel)
2026-09-04T20:16:37.436748+00:00,4GLD,DE000A0S9GB0,4GLD.DE,yfinance,122.87000274658203,,,3.9333458618376227,25.403142005390734,25.692279583980326,148.01179443846672,16.75186083422654,220.0573188331776,14.631443187096327,0.9102361353546478,-22.489523413781864,145.49000549316406,-15.547461607350643,max_drawdown_pct calculado sobre os ultimos 5 anos (historico mais longo disponivel)
2026-09-04T20:16:37.436748+00:00,EMXC,LU2009202107,EMXC.DE,yfinance,41.529998779296875,,,36.99488057946654,61.2815486574636,31.983034825669883,83.5985731143958,19.38954035536422,,21.122906943836426,1.852996385492475,-20.482849028545914,44.80500030517578,-7.309455425894917,historico insuficiente (<10 anos) para retorno/volatilidade a 10 anos; max_drawdown_pct calculado sobre os ultimos 5 anos (historico mais longo disponivel)
2026-09-04T20:16:37.436748+00:00,MEUD,LU0908500753,MEUD.PA,yfinance,320.45001220703125,,,11.526825316728884,21.433170798048096,12.660247415292098,,13.261528630852323,,13.261528630852323,1.5336248520845168,-16.179756870039707,325.20001220703125,-1.4606395515680437,historico insuficiente (<5 anos) para retorno/volatilidade a 5 anos; historico insuficiente (<10 anos) para retorno/volatilidade a 10 anos
2026-09-04T20:16:37.436748+00:00,EUDF,IE0002Y8CX98,EUDF.DE,yfinance,31.149999618530273,,,1.1856416206831533,4.741088965244122,28.058172118979673,,29.6416872205755,,29.6416872205755,0.0970835956553329,-19.505299274997235,35.375,-11.943463975886148,Ticker a confirmar; alternativa WDEF.L (LSE).; historico insuficiente (<5 anos) para retorno/volatilidade a 5 anos; historico insuficiente (<10 anos) para retorno/volatilidade a 10 anos
2026-09-04T20:16:37.436748+00:00,QDVE,IE00BJK9422,QDVE.DE,yfinance,44.3849983215332,,,24.414854297808585,35.09358983394486,22.540209173022916,162.75750532983798,23.24463350213143,818.3736114202544,21.996737303146723,1.4674437513701006,-29.82743631010617,46.0099983215332,-3.5318410329945205,max_drawdown_pct calculado sobre os ultimos 5 anos (historico mais longo disponivel)
2026-09-04T20:16:37.436748+00:00,WEBN,IE0003XJA0J9,WEBN.DE,yfinance,12.9399995803833,,,15.515086307443093,23.355575431094433,24.263630550087594,,20.56964487732685,,20.56964487732685,0.8794427799511658,-21.21774843286368,13.076000213623047,-1.0400782427187116,historico insuficiente (<5 anos) para retorno/volatilidade a 5 anos; historico insuficiente (<10 anos) para retorno/volatilidade a 10 anos
2026-09-04T20:16:37.436748+00:00,EUNN,IE00B4L5YX21,EUNN.DE,yfinance,72.80999755859375,,,23.197968592970497,29.966795886456808,19.18921275166592,59.06757138879468,16.358641872909775,134.9467508755863,16.192202421970354,1.4565316211637176,-19.406088881082482,73.5,-0.9387788318452328,max_drawdown_pct calculado sobre os ultimos 5 anos (historico mais longo disponivel)
2026-09-04T20:16:37.436748+00:00,SP2Q,IE00BNGJJT35,SP2Q.DE,yfinance,64.47000122070312,,,15.869881250749017,18.816813886848305,9.977705738590045,53.20817113920562,14.938531058759958,,15.250510998081326,1.6837250564983006,-22.733365247141503,65.75,-1.9467662042538025,"Ticker Yahoo a confirmar (SP2Q); cobertura directa pode nao existir. Fallback Twelve Data usa RSP (Invesco S&P 500 Equal Weight ETF, US) como PROXY do mesmo indice - nao e o mesmo fundo UCITS, serve apenas de aproximacao quando SP2Q nao tem dados.; historico insuficiente (<10 anos) para retorno/volatilidade a 10 anos; max_drawdown_pct calculado sobre os ultimos 5 anos (historico mais longo disponivel)"
2026-09-04T20:16:37.436748+00:00,IUSN,IE00BF4RFH31,IUSN.DE,yfinance,9.152000427246094,,,18.059863240246333,24.061279748996323,13.560700637705311,43.98993870586874,16.55390378978698,,18.175677732148184,1.6255929254337693,-24.315517984407485,9.32800006866455,-1.8867885947995489,historico insuficiente (<10 anos) para retorno/volatilidade a 10 anos; max_drawdown_pct calculado sobre os ultimos 5 anos (historico mais longo disponivel)
2026-09-04T20:16:37.436748+00:00,XAIX,IE00BGV5VN51,XAIX.DE,yfinance,207.60000610351562,,,34.29939425826127,48.306909872746395,32.3685851832509,147.88060430270522,23.622666840383964,,22.972148484379566,1.4300844130895674,-33.0804754347501,220.3000030517578,-5.764864626560362,historico insuficiente (<10 anos) para retorno/volatilidade a 10 anos; max_drawdown_pct calculado sobre os ultimos 5 anos (historico mais longo disponivel)
2026-09-07T21:37:30.535819+00:00,XEON,LU0290358497,XEON.DE,yfinance,150.11599731445312,,,1.3578215758593304,2.0086936523397547,0.2016664571411405,10.870177449722739,0.25332751905061396,8.002562288362824,0.39429998671034994,,-0.5642275517579565,150.11599731445312,0.0,"max_drawdown_pct calculado sobre os ultimos 5 anos (historico mais longo disponivel); P/E nao disponivel para este activo (comum em ETFs sem componente de acoes com lucros, como obrigacoes, ouro ou cash, ou quando o yfinance nao publica o campo para este fundo); sharpe_1y nao aplicavel (instrumento usado como taxa livre de risco)"
2026-09-07T21:37:30.535819+00:00,FLXI,IE00BHZRQZ17,FLXI.DE,yfinance,35.595001220703125,,,-8.130075617551213,-4.468591454197268,14.698474164132962,19.446315879215415,15.913411419063014,,19.730372747459445,-0.4406773814892171,-24.761253985894637,39.790000915527344,-10.542848952755858,"Ticker a confirmar; alternativa FRIN.L (LSE).; historico insuficiente (<10 anos) para retorno/volatilidade a 10 anos; max_drawdown_pct calculado sobre os ultimos 5 anos (historico mais longo disponivel); P/E nao disponivel para este activo (comum em ETFs sem componente de acoes com lucros, como obrigacoes, ouro ou cash, ou quando o yfinance nao publica o campo para este fundo)"
2026-09-07T21:37:30.535819+00:00,4GLD,DE000A0S9GB0,4GLD.DE,yfinance,122.02999877929688,,,3.2228028415267174,24.153014185209166,25.823461784423685,150.1947823255013,16.78819990392944,219.03267654718138,14.65984803069441,0.8575271866232329,-22.489523413781864,145.49000549316406,-16.124823581073734,"max_drawdown_pct calculado sobre os ultimos 5 anos (historico mais longo disponivel); P/E nao disponivel para este activo (comum em ETFs sem componente de acoes com lucros, como obrigacoes, ouro ou cash, ou quando o yfinance nao publica o campo para este fundo)"
2026-09-07T21:37:30.535819+00:00,EMXC,LU2009202107,EMXC.DE,yfinance,42.029998779296875,,,38.64422905774967,62.93854876908171,31.981228991052806,87.843569963338,19.381457294426017,,21.112548129708365,1.9051755369935264,-20.482849028545914,44.80500030517578,-6.193508552567383,"historico insuficiente (<10 anos) para retorno/volatilidade a 10 anos; max_drawdown_pct calculado sobre os ultimos 5 anos (historico mais longo disponivel); P/E nao disponivel para este activo (comum em ETFs sem componente de acoes com lucros, como obrigacoes, ouro ou cash, ou quando o yfinance nao publica o campo para este fundo)"
2026-09-07T21:37:30.535819+00:00,MEUD,LU0908500753,MEUD.PA,yfinance,320.45001220703125,17.829884,,11.526825316728884,21.571386114461234,12.64644814510806,,13.239202001670241,,13.239202001670241,1.5468922370656921,-16.179756870039707,325.20001220703125,-1.4606395515680437,historico insuficiente (<5 anos) para retorno/volatilidade a 5 anos; historico insuficiente (<10 anos) para retorno/volatilidade a 10 anos
2026-09-07T21:37:30.535819+00:00,EUDF,IE0002Y8CX98,EUDF.DE,yfinance,30.969999313354492,32.77554,,0.6009402853966117,3.752090176119527,28.02012944659122,,29.560720656399404,,29.560720656399404,0.06221943146632624,-19.505299274997235,35.375,-12.452298760835356,Ticker a confirmar; alternativa WDEF.L (LSE).; historico insuficiente (<5 anos) para retorno/volatilidade a 5 anos; historico insuficiente (<10 anos) para retorno/volatilidade a 10 anos
2026-09-07T21:37:30.535819+00:00,QDVE,IE00BJK9422,QDVE.DE,yfinance,44.5099983215332,,,24.76523972926823,36.19950399597707,22.493315131243833,164.4367655937529,23.241744083142823,831.1714721309145,21.998053502862394,1.5200431836810633,-29.82743631010617,46.0099983215332,-3.2601609535334086,"max_drawdown_pct calculado sobre os ultimos 5 anos (historico mais longo disponivel); P/E nao disponivel para este activo (comum em ETFs sem componente de acoes com lucros, como obrigacoes, ouro ou cash, ou quando o yfinance nao publica o campo para este fundo)"
2026-09-07T21:37:30.535819+00:00,WEBN,IE0003XJA0J9,WEBN.DE,yfinance,12.942000389099121,,,15.532947482017079,23.894316161383312,24.2576084997823,,20.533871334506426,,20.533871334506426,0.9022168244342789,-21.21774843286368,13.076000213623047,-1.024776860926635,"historico insuficiente (<5 anos) para retorno/volatilidade a 5 anos; historico insuficiente (<10 anos) para retorno/volatilidade a 10 anos; P/E nao disponivel para este activo (comum em ETFs sem componente de acoes com lucros, como obrigacoes, ouro ou cash, ou quando o yfinance nao publica o campo para este fundo)"
2026-09-07T21:37:30.535819+00:00,EUNN,IE00B4L5YX21,EUNN.DE,yfinance,73.20999908447266,,,23.874790143235103,30.923852862025814,19.089477195999603,57.342732792131514,16.349183273322982,137.92654532119394,16.190505730710793,1.5147171875270387,-19.406088881082482,73.5,-0.39455906874468205,"max_drawdown_pct calculado sobre os ultimos 5 anos (historico mais longo disponivel); P/E nao disponivel para este activo (comum em ETFs sem componente de acoes com lucros, como obrigacoes, ouro ou cash, ou quando o yfinance nao publica o campo para este fundo)"
2026-09-07T21:37:30.535819+00:00,SP2Q,IE00BNGJJT35,SP2Q.DE,yfinance,64.16999816894531,,,15.330695314284704,19.031716472961048,9.970817557895046,53.24178667210822,14.936401191391358,,15.241539937714677,1.7072845553313933,-22.733365247141503,65.75,-2.403044609969107,"Ticker Yahoo a confirmar (SP2Q); cobertura directa pode nao existir. Fallback Twelve Data usa RSP (Invesco S&P 500 Equal Weight ETF, US) como PROXY do mesmo indice - nao e o mesmo fundo UCITS, serve apenas de aproximacao quando SP2Q nao tem dados.; historico insuficiente (<10 anos) para retorno/volatilidade a 10 anos; max_drawdown_pct calculado sobre os ultimos 5 anos (historico mais longo disponivel); P/E nao disponivel para este activo (comum em ETFs sem componente de acoes com lucros, como obrigacoes, ouro ou cash, ou quando o yfinance nao publica o campo para este fundo)"
2026-09-07T21:37:30.535819+00:00,IUSN,IE00BF4RFH31,IUSN.DE,yfinance,9.142999649047852,,,17.943754128190715,23.922471110085077,13.541589808143334,45.19612114889815,16.543904355135737,,18.16679562448274,1.61825736624863,-24.315517984407485,9.32800006866455,-1.9832806416690496,"historico insuficiente (<10 anos) para retorno/volatilidade a 10 anos; max_drawdown_pct calculado sobre os ultimos 5 anos (historico mais longo disponivel); P/E nao disponivel para este activo (comum em ETFs sem componente de acoes com lucros, como obrigacoes, ouro ou cash, ou quando o yfinance nao publica o campo para este fundo)"
2026-09-07T21:37:30.535819+00:00,XAIX,IE00BGV5VN51,XAIX.DE,yfinance,208.3000030517578,,,34.752232232093895,49.6408100707133,32.328395611847164,152.24024997953606,23.610596461303622,,22.95855873862354,1.473383244571473,-33.0804754347501,220.3000030517578,-5.447117491496667,"historico insuficiente (<10 anos) para retorno/volatilidade a 10 anos; max_drawdown_pct calculado sobre os ultimos 5 anos (historico mais longo disponivel); P/E nao disponivel para este activo (comum em ETFs sem componente de acoes com lucros, como obrigacoes, ouro ou cash, ou quando o yfinance nao publica o campo para este fundo)"
2026-09-08T20:43:38.563494+00:00,XEON,LU0290358497,XEON.DE,yfinance,150.13499450683594,,,1.370648416905107,2.04934712460183,0.2018110949525064,10.883383337978248,0.2534277518871659,8.016230021917782,0.394396531537986,,-0.5642275517579565,150.13499450683594,0.0,"max_drawdown_pct calculado sobre os ultimos 5 anos (historico mais longo disponivel); P/E nao disponivel para este activo (comum em ETFs sem componente de acoes com lucros, como obrigacoes, ouro ou cash, ou quando o yfinance nao publica o campo para este fundo); sharpe_1y nao aplicavel (instrumento usado como taxa livre de risco)"
2026-09-08T20:43:38.563494+00:00,FLXI,IE00BHZRQZ17,FLXI.DE,yfinance,35.529998779296875,,,-8.29784550579028,-5.278591391190968,14.71369979111485,18.177276395017895,15.917792168136152,,19.73198412390461,-0.49803507070450864,-24.761253985894637,39.790000915527344,-10.706212712269824,"Ticker a confirmar; alternativa FRIN.L (LSE).; historico insuficiente (<10 anos) para retorno/volatilidade a 10 anos; max_drawdown_pct calculado sobre os ultimos 5 anos (historico mais longo disponivel); P/E nao disponivel para este activo (comum em ETFs sem componente de acoes com lucros, como obrigacoes, ouro ou cash, ou quando o yfinance nao publica o campo para este fundo)"
2026-09-08T20:43:38.563494+00:00,4GLD,DE000A0S9GB0,4GLD.DE,yfinance,121.75,,,2.9859573192752453,22.312637010442394,25.831425881958847,149.85634214157733,16.79699677148663,218.30065359477123,14.660891624994738,0.7844433357429497,-22.489523413781864,145.49000549316406,-16.317275824337983,"max_drawdown_pct calculado sobre os ultimos 5 anos (historico mais longo disponivel); P/E nao disponivel para este activo (comum em ETFs sem componente de acoes com lucros, como obrigacoes, ouro ou cash, ou quando o yfinance nao publica o campo para este fundo)"
2026-09-08T20:43:38.563494+00:00,EMXC,LU2009202107,EMXC.DE,yfinance,42.165000915527344,,,39.089560193663054,62.45425174136044,31.993045657550212,88.57334420647133,19.393362570851163,,21.115335774930568,1.8880635892976738,-20.482849028545914,44.80500030517578,-5.892198128929527,"historico insuficiente (<10 anos) para retorno/volatilidade a 10 anos; max_drawdown_pct calculado sobre os ultimos 5 anos (historico mais longo disponivel); P/E nao disponivel para este activo (comum em ETFs sem componente de acoes com lucros, como obrigacoes, ouro ou cash, ou quando o yfinance nao publica o campo para este fundo)"
2026-09-08T20:43:38.563494+00:00,MEUD,LU0908500753,MEUD.PA,yfinance,320.25,17.818754,,11.457214689095728,20.87185704666339,12.64698468116228,,13.239366519771151,,13.239366519771151,1.4883002072500129,-16.179756870039707,325.20001220703125,-1.5221439179651464,historico insuficiente (<5 anos) para retorno/volatilidade a 5 anos; historico insuficiente (<10 anos) para retorno/volatilidade a 10 anos
2026-09-08T20:43:38.563494+00:00,EUDF,IE0002Y8CX98,EUDF.DE,yfinance,31.204999923706055,33.02424,,1.3643010504326814,3.1570245411770337,28.01399300971776,,29.555894597571385,,29.555894597571385,0.039540147532376474,-19.505299274997235,35.375,-11.787986081396307,Ticker a confirmar; alternativa WDEF.L (LSE).; historico insuficiente (<5 anos) para retorno/volatilidade a 5 anos; historico insuficiente (<10 anos) para retorno/volatilidade a 10 anos
2026-09-08T20:43:38.563494+00:00,QDVE,IE00BJK9422,QDVE.DE,yfinance,44.529998779296875,,,24.821302681451552,34.47077313075524,22.493671377772213,163.83456626917615,23.250835416923625,831.5898917310354,22.000800068688882,1.4413576806404136,-29.82743631010617,46.0099983215332,-3.2166911458974545,"max_drawdown_pct calculado sobre os ultimos 5 anos (historico mais longo disponivel); P/E nao disponivel para este activo (comum em ETFs sem componente de acoes com lucros, como obrigacoes, ouro ou cash, ou quando o yfinance nao publica o campo para este fundo)"
2026-09-08T20:43:38.563494+00:00,WEBN,IE0003XJA0J9,WEBN.DE,yfinance,12.928000450134277,,,15.40797034057464,23.053502620062805,24.258206171471155,,20.534118490062383,,20.534118490062383,0.8658577368413537,-21.21774843286368,13.076000213623047,-1.1318427735614311,"historico insuficiente (<5 anos) para retorno/volatilidade a 5 anos; historico insuficiente (<10 anos) para retorno/volatilidade a 10 anos; P/E nao disponivel para este activo (comum em ETFs sem componente de acoes com lucros, como obrigacoes, ouro ou cash, ou quando o yfinance nao publica o campo para este fundo)"
2026-09-08T20:43:38.563494+00:00,EUNN,IE00B4L5YX21,EUNN.DE,yfinance,72.68000030517578,,,22.978007075585882,27.40148625280019,19.08639520327215,55.09037388641331,16.351556035372614,136.2040923754282,16.19219480995534,1.3282832540244172,-19.406088881082482,73.5,-1.115645843298252,"max_drawdown_pct calculado sobre os ultimos 5 anos (historico mais longo disponivel); P/E nao disponivel para este activo (comum em ETFs sem componente de acoes com lucros, como obrigacoes, ouro ou cash, ou quando o yfinance nao publica o campo para este fundo)"
2026-09-08T20:43:38.563494+00:00,SP2Q,IE00BNGJJT35,SP2Q.DE,yfinance,63.880001068115234,,,14.809492754954645,18.405931723354342,10.005489819803161,52.09524063836961,14.946184781450167,,15.24552949195225,1.6347610055410857,-22.733365247141503,65.75,-2.8441048393684665,"Ticker Yahoo a confirmar (SP2Q); cobertura directa pode nao existir. Fallback Twelve Data usa RSP (Invesco S&P 500 Equal Weight ETF, US) como PROXY do mesmo indice - nao e o mesmo fundo UCITS, serve apenas de aproximacao quando SP2Q nao tem dados.; historico insuficiente (<10 anos) para retorno/volatilidade a 10 anos; max_drawdown_pct calculado sobre os ultimos 5 anos (historico mais longo disponivel); P/E nao disponivel para este activo (comum em ETFs sem componente de acoes com lucros, como obrigacoes, ouro ou cash, ou quando o yfinance nao publica o campo para este fundo)"
2026-09-08T20:43:38.563494+00:00,IUSN,IE00BF4RFH31,IUSN.DE,yfinance,9.128000259399414,,,17.750263546032308,22.803715211271957,13.544853004219101,44.11114777351908,16.549008725849067,,18.167034856088556,1.532269717523352,-24.315517984407485,9.32800006866455,-2.1440802722224928,"historico insuficiente (<10 anos) para retorno/volatilidade a 10 anos; max_drawdown_pct calculado sobre os ultimos 5 anos (historico mais longo disponivel); P/E nao disponivel para este activo (comum em ETFs sem componente de acoes com lucros, como obrigacoes, ouro ou cash, ou quando o yfinance nao publica o campo para este fundo)"
2026-09-08T20:43:38.563494+00:00,XAIX,IE00BGV5VN51,XAIX.DE,yfinance,208.5500030517578,,,34.9139607849718,47.78203675430668,32.32922776271742,151.93284141955772,23.620102003346968,,22.95877058549307,1.4145927012350266,-33.0804754347501,220.3000030517578,-5.333635877090492,"historico insuficiente (<10 anos) para retorno/volatilidade a 10 anos; max_drawdown_pct calculado sobre os ultimos 5 anos (historico mais longo disponivel); P/E nao disponivel para este activo (comum em ETFs sem componente de acoes com lucros, como obrigacoes, ouro ou cash, ou quando o yfinance nao publica o campo para este fundo)"
2026-09-09T20:25:00.747131+00:00,XEON,LU0290358497,XEON.DE,yfinance,150.14999389648438,,,1.3807759548552845,2.031795433520278,0.20128282583303597,10.889550053629172,0.2534831335726883,8.027021493471608,0.3943439879093017,,-0.5642275517579565,150.14999389648438,0.0,"max_drawdown_pct calculado sobre os ultimos 5 anos (historico mais longo disponivel); P/E nao disponivel para este activo (comum em ETFs sem componente de acoes com lucros, como obrigacoes, ouro ou cash, ou quando o yfinance nao publica o campo para este fundo); sharpe_1y nao aplicavel (instrumento usado como taxa livre de risco)"
2026-09-09T20:25:00.747131+00:00,FLXI,IE00BHZRQZ17,FLXI.DE,yfinance,35.310001373291016,,,-8.865654028362757,-5.8901893856863285,14.719459510829513,17.680394470602188,15.918838561845739,,19.72740447028003,-0.5381980780869151,-24.761253985894637,39.790000915527344,-11.259108919718797,"Ticker a confirmar; alternativa FRIN.L (LSE).; historico insuficiente (<10 anos) para retorno/volatilidade a 10 anos; max_drawdown_pct calculado sobre os ultimos 5 anos (historico mais longo disponivel); P/E nao disponivel para este activo (comum em ETFs sem componente de acoes com lucros, como obrigacoes, ouro ou cash, ou quando o yfinance nao publica o campo para este fundo)"
2026-09-09T20:25:00.747131+00:00,4GLD,DE000A0S9GB0,4GLD.DE,yfinance,121.77999877929688,,,3.011332703294123,22.079095917296755,25.824918800966294,149.68221413565396,16.795108850164908,218.37908177593954,14.656908436189614,0.7762773869022335,-22.489523413781864,145.49000549316406,-16.296656690264,"max_drawdown_pct calculado sobre os ultimos 5 anos (historico mais longo disponivel); P/E nao disponivel para este activo (comum em ETFs sem componente de acoes com lucros, como obrigacoes, ouro ou cash, ou quando o yfinance nao publica o campo para este fundo)"
2026-09-09T20:25:00.747131+00:00,EMXC,LU2009202107,EMXC.DE,yfinance,41.98500061035156,,,38.4957937347987,60.67738981557551,31.979435107444417,87.26583616181564,19.3889165153503,,21.106871092767136,1.8338533556023715,-20.482849028545914,44.80500030517578,-6.293939684447358,"historico insuficiente (<10 anos) para retorno/volatilidade a 10 anos; max_drawdown_pct calculado sobre os ultimos 5 anos (historico mais longo disponivel); P/E nao disponivel para este activo (comum em ETFs sem componente de acoes com lucros, como obrigacoes, ouro ou cash, ou quando o yfinance nao publica o campo para este fundo)"
2026-09-09T20:25:00.747131+00:00,MEUD,LU0908500753,MEUD.PA,yfinance,315.6000061035156,17.560028,,9.838868496985054,19.076364295401937,12.74536648990567,,13.265129381562293,,13.265129381562293,1.3373149273801546,-16.179756870039707,325.20001220703125,-2.952031286334633,historico insuficiente (<5 anos) para retorno/volatilidade a 5 anos; historico insuficiente (<10 anos) para retorno/volatilidade a 10 anos
2026-09-09T20:25:00.747131+00:00,EUDF,IE0002Y8CX98,EUDF.DE,yfinance,30.44499969482422,32.219933,,-1.1044344787173088,1.095799190483615,28.06900252120194,,29.557149183298964,,29.557149183298964,-0.033346259537710955,-19.505299274997235,35.375,-13.936396622405034,Ticker a confirmar; alternativa WDEF.L (LSE).; historico insuficiente (<5 anos) para retorno/volatilidade a 5 anos; historico insuficiente (<10 anos) para retorno/volatilidade a 10 anos
2026-09-09T20:25:00.747131+00:00,QDVE,IE00BJK9422,QDVE.DE,yfinance,44.29999923706055,,,24.176594770715564,34.629998117286554,22.488334954567506,164.44601897351814,23.249117805710746,826.7781860377099,21.99715019480285,1.4495605276968448,-29.82743631010617,46.0099983215332,-3.7165814971837463,"max_drawdown_pct calculado sobre os ultimos 5 anos (historico mais longo disponivel); P/E nao disponivel para este activo (comum em ETFs sem componente de acoes com lucros, como obrigacoes, ouro ou cash, ou quando o yfinance nao publica o campo para este fundo)"
2026-09-09T20:25:00.747131+00:00,WEBN,IE0003XJA0J9,WEBN.DE,yfinance,12.821999549865723,,,14.461702679039966,21.90530497903602,24.279191448281694,,20.526007900252644,,20.526007900252644,0.8185408310589457,-21.21774843286368,13.076000213623047,-1.9424951025367565,"historico insuficiente (<5 anos) para retorno/volatilidade a 5 anos; historico insuficiente (<10 anos) para retorno/volatilidade a 10 anos; P/E nao disponivel para este activo (comum em ETFs sem componente de acoes com lucros, como obrigacoes, ouro ou cash, ou quando o yfinance nao publica o campo para este fundo)"
2026-09-09T20:25:00.747131+00:00,EUNN,IE00B4L5YX21,EUNN.DE,yfinance,72.06999969482422,,,21.945857116024236,27.59817584497317,19.130786361118638,52.96289576288964,16.366795908027292,134.221639982589,16.197476007732742,1.3363998702852036,-19.406088881082482,73.5,-1.9455786464976588,"max_drawdown_pct calculado sobre os ultimos 5 anos (historico mais longo disponivel); P/E nao disponivel para este activo (comum em ETFs sem componente de acoes com lucros, como obrigacoes, ouro ou cash, ou quando o yfinance nao publica o campo para este fundo)"
2026-09-09T20:25:00.747131+00:00,SP2Q,IE00BNGJJT35,SP2Q.DE,yfinance,63.16999816894531,,,13.53342714216097,17.003141702327152,10.10418090186867,51.559495456867644,14.954505776554111,,15.251488605632627,1.481698161801326,-22.733365247141503,65.75,-3.923957157497626,"Ticker Yahoo a confirmar (SP2Q); cobertura directa pode nao existir. Fallback Twelve Data usa RSP (Invesco S&P 500 Equal Weight ETF, US) como PROXY do mesmo indice - nao e o mesmo fundo UCITS, serve apenas de aproximacao quando SP2Q nao tem dados.; historico insuficiente (<10 anos) para retorno/volatilidade a 10 anos; max_drawdown_pct calculado sobre os ultimos 5 anos (historico mais longo disponivel); P/E nao disponivel para este activo (comum em ETFs sem componente de acoes com lucros, como obrigacoes, ouro ou cash, ou quando o yfinance nao publica o campo para este fundo)"
2026-09-09T20:25:00.747131+00:00,IUSN,IE00BF4RFH31,IUSN.DE,yfinance,9.017000198364258,,,16.31837418701785,21.7197652220672,13.614703756571615,43.081563517402664,16.558803199984137,,18.169111986832707,1.4460813940989228,-24.315517984407485,9.32800006866455,-3.334046612467678,"historico insuficiente (<10 anos) para retorno/volatilidade a 10 anos; max_drawdown_pct calculado sobre os ultimos 5 anos (historico mais longo disponivel); P/E nao disponivel para este activo (comum em ETFs sem componente de acoes com lucros, como obrigacoes, ouro ou cash, ou quando o yfinance nao publica o campo para este fundo)"
2026-09-09T20:25:00.747131+00:00,XAIX,IE00BGV5VN51,XAIX.DE,yfinance,208.5,,,34.881613100170725,47.18339306083803,32.32782024859173,153.21837414759995,23.61819437977573,,22.952601045722993,1.39667930841346,-33.0804754347501,220.3000030517578,-5.356333585245343,"historico insuficiente (<10 anos) para retorno/volatilidade a 10 anos; max_drawdown_pct calculado sobre os ultimos 5 anos (historico mais longo disponivel); P/E nao disponivel para este activo (comum em ETFs sem componente de acoes com lucros, como obrigacoes, ouro ou cash, ou quando o yfinance nao publica o campo para este fundo)"
2026-09-10T20:25:47.784513+00:00,XEON,LU0290358497,XEON.DE,yfinance,150.15699768066406,,,1.3855048866143305,2.0296252965158024,0.20090809429241147,10.894722524544441,0.25331242969265705,8.03516781550291,0.3942465124075467,,-0.5554193138013752,150.15699768066406,0.0,"max_drawdown_pct calculado sobre os ultimos 5 anos (historico mais longo disponivel); P/E nao disponivel para este activo (comum em ETFs sem componente de acoes com lucros, como obrigacoes, ouro ou cash, ou quando o yfinance nao publica o campo para este fundo); sharpe_1y nao aplicavel (instrumento usado como taxa livre de risco)"
2026-09-10T20:25:47.784513+00:00,FLXI,IE00BHZRQZ17,FLXI.DE,yfinance,34.939998626708984,,,-9.820623074129188,-7.590591489926268,14.769789133867134,16.447257470332488,15.93191024324213,,19.729762927723986,-0.6513442202355422,-24.761253985894637,39.790000915527344,-12.188997680886537,"Ticker a confirmar; alternativa FRIN.L (LSE).; historico insuficiente (<10 anos) para retorno/volatilidade a 10 anos; max_drawdown_pct calculado sobre os ultimos 5 anos (historico mais longo disponivel); P/E nao disponivel para este activo (comum em ETFs sem componente de acoes com lucros, como obrigacoes, ouro ou cash, ou quando o yfinance nao publica o campo para este fundo)"
2026-09-10T20:25:47.784513+00:00,4GLD,DE000A0S9GB0,4GLD.DE,yfinance,120.87000274658203,,,2.241584755976822,20.821672971238094,25.837446021569434,147.8164740586264,16.798972245980096,218.9182002118113,14.656088166360654,0.7273183138548,-22.489523413781864,145.49000549316406,-16.922126480872812,"max_drawdown_pct calculado sobre os ultimos 5 anos (historico mais longo disponivel); P/E nao disponivel para este activo (comum em ETFs sem componente de acoes com lucros, como obrigacoes, ouro ou cash, ou quando o yfinance nao publica o campo para este fundo)"
2026-09-10T20:25:47.784513+00:00,EMXC,LU2009202107,EMXC.DE,yfinance,41.165000915527344,,,35.790863237096794,55.13473206046413,32.05384566837955,83.60838882892622,19.418202287533916,,21.12033628323581,1.6567468163838888,-20.482849028545914,44.80500030517578,-8.124091875584593,"historico insuficiente (<10 anos) para retorno/volatilidade a 10 anos; max_drawdown_pct calculado sobre os ultimos 5 anos (historico mais longo disponivel); P/E nao disponivel para este activo (comum em ETFs sem componente de acoes com lucros, como obrigacoes, ouro ou cash, ou quando o yfinance nao publica o campo para este fundo)"
2026-09-10T20:25:47.784513+00:00,MEUD,LU0908500753,MEUD.PA,yfinance,313.54998779296875,17.623924,,9.125396737562097,18.365419032623855,12.82990563071352,,13.286509709665632,,13.286509709665632,1.273259071914121,-16.179756870039707,325.20001220703125,-3.5824181970343094,historico insuficiente (<5 anos) para retorno/volatilidade a 5 anos; historico insuficiente (<10 anos) para retorno/volatilidade a 10 anos
2026-09-10T20:25:47.784513+00:00,EUDF,IE0002Y8CX98,EUDF.DE,yfinance,30.459999084472656,31.908457,,-1.0557114326793626,-1.0717824658727726,28.04119343850186,,29.55637411547056,,29.55637411547056,-0.11060184614432987,-19.505299274997235,35.375,-13.893995520925351,Ticker a confirmar; alternativa WDEF.L (LSE).; historico insuficiente (<5 anos) para retorno/volatilidade a 5 anos; historico insuficiente (<10 anos) para retorno/volatilidade a 10 anos
2026-09-10T20:25:47.784513+00:00,QDVE,IE00BJK9422,QDVE.DE,yfinance,44.11000061035156,,,23.644012764346222,30.83197511706306,22.382805452648903,163.31183429385808,23.248591509096713,829.8060919163939,21.994532844576838,1.2868069590954083,-29.82743631010617,46.0099983215332,-4.129532233198152,"max_drawdown_pct calculado sobre os ultimos 5 anos (historico mais longo disponivel); P/E nao disponivel para este activo (comum em ETFs sem componente de acoes com lucros, como obrigacoes, ouro ou cash, ou quando o yfinance nao publica o campo para este fundo)"
2026-09-10T20:25:47.784513+00:00,WEBN,IE0003XJA0J9,WEBN.DE,yfinance,12.75,,,13.818964310682968,20.305722909997193,24.293729976006013,,20.519759115322994,,20.519759115322994,0.752296894364595,-21.21774843286368,13.076000213623047,-2.4931187541845423,"historico insuficiente (<5 anos) para retorno/volatilidade a 5 anos; historico insuficiente (<10 anos) para retorno/volatilidade a 10 anos; P/E nao disponivel para este activo (comum em ETFs sem componente de acoes com lucros, como obrigacoes, ouro ou cash, ou quando o yfinance nao publica o campo para este fundo)"
2026-09-10T20:25:47.784513+00:00,EUNN,IE00B4L5YX21,EUNN.DE,yfinance,71.62999725341797,,,21.201352119803452,25.794660469039865,19.125860617319447,52.029025249982254,16.365890734612524,133.93205516062062,16.195004701863226,1.2425603034565464,-19.406088881082482,73.5,-2.5442214239211336,"max_drawdown_pct calculado sobre os ultimos 5 anos (historico mais longo disponivel); P/E nao disponivel para este activo (comum em ETFs sem componente de acoes com lucros, como obrigacoes, ouro ou cash, ou quando o yfinance nao publica o campo para este fundo)"
2026-09-10T20:25:47.784513+00:00,SP2Q,IE00BNGJJT35,SP2Q.DE,yfinance,62.90999984741211,,,13.066140434063733,16.84621038097871,10.105265152363666,50.935699104589524,14.955242725063004,,15.246693454446875,1.4662242762622852,-22.733365247141503,65.75,-4.319391867053824,"Ticker Yahoo a confirmar (SP2Q); cobertura directa pode nao existir. Fallback Twelve Data usa RSP (Invesco S&P 500 Equal Weight ETF, US) como PROXY do mesmo indice - nao e o mesmo fundo UCITS, serve apenas de aproximacao quando SP2Q nao tem dados.; historico insuficiente (<10 anos) para retorno/volatilidade a 10 anos; max_drawdown_pct calculado sobre os ultimos 5 anos (historico mais longo disponivel); P/E nao disponivel para este activo (comum em ETFs sem componente de acoes com lucros, como obrigacoes, ouro ou cash, ou quando o yfinance nao publica o campo para este fundo)"
2026-09-10T20:25:47.784513+00:00,IUSN,IE00BF4RFH31,IUSN.DE,yfinance,8.937999725341797,,,15.299276218755086,20.637060628728698,13.711079786770902,41.827985725453786,16.57387979309609,,18.173113712155086,1.3571094050642334,-24.315517984407485,9.32800006866455,-4.180964198669745,"historico insuficiente (<10 anos) para retorno/volatilidade a 10 anos; max_drawdown_pct calculado sobre os ultimos 5 anos (historico mais longo disponivel); P/E nao disponivel para este activo (comum em ETFs sem componente de acoes com lucros, como obrigacoes, ouro ou cash, ou quando o yfinance nao publica o campo para este fundo)"
2026-09-10T20:25:47.784513+00:00,XAIX,IE00BGV5VN51,XAIX.DE,yfinance,206.5500030517578,,,33.620132361948585,42.075936246014756,32.25321962319347,150.85014845538575,23.620393668050195,,22.949774869959278,1.2416221207479523,-33.0804754347501,220.3000030517578,-6.241488792339933,"historico insuficiente (<10 anos) para retorno/volatilidade a 10 anos; max_drawdown_pct calculado sobre os ultimos 5 anos (historico mais longo disponivel); P/E nao disponivel para este activo (comum em ETFs sem componente de acoes com lucros, como obrigacoes, ouro ou cash, ou quando o yfinance nao publica o campo para este fundo)"
2026-09-11T20:26:46.483091+00:00,XEON,LU0290358497,XEON.DE,yfinance,150.1840057373047,,,1.4037406365348115,2.0306384485597517,0.20114160371305015,10.91466865421773,0.25327992841954405,8.057707722252605,0.3942795718977767,,-0.5554193138013752,150.1840057373047,0.0,"max_drawdown_pct calculado sobre os ultimos 5 anos (historico mais longo disponivel); P/E nao disponivel para este activo (comum em ETFs sem componente de acoes com lucros, como obrigacoes, ouro ou cash, ou quando o yfinance nao publica o campo para este fundo); sharpe_1y nao aplicavel (instrumento usado como taxa livre de risco)"
2026-09-11T20:26:46.483091+00:00,FLXI,IE00BHZRQZ17,FLXI.DE,yfinance,34.92499923706055,,,-9.859336172753363,-7.520191178306623,14.728769999847884,16.397267835045138,15.918263155076422,,19.720243399525366,-0.6484471973535477,-24.761253985894637,39.790000915527344,-12.22669406013589,"Ticker a confirmar; alternativa FRIN.L (LSE).; historico insuficiente (<10 anos) para retorno/volatilidade a 10 anos; max_drawdown_pct calculado sobre os ultimos 5 anos (historico mais longo disponivel); P/E nao disponivel para este activo (comum em ETFs sem componente de acoes com lucros, como obrigacoes, ouro ou cash, ou quando o yfinance nao publica o campo para este fundo)"
2026-09-11T20:26:46.483091+00:00,4GLD,DE000A0S9GB0,4GLD.DE,yfinance,121.16000366210938,,,2.4868908907534237,21.6465918858324,25.82611322955105,148.41105503593008,16.7906235143489,219.3463575320617,14.655114643352347,0.7595395119242123,-22.489523413781864,145.49000549316406,-16.722799444940463,"max_drawdown_pct calculado sobre os ultimos 5 anos (historico mais longo disponivel); P/E nao disponivel para este activo (comum em ETFs sem componente de acoes com lucros, como obrigacoes, ouro ou cash, ou quando o yfinance nao publica o campo para este fundo)"
2026-09-11T20:26:46.483091+00:00,EMXC,LU2009202107,EMXC.DE,yfinance,41.75,,,37.7205979366408,56.45494036184946,31.962968601934566,86.21766216738268,19.383579356102505,,21.09747629308756,1.7027298869228207,-20.482849028545914,44.80500030517578,-6.818436077151135,"historico insuficiente (<10 anos) para retorno/volatilidade a 10 anos; max_drawdown_pct calculado sobre os ultimos 5 anos (historico mais longo disponivel); P/E nao disponivel para este activo (comum em ETFs sem componente de acoes com lucros, como obrigacoes, ouro ou cash, ou quando o yfinance nao publica o campo para este fundo)"
2026-09-11T20:26:46.483091+00:00,MEUD,LU0908500753,MEUD.PA,yfinance,315.29998779296875,17.722286,,9.734452555535288,18.38696492684111,12.730466186924371,,13.242544701848628,,13.242544701848628,1.2848175579839451,-16.179756870039707,325.20001220703125,-3.044287835930304,historico insuficiente (<5 anos) para retorno/volatilidade a 5 anos; historico insuficiente (<10 anos) para retorno/volatilidade a 10 anos
2026-09-11T20:26:46.483091+00:00,EUDF,IE0002Y8CX98,EUDF.DE,yfinance,30.5,31.950361,,-0.9257750489677807,-3.770309848021114,27.89144042229999,,29.52036079924092,,29.52036079924092,-0.20798310193914707,-19.505299274997235,35.375,-13.780918727915193,Ticker a confirmar; alternativa WDEF.L (LSE).; historico insuficiente (<5 anos) para retorno/volatilidade a 5 anos; historico insuficiente (<10 anos) para retorno/volatilidade a 10 anos
2026-09-11T20:26:46.483091+00:00,QDVE,IE00BJK9422,QDVE.DE,yfinance,44.744998931884766,,,25.423966051278725,32.538510534655394,22.384090593261707,167.10241625946315,23.240041081540276,843.9873648206831,21.994719166993907,1.3629265821180798,-29.82743631010617,46.0099983215332,-2.749401077583613,"max_drawdown_pct calculado sobre os ultimos 5 anos (historico mais longo disponivel); P/E nao disponivel para este activo (comum em ETFs sem componente de acoes com lucros, como obrigacoes, ouro ou cash, ou quando o yfinance nao publica o campo para este fundo)"
2026-09-11T20:26:46.483091+00:00,WEBN,IE0003XJA0J9,WEBN.DE,yfinance,12.871999740600586,,,14.908053261375564,20.841149308219077,24.26453855735892,,20.487593328533087,,20.487593328533087,0.7752263994303116,-21.21774843286368,13.076000213623047,-1.5601137174189206,"historico insuficiente (<5 anos) para retorno/volatilidade a 5 anos; historico insuficiente (<10 anos) para retorno/volatilidade a 10 anos; P/E nao disponivel para este activo (comum em ETFs sem componente de acoes com lucros, como obrigacoes, ouro ou cash, ou quando o yfinance nao publica o campo para este fundo)"
2026-09-11T20:26:46.483091+00:00,EUNN,IE00B4L5YX21,EUNN.DE,yfinance,73.12999725341797,,,23.739423251322723,27.390864209771017,19.12216316414686,55.21265706094245,16.36321629650413,141.0349271114959,16.19411232367979,1.3262215965587238,-19.406088881082482,73.5,-0.5034050973905191,"max_drawdown_pct calculado sobre os ultimos 5 anos (historico mais longo disponivel); P/E nao disponivel para este activo (comum em ETFs sem componente de acoes com lucros, como obrigacoes, ouro ou cash, ou quando o yfinance nao publica o campo para este fundo)"
2026-09-11T20:26:46.483091+00:00,SP2Q,IE00BNGJJT35,SP2Q.DE,yfinance,63.220001220703125,,,13.623296035594334,16.0212869761871,9.98278985528776,51.67946439014908,14.942059579158162,,15.234529574396369,1.4014768146418182,-22.733365247141503,65.75,-3.847906888664454,"Ticker Yahoo a confirmar (SP2Q); cobertura directa pode nao existir. Fallback Twelve Data usa RSP (Invesco S&P 500 Equal Weight ETF, US) como PROXY do mesmo indice - nao e o mesmo fundo UCITS, serve apenas de aproximacao quando SP2Q nao tem dados.; historico insuficiente (<10 anos) para retorno/volatilidade a 10 anos; max_drawdown_pct calculado sobre os ultimos 5 anos (historico mais longo disponivel); P/E nao disponivel para este activo (comum em ETFs sem componente de acoes com lucros, como obrigacoes, ouro ou cash, ou quando o yfinance nao publica o campo para este fundo)"
2026-09-11T20:26:46.483091+00:00,IUSN,IE00BF4RFH31,IUSN.DE,yfinance,8.998000144958496,,,16.073275454290137,20.02134032261973,13.557522520611881,42.78007108217974,16.550266360175325,,18.15948571504317,1.3269903735515252,-24.315517984407485,9.32800006866455,-3.537735005112397,"historico insuficiente (<10 anos) para retorno/volatilidade a 10 anos; max_drawdown_pct calculado sobre os ultimos 5 anos (historico mais longo disponivel); P/E nao disponivel para este activo (comum em ETFs sem componente de acoes com lucros, como obrigacoes, ouro ou cash, ou quando o yfinance nao publica o campo para este fundo)"
2026-09-11T20:26:46.483091+00:00,XAIX,IE00BGV5VN51,XAIX.DE,yfinance,208.9499969482422,,,35.17272252112544,43.66748723922935,32.23392068570453,153.76488491788902,23.60665078701667,,22.940784060584583,1.2917091034828783,-33.0804754347501,220.3000030517578,-5.152068064587834,"historico insuficiente (<10 anos) para retorno/volatilidade a 10 anos; max_drawdown_pct calculado sobre os ultimos 5 anos (historico mais longo disponivel); P/E nao disponivel para este activo (comum em ETFs sem componente de acoes com lucros, como obrigacoes, ouro ou cash, ou quando o yfinance nao publica o campo para este fundo)"
2026-09-14T21:29:10.853462+00:00,XEON,LU0290358497,XEON.DE,yfinance,150.16700744628906,,,1.3922634470368456,2.015632173613513,0.2016226937082531,10.91850170936539,0.25329153083676587,8.04936829950793,0.3943563098891472,,-0.5502748500252008,150.1840057373047,-0.011318309784169589,"max_drawdown_pct calculado sobre os ultimos 5 anos (historico mais longo disponivel); P/E nao disponivel para este activo (comum em ETFs sem componente de acoes com lucros, como obrigacoes, ouro ou cash, ou quando o yfinance nao publica o campo para este fundo); sharpe_1y nao aplicavel (instrumento usado como taxa livre de risco)"
2026-09-14T21:29:10.853462+00:00,FLXI,IE00BHZRQZ17,FLXI.DE,yfinance,34.9900016784668,,,-9.691566284514296,-7.470572658561125,14.72639970741959,15.269320395743268,15.914653605411852,,19.709245691812093,-0.6441632049003269,-24.761253985894637,39.790000915527344,-12.06333030062191,"Ticker a confirmar; alternativa FRIN.L (LSE).; historico insuficiente (<10 anos) para retorno/volatilidade a 10 anos; max_drawdown_pct calculado sobre os ultimos 5 anos (historico mais longo disponivel); P/E nao disponivel para este activo (comum em ETFs sem componente de acoes com lucros, como obrigacoes, ouro ou cash, ou quando o yfinance nao publica o campo para este fundo)"
2026-09-14T21:29:10.853462+00:00,4GLD,DE000A0S9GB0,4GLD.DE,yfinance,119.58000183105469,,,1.1503980682698423,19.49635474740543,25.868110117902827,145.0208993881039,16.799176736431807,216.60047757948826,14.664770924643278,0.6757634204477057,-22.489523413781864,145.49000549316406,-17.808785953566254,"max_drawdown_pct calculado sobre os ultimos 5 anos (historico mais longo disponivel); P/E nao disponivel para este activo (comum em ETFs sem componente de acoes com lucros, como obrigacoes, ouro ou cash, ou quando o yfinance nao publica o campo para este fundo)"
2026-09-14T21:29:10.853462+00:00,EMXC,LU2009202107,EMXC.DE,yfinance,40.45500183105469,,,33.44879141798203,51.233651704877325,32.2202841714792,79.87995661523892,19.462217513283935,,21.13613889777356,1.5275476550523628,-20.482849028545914,44.80500030517578,-9.708734392349939,"historico insuficiente (<10 anos) para retorno/volatilidade a 10 anos; max_drawdown_pct calculado sobre os ultimos 5 anos (historico mais longo disponivel); P/E nao disponivel para este activo (comum em ETFs sem componente de acoes com lucros, como obrigacoes, ouro ou cash, ou quando o yfinance nao publica o campo para este fundo)"
2026-09-14T21:29:10.853462+00:00,MEUD,LU0908500753,MEUD.PA,yfinance,313.6499938964844,17.629545,,9.160202051378686,17.84707912429053,12.76635713296172,,13.237747212306287,,13.237747212306287,1.2400911854331162,-16.179756870039707,325.20001220703125,-3.5516660138357636,historico insuficiente (<5 anos) para retorno/volatilidade a 5 anos; historico insuficiente (<10 anos) para retorno/volatilidade a 10 anos
2026-09-14T21:29:10.853462+00:00,EUDF,IE0002Y8CX98,EUDF.DE,yfinance,30.479999542236328,31.929409,,-0.9907432408235661,-4.660618714795417,27.78425331620593,,29.44333261148955,,29.44333261148955,-0.2402890159554809,-19.505299274997235,35.375,-13.837457124420272,Ticker a confirmar; alternativa WDEF.L (LSE).; historico insuficiente (<5 anos) para retorno/volatilidade a 5 anos; historico insuficiente (<10 anos) para retorno/volatilidade a 10 anos
2026-09-14T21:29:10.853462+00:00,QDVE,IE00BJK9422,QDVE.DE,yfinance,44.13999938964844,,,23.728101846163806,30.37955984781775,22.46039750486688,165.1688071153294,23.252731464456485,807.1105178357277,22.001127211224254,1.2628417492637045,-29.82743631010617,46.0099983215332,-4.064331667253251,"max_drawdown_pct calculado sobre os ultimos 5 anos (historico mais longo disponivel); P/E nao disponivel para este activo (comum em ETFs sem componente de acoes com lucros, como obrigacoes, ouro ou cash, ou quando o yfinance nao publica o campo para este fundo)"
2026-09-14T21:29:10.853462+00:00,WEBN,IE0003XJA0J9,WEBN.DE,yfinance,12.815999984741211,,,14.40814469560574,20.247701200181865,24.292531633302033,,20.465051237524506,,20.465051237524506,0.750521571888146,-21.21774843286368,13.076000213623047,-1.9883773679581163,"historico insuficiente (<5 anos) para retorno/volatilidade a 5 anos; historico insuficiente (<10 anos) para retorno/volatilidade a 10 anos; P/E nao disponivel para este activo (comum em ETFs sem componente de acoes com lucros, como obrigacoes, ouro ou cash, ou quando o yfinance nao publica o campo para este fundo)"
2026-09-14T21:29:10.853462+00:00,EUNN,IE00B4L5YX21,EUNN.DE,yfinance,72.91000366210938,,,23.36718366250965,27.88536156453705,19.17617424122269,53.76342650032397,16.37960909365819,140.7860039919521,16.201341605565418,1.349055816113301,-19.406088881082482,73.5,-0.8027161059736443,"max_drawdown_pct calculado sobre os ultimos 5 anos (historico mais longo disponivel); P/E nao disponivel para este activo (comum em ETFs sem componente de acoes com lucros, como obrigacoes, ouro ou cash, ou quando o yfinance nao publica o campo para este fundo)"
2026-09-14T21:29:10.853462+00:00,SP2Q,IE00BNGJJT35,SP2Q.DE,yfinance,63.5099983215332,,,14.144498594924393,16.660543577556886,9.991090483775372,52.796825261345546,14.943949646789893,,15.226957357998128,1.4657970946940564,-22.733365247141503,65.75,-3.406846659265095,"Ticker Yahoo a confirmar (SP2Q); cobertura directa pode nao existir. Fallback Twelve Data usa RSP (Invesco S&P 500 Equal Weight ETF, US) como PROXY do mesmo indice - nao e o mesmo fundo UCITS, serve apenas de aproximacao quando SP2Q nao tem dados.; historico insuficiente (<10 anos) para retorno/volatilidade a 10 anos; max_drawdown_pct calculado sobre os ultimos 5 anos (historico mais longo disponivel); P/E nao disponivel para este activo (comum em ETFs sem componente de acoes com lucros, como obrigacoes, ouro ou cash, ou quando o yfinance nao publica o campo para este fundo)"
2026-09-14T21:29:10.853462+00:00,IUSN,IE00BF4RFH31,IUSN.DE,yfinance,8.987000465393066,,,15.931380720400568,20.32401433435471,13.59506891470037,43.10509817112455,16.55630458870737,,18.15486680080155,1.3466928542704417,-24.315517984407485,9.32800006866455,-3.655656097355753,"historico insuficiente (<10 anos) para retorno/volatilidade a 10 anos; max_drawdown_pct calculado sobre os ultimos 5 anos (historico mais longo disponivel); P/E nao disponivel para este activo (comum em ETFs sem componente de acoes com lucros, como obrigacoes, ouro ou cash, ou quando o yfinance nao publica o campo para este fundo)"
2026-09-14T21:29:10.853462+00:00,XAIX,IE00BGV5VN51,XAIX.DE,yfinance,209.0500030517578,,,35.237417890727606,44.31175077381526,32.26249909221945,155.71865816728786,23.615362709405556,,22.935120313471693,1.3109994510748253,-33.0804754347501,220.3000030517578,-5.106672648278132,"historico insuficiente (<10 anos) para retorno/volatilidade a 10 anos; max_drawdown_pct calculado sobre os ultimos 5 anos (historico mais longo disponivel); P/E nao disponivel para este activo (comum em ETFs sem componente de acoes com lucros, como obrigacoes, ouro ou cash, ou quando o yfinance nao publica o campo para este fundo)"
2026-09-15T20:52:31.309652+00:00,XEON,LU0290358497,XEON.DE,yfinance,150.19500732421875,,,1.4111688713894344,2.0339557570697053,0.2006967638668381,10.939996118354568,0.2532121480680002,8.069514996004145,0.39440346133380166,,-0.5502748500252008,150.19500732421875,0.0,"max_drawdown_pct calculado sobre os ultimos 5 anos (historico mais longo disponivel); P/E nao disponivel para este activo (comum em ETFs sem componente de acoes com lucros, como obrigacoes, ouro ou cash, ou quando o yfinance nao publica o campo para este fundo); sharpe_1y nao aplicavel (instrumento usado como taxa livre de risco)"
2026-09-15T20:52:31.309652+00:00,FLXI,IE00BHZRQZ17,FLXI.DE,yfinance,34.58000183105469,,,-10.749766978061626,-8.506406915326338,14.756376151978086,13.080451004997462,15.92373358626274,,19.71279598127733,-0.7142920838991429,-24.761253985894637,39.790000915527344,-13.093739544096227,"Ticker a confirmar; alternativa FRIN.L (LSE).; historico insuficiente (<10 anos) para retorno/volatilidade a 10 anos; max_drawdown_pct calculado sobre os ultimos 5 anos (historico mais longo disponivel); P/E nao disponivel para este activo (comum em ETFs sem componente de acoes com lucros, como obrigacoes, ouro ou cash, ou quando o yfinance nao publica o campo para este fundo)"
2026-09-15T20:52:31.309652+00:00,4GLD,DE000A0S9GB0,4GLD.DE,yfinance,119.37000274658203,,,0.9727639265812549,19.072321941727722,25.878104760674645,148.72895754368852,16.790894507596253,216.04448318730527,14.669335465887057,0.6584085790760908,-22.489523413781864,145.49000549316406,-17.953125136014446,"max_drawdown_pct calculado sobre os ultimos 5 anos (historico mais longo disponivel); P/E nao disponivel para este activo (comum em ETFs sem componente de acoes com lucros, como obrigacoes, ouro ou cash, ou quando o yfinance nao publica o campo para este fundo)"
2026-09-15T20:52:31.309652+00:00,EMXC,LU2009202107,EMXC.DE,yfinance,40.244998931884766,,,32.75605549362013,50.05592613653658,32.27588833313413,79.22511275271734,19.487112125956703,,21.14723091612711,1.4878589826501527,-20.482849028545914,44.80500030517578,-10.17743854978671,"historico insuficiente (<10 anos) para retorno/volatilidade a 10 anos; max_drawdown_pct calculado sobre os ultimos 5 anos (historico mais longo disponivel); P/E nao disponivel para este activo (comum em ETFs sem componente de acoes com lucros, como obrigacoes, ouro ou cash, ou quando o yfinance nao publica o campo para este fundo)"
2026-09-15T20:52:31.309652+00:00,MEUD,LU0908500753,MEUD.PA,yfinance,312.6499938964844,17.573338,,8.812170155393995,16.95283342707523,12.784838486849745,,13.24454613672795,,13.24454613672795,1.1669195262302934,-16.179756870039707,325.20001220703125,-3.8591690773237652,historico insuficiente (<5 anos) para retorno/volatilidade a 5 anos; historico insuficiente (<10 anos) para retorno/volatilidade a 10 anos
2026-09-15T20:52:31.309652+00:00,EUDF,IE0002Y8CX98,EUDF.DE,yfinance,30.985000610351562,32.458424,,0.649669527142338,-5.2301547650522195,27.830379332299177,,29.468603487998056,,29.468603487998056,-0.261013708630676,-19.505299274997235,35.375,-12.40989226755742,Ticker a confirmar; alternativa WDEF.L (LSE).; historico insuficiente (<5 anos) para retorno/volatilidade a 5 anos; historico insuficiente (<10 anos) para retorno/volatilidade a 10 anos
2026-09-15T20:52:31.309652+00:00,QDVE,IE00BJK9422,QDVE.DE,yfinance,43.92499923706055,,,23.125438476336633,29.76366681564835,22.497338106183644,162.74074742554149,23.268270764949353,802.6921013779672,22.00888435962436,1.232577424391236,-29.82743631010617,46.0099983215332,-4.531621735567104,"max_drawdown_pct calculado sobre os ultimos 5 anos (historico mais longo disponivel); P/E nao disponivel para este activo (comum em ETFs sem componente de acoes com lucros, como obrigacoes, ouro ou cash, ou quando o yfinance nao publica o campo para este fundo)"
2026-09-15T20:52:31.309652+00:00,WEBN,IE0003XJA0J9,WEBN.DE,yfinance,12.751999855041504,,,13.836816971827703,19.445487854542698,24.308348866946126,,20.473368205860417,,20.473368205860417,0.7162778596266055,-21.21774843286368,13.076000213623047,-2.4778246657107594,"historico insuficiente (<5 anos) para retorno/volatilidade a 5 anos; historico insuficiente (<10 anos) para retorno/volatilidade a 10 anos; P/E nao disponivel para este activo (comum em ETFs sem componente de acoes com lucros, como obrigacoes, ouro ou cash, ou quando o yfinance nao publica o campo para este fundo)"
2026-09-15T20:52:31.309652+00:00,EUNN,IE00B4L5YX21,EUNN.DE,yfinance,72.3499984741211,,,22.41962832842026,26.375543186237714,19.20792171102412,51.836298336375755,16.39152312922646,138.93658135229123,16.207204212867786,1.2672681508899264,-19.406088881082482,73.5,-1.564627926365858,"max_drawdown_pct calculado sobre os ultimos 5 anos (historico mais longo disponivel); P/E nao disponivel para este activo (comum em ETFs sem componente de acoes com lucros, como obrigacoes, ouro ou cash, ou quando o yfinance nao publica o campo para este fundo)"
2026-09-15T20:52:31.309652+00:00,SP2Q,IE00BNGJJT35,SP2Q.DE,yfinance,63.33000183105469,,,13.820996631493387,16.974515229055175,9.983846749954143,51.706799500438684,14.947742969026889,,15.22604124058565,1.4964732378383205,-22.733365247141503,65.75,-3.6806055801449578,"Ticker Yahoo a confirmar (SP2Q); cobertura directa pode nao existir. Fallback Twelve Data usa RSP (Invesco S&P 500 Equal Weight ETF, US) como PROXY do mesmo indice - nao e o mesmo fundo UCITS, serve apenas de aproximacao quando SP2Q nao tem dados.; historico insuficiente (<10 anos) para retorno/volatilidade a 10 anos; max_drawdown_pct calculado sobre os ultimos 5 anos (historico mais longo disponivel); P/E nao disponivel para este activo (comum em ETFs sem componente de acoes com lucros, como obrigacoes, ouro ou cash, ou quando o yfinance nao publica o campo para este fundo)"
2026-09-15T20:52:31.309652+00:00,IUSN,IE00BF4RFH31,IUSN.DE,yfinance,8.923999786376953,,,15.118678447513645,19.496516656002537,13.623636265981757,41.51600788255803,16.56620107489516,,18.157217222750948,1.2817841402986423,-24.315517984407485,9.32800006866455,-4.331049306536261,"historico insuficiente (<10 anos) para retorno/volatilidade a 10 anos; max_drawdown_pct calculado sobre os ultimos 5 anos (historico mais longo disponivel); P/E nao disponivel para este activo (comum em ETFs sem componente de acoes com lucros, como obrigacoes, ouro ou cash, ou quando o yfinance nao publica o campo para este fundo)"
2026-09-15T20:52:31.309652+00:00,XAIX,IE00BGV5VN51,XAIX.DE,yfinance,209.3000030517578,,,35.39914644360551,43.86857932257813,32.262284909983165,154.28260145769545,23.623167700399573,,22.935133253382784,1.2967036799232783,-33.0804754347501,220.3000030517578,-4.9931910338719465,"historico insuficiente (<10 anos) para retorno/volatilidade a 10 anos; max_drawdown_pct calculado sobre os ultimos 5 anos (historico mais longo disponivel); P/E nao disponivel para este activo (comum em ETFs sem componente de acoes com lucros, como obrigacoes, ouro ou cash, ou quando o yfinance nao publica o campo para este fundo)"
2026-09-16T20:52:47.337684+00:00,XEON,LU0290358497,XEON.DE,yfinance,150.1999969482422,,,1.414537848917119,2.0262617805345107,0.20209088624711177,10.945319724831904,0.25339862137971586,8.073105170257143,0.39439449478807553,,-0.5502748500252008,150.1999969482422,0.0,"max_drawdown_pct calculado sobre os ultimos 5 anos (historico mais longo disponivel); P/E nao disponivel para este activo (comum em ETFs sem componente de acoes com lucros, como obrigacoes, ouro ou cash, ou quando o yfinance nao publica o campo para este fundo); sharpe_1y nao aplicavel (instrumento usado como taxa livre de risco)"
2026-09-16T20:52:47.337684+00:00,FLXI,IE00BHZRQZ17,FLXI.DE,yfinance,34.709999084472656,,,-10.414246892884938,-8.138152111571495,14.74687088431414,14.990888516118117,15.911130294926416,,19.706285390379605,-0.6892590280232009,-24.761253985894637,39.790000915527344,-12.76703119921846,"Ticker a confirmar; alternativa FRIN.L (LSE).; historico insuficiente (<10 anos) para retorno/volatilidade a 10 anos; max_drawdown_pct calculado sobre os ultimos 5 anos (historico mais longo disponivel); P/E nao disponivel para este activo (comum em ETFs sem componente de acoes com lucros, como obrigacoes, ouro ou cash, ou quando o yfinance nao publica o campo para este fundo)"
2026-09-16T20:52:47.337684+00:00,4GLD,DE000A0S9GB0,4GLD.DE,yfinance,121.20999908447266,,,2.5291810462660713,21.216056558002137,25.89766505916519,152.14262486285674,16.79760327113756,220.9160646424027,14.67059323816039,0.7409855187186597,-22.489523413781864,145.49000549316406,-16.688435969460613,"max_drawdown_pct calculado sobre os ultimos 5 anos (historico mais longo disponivel); P/E nao disponivel para este activo (comum em ETFs sem componente de acoes com lucros, como obrigacoes, ouro ou cash, ou quando o yfinance nao publica o campo para este fundo)"
2026-09-16T20:52:47.337684+00:00,EMXC,LU2009202107,EMXC.DE,yfinance,40.84000015258789,,,34.718784209506715,52.444937502474076,32.228052694570536,83.01590488540225,19.4714151961711,,21.13304236833066,1.5644344447293772,-20.482849028545914,44.80500030517578,-8.849459046047281,"historico insuficiente (<10 anos) para retorno/volatilidade a 10 anos; max_drawdown_pct calculado sobre os ultimos 5 anos (historico mais longo disponivel); P/E nao disponivel para este activo (comum em ETFs sem componente de acoes com lucros, como obrigacoes, ouro ou cash, ou quando o yfinance nao publica o campo para este fundo)"
2026-09-16T20:52:47.337684+00:00,MEUD,LU0908500753,MEUD.PA,yfinance,314.1499938964844,17.657648,,9.33421799937102,18.88363061361755,12.70840137230971,,13.227796465550002,,13.227796465550002,1.3264743801540215,-16.179756870039707,325.20001220703125,-3.3979144820917573,historico insuficiente (<5 anos) para retorno/volatilidade a 5 anos; historico insuficiente (<10 anos) para retorno/volatilidade a 10 anos
2026-09-16T20:52:47.337684+00:00,EUDF,IE0002Y8CX98,EUDF.DE,yfinance,31.2549991607666,32.74126,,1.5267153343643924,-2.5868784397370503,27.838725812965535,,29.472563122936908,,29.472563122936908,-0.16570945995391242,-19.505299274997235,35.375,-11.646645481931872,Ticker a confirmar; alternativa WDEF.L (LSE).; historico insuficiente (<5 anos) para retorno/volatilidade a 5 anos; historico insuficiente (<10 anos) para retorno/volatilidade a 10 anos
2026-09-16T20:52:47.337684+00:00,QDVE,IE00BJK9422,QDVE.DE,yfinance,44.290000915527344,,,24.148568641081305,31.600066920141057,22.45064978587389,165.97405584412434,23.26066176903113,810.1931631392542,22.001007350374817,1.3172805874961622,-29.82743631010617,46.0099983215332,-3.738312255492693,"max_drawdown_pct calculado sobre os ultimos 5 anos (historico mais longo disponivel); P/E nao disponivel para este activo (comum em ETFs sem componente de acoes com lucros, como obrigacoes, ouro ou cash, ou quando o yfinance nao publica o campo para este fundo)"
2026-09-16T20:52:47.337684+00:00,WEBN,IE0003XJA0J9,WEBN.DE,yfinance,12.826000213623047,,,14.49741651475871,20.977173434243035,24.27994167639689,,20.446373859153105,,20.446373859153105,0.7805171818897388,-21.21774843286368,13.076000213623047,-1.9118996322708859,"historico insuficiente (<5 anos) para retorno/volatilidade a 5 anos; historico insuficiente (<10 anos) para retorno/volatilidade a 10 anos; P/E nao disponivel para este activo (comum em ETFs sem componente de acoes com lucros, como obrigacoes, ouro ou cash, ou quando o yfinance nao publica o campo para este fundo)"
2026-09-16T20:52:47.337684+00:00,EUNN,IE00B4L5YX21,EUNN.DE,yfinance,73.25,,,23.942473589191305,28.87051337677551,19.16173381857213,54.08077111768701,16.385485866449205,141.90884524089756,16.201167348336305,1.4009302002840025,-19.21960635598844,73.5,-0.3401360544217691,"max_drawdown_pct calculado sobre os ultimos 5 anos (historico mais longo disponivel); P/E nao disponivel para este activo (comum em ETFs sem componente de acoes com lucros, como obrigacoes, ouro ou cash, ou quando o yfinance nao publica o campo para este fundo)"
2026-09-16T20:52:47.337684+00:00,SP2Q,IE00BNGJJT35,SP2Q.DE,yfinance,63.43000030517578,,,14.000720706292169,18.649460141122386,9.903818196744476,52.36607897605208,14.948324874020733,,15.221631835357302,1.6784636016493268,-22.733365247141503,65.75,-3.528516646120483,"Ticker Yahoo a confirmar (SP2Q); cobertura directa pode nao existir. Fallback Twelve Data usa RSP (Invesco S&P 500 Equal Weight ETF, US) como PROXY do mesmo indice - nao e o mesmo fundo UCITS, serve apenas de aproximacao quando SP2Q nao tem dados.; historico insuficiente (<10 anos) para retorno/volatilidade a 10 anos; max_drawdown_pct calculado sobre os ultimos 5 anos (historico mais longo disponivel); P/E nao disponivel para este activo (comum em ETFs sem componente de acoes com lucros, como obrigacoes, ouro ou cash, ou quando o yfinance nao publica o campo para este fundo)"
2026-09-16T20:52:47.337684+00:00,IUSN,IE00BF4RFH31,IUSN.DE,yfinance,8.994999885559082,,,16.034572416938243,21.866953453755222,13.537235147383372,43.0047685232285,16.56148258367299,,18.150605781079072,1.465638400841086,-24.315517984407485,9.32800006866455,-3.5698990207355674,"historico insuficiente (<10 anos) para retorno/volatilidade a 10 anos; max_drawdown_pct calculado sobre os ultimos 5 anos (historico mais longo disponivel); P/E nao disponivel para este activo (comum em ETFs sem componente de acoes com lucros, como obrigacoes, ouro ou cash, ou quando o yfinance nao publica o campo para este fundo)"
2026-09-16T20:52:47.337684+00:00,XAIX,IE00BGV5VN51,XAIX.DE,yfinance,210.8000030517578,,,36.36951776087292,45.56000026973137,32.26348374693244,156.72878027622664,23.62507012990915,,22.930776488953224,1.3493192127256244,-33.0804754347501,220.3000030517578,-4.312301347434866,"historico insuficiente (<10 anos) para retorno/volatilidade a 10 anos; max_drawdown_pct calculado sobre os ultimos 5 anos (historico mais longo disponivel); P/E nao disponivel para este activo (comum em ETFs sem componente de acoes com lucros, como obrigacoes, ouro ou cash, ou quando o yfinance nao publica o campo para este fundo)"
2026-09-17T20:57:21.500715+00:00,XEON,LU0290358497,XEON.DE,yfinance,150.22000122070312,,,1.4280446670785762,2.0516333798042297,0.20112049550145694,10.960095892935339,0.25333296735119915,8.092162761588973,0.39432556545573344,,-0.5502748500252008,150.22000122070312,0.0,"max_drawdown_pct calculado sobre os ultimos 5 anos (historico mais longo disponivel); P/E nao disponivel para este activo (comum em ETFs sem componente de acoes com lucros, como obrigacoes, ouro ou cash, ou quando o yfinance nao publica o campo para este fundo); sharpe_1y nao aplicavel (instrumento usado como taxa livre de risco)"
2026-09-17T20:57:21.500715+00:00,FLXI,IE00BHZRQZ17,FLXI.DE,yfinance,35.099998474121094,,,-9.407666946053418,-7.789308444917287,14.831294902843286,16.28291898339864,15.924199228897582,,19.711100235004213,-0.663525463500488,-24.761253985894637,39.790000915527344,-11.786886990434976,"Ticker a confirmar; alternativa FRIN.L (LSE).; historico insuficiente (<10 anos) para retorno/volatilidade a 10 anos; max_drawdown_pct calculado sobre os ultimos 5 anos (historico mais longo disponivel); P/E nao disponivel para este activo (comum em ETFs sem componente de acoes com lucros, como obrigacoes, ouro ou cash, ou quando o yfinance nao publica o campo para este fundo)"
2026-09-17T20:57:21.500715+00:00,4GLD,DE000A0S9GB0,4GLD.DE,yfinance,122.16000366210938,,,3.332771443683824,22.062351545844283,25.965914304057524,154.11883680614795,16.817330582476732,223.0037140344751,14.679750344833794,0.7706533238813436,-22.489523413781864,145.49000549316406,-16.03546700817938,"max_drawdown_pct calculado sobre os ultimos 5 anos (historico mais longo disponivel); P/E nao disponivel para este activo (comum em ETFs sem componente de acoes com lucros, como obrigacoes, ouro ou cash, ou quando o yfinance nao publica o campo para este fundo)"
2026-09-17T20:57:21.500715+00:00,EMXC,LU2009202107,EMXC.DE,yfinance,41.45000076293945,,,36.73099136637696,54.00334145642487,32.348373418436324,85.74949482827752,19.49513694591921,,21.153810243940583,1.606006812293436,-20.482849028545914,44.80500030517578,-7.488002498347857,"historico insuficiente (<10 anos) para retorno/volatilidade a 10 anos; max_drawdown_pct calculado sobre os ultimos 5 anos (historico mais longo disponivel); P/E nao disponivel para este activo (comum em ETFs sem componente de acoes com lucros, como obrigacoes, ouro ou cash, ou quando o yfinance nao publica o campo para este fundo)"
2026-09-17T20:57:21.500715+00:00,MEUD,LU0908500753,MEUD.PA,yfinance,317.1499938964844,17.826271,,10.378313687325068,20.04162726834422,12.786691900905614,,13.247373662843856,,13.247373662843856,1.406931052062485,-16.179756870039707,325.20001220703125,-2.4754052916277303,historico insuficiente (<5 anos) para retorno/volatilidade a 5 anos; historico insuficiente (<10 anos) para retorno/volatilidade a 10 anos
2026-09-17T20:57:21.500715+00:00,EUDF,IE0002Y8CX98,EUDF.DE,yfinance,31.510000228881836,33.00839,,2.3550442912562586,-0.47378275190527175,27.791031165649073,,29.423383969629853,,29.423383969629853,-0.09087162389393547,-19.505299274997235,35.375,-10.925794405987743,Ticker a confirmar; alternativa WDEF.L (LSE).; historico insuficiente (<5 anos) para retorno/volatilidade a 5 anos; historico insuficiente (<10 anos) para retorno/volatilidade a 10 anos
2026-09-17T20:57:21.500715+00:00,QDVE,IE00BJK9422,QDVE.DE,yfinance,45.05500030517578,,,26.292925770747978,35.4223014284992,22.55645224125214,170.5680948185453,23.27087185062725,821.9357383150506,22.01114879671691,1.4794289319871574,-29.82743631010617,46.0099983215332,-2.0756314957535493,"max_drawdown_pct calculado sobre os ultimos 5 anos (historico mais longo disponivel); P/E nao disponivel para este activo (comum em ETFs sem componente de acoes com lucros, como obrigacoes, ouro ou cash, ou quando o yfinance nao publica o campo para este fundo)"
2026-09-17T20:57:21.500715+00:00,WEBN,IE0003XJA0J9,WEBN.DE,yfinance,12.923999786376953,,,15.372256504855898,22.016614209477204,24.31933893227369,,20.449894344700283,,20.449894344700283,0.8209508031971158,-21.21774843286368,13.076000213623047,-1.1624382438273018,"historico insuficiente (<5 anos) para retorno/volatilidade a 5 anos; historico insuficiente (<10 anos) para retorno/volatilidade a 10 anos; P/E nao disponivel para este activo (comum em ETFs sem componente de acoes com lucros, como obrigacoes, ouro ou cash, ou quando o yfinance nao publica o campo para este fundo)"
2026-09-17T20:57:21.500715+00:00,EUNN,IE00B4L5YX21,EUNN.DE,yfinance,73.55000305175781,,,24.450092979214098,29.22552986597755,19.241901341592833,54.71182506379628,16.39092457560527,141.622870438083,16.207451712711794,1.4122251228590845,-19.090259333345816,73.55000305175781,0.0,"max_drawdown_pct calculado sobre os ultimos 5 anos (historico mais longo disponivel); P/E nao disponivel para este activo (comum em ETFs sem componente de acoes com lucros, como obrigacoes, ouro ou cash, ou quando o yfinance nao publica o campo para este fundo)"
2026-09-17T20:57:21.500715+00:00,SP2Q,IE00BNGJJT35,SP2Q.DE,yfinance,63.56999969482422,,,14.252337153424044,18.09399504450786,9.893307514864462,52.702373441717285,14.92739376762963,,15.217263742217204,1.6215367449763751,-22.733365247141503,65.75,-3.315589817757847,"Ticker Yahoo a confirmar (SP2Q); cobertura directa pode nao existir. Fallback Twelve Data usa RSP (Invesco S&P 500 Equal Weight ETF, US) como PROXY do mesmo indice - nao e o mesmo fundo UCITS, serve apenas de aproximacao quando SP2Q nao tem dados.; historico insuficiente (<10 anos) para retorno/volatilidade a 10 anos; max_drawdown_pct calculado sobre os ultimos 5 anos (historico mais longo disponivel); P/E nao disponivel para este activo (comum em ETFs sem componente de acoes com lucros, como obrigacoes, ouro ou cash, ou quando o yfinance nao publica o campo para este fundo)"
2026-09-17T20:57:21.500715+00:00,IUSN,IE00BF4RFH31,IUSN.DE,yfinance,9.04699993133545,,,16.70536765363513,21.69760442246258,13.607664587621048,43.8314783180096,16.552912021963685,,18.1539591998032,1.4437430402664668,-24.315517984407485,9.32800006866455,-3.0124371275796036,"historico insuficiente (<10 anos) para retorno/volatilidade a 10 anos; max_drawdown_pct calculado sobre os ultimos 5 anos (historico mais longo disponivel); P/E nao disponivel para este activo (comum em ETFs sem componente de acoes com lucros, como obrigacoes, ouro ou cash, ou quando o yfinance nao publica o campo para este fundo)"
2026-09-17T20:57:21.500715+00:00,XAIX,IE00BGV5VN51,XAIX.DE,yfinance,214.25,,,38.601369816362485,48.02403749398698,32.33080000016244,160.93045720059297,23.623392378939815,,22.937977414924745,1.4219383409613053,-33.0804754347501,220.3000030517578,-2.746256453903184,"historico insuficiente (<10 anos) para retorno/volatilidade a 10 anos; max_drawdown_pct calculado sobre os ultimos 5 anos (historico mais longo disponivel); P/E nao disponivel para este activo (comum em ETFs sem componente de acoes com lucros, como obrigacoes, ouro ou cash, ou quando o yfinance nao publica o campo para este fundo)"
2026-09-18T20:24:34.826392+00:00,XEON,LU0290358497,XEON.DE,yfinance,150.2259979248047,,,1.4320936217219415,2.055707227783765,0.20104401942265698,10.964525362092203,0.2532472067900265,8.098032548174515,0.39432536177597816,,-0.5502748500252008,150.2259979248047,0.0,"max_drawdown_pct calculado sobre os ultimos 5 anos (historico mais longo disponivel); P/E nao disponivel para este activo (comum em ETFs sem componente de acoes com lucros, como obrigacoes, ouro ou cash, ou quando o yfinance nao publica o campo para este fundo); sharpe_1y nao aplicavel (instrumento usado como taxa livre de risco)"
2026-09-18T20:24:34.826392+00:00,FLXI,IE00BHZRQZ17,FLXI.DE,yfinance,35.13999938964844,,,-9.304425452621789,-7.672101624493688,14.811544825024148,16.4154381692031,15.914258150620695,,19.70366365315876,-0.6567720630897522,-24.761253985894637,39.790000915527344,-11.68635692105331,"Ticker a confirmar; alternativa FRIN.L (LSE).; historico insuficiente (<10 anos) para retorno/volatilidade a 10 anos; max_drawdown_pct calculado sobre os ultimos 5 anos (historico mais longo disponivel); P/E nao disponivel para este activo (comum em ETFs sem componente de acoes com lucros, como obrigacoes, ouro ou cash, ou quando o yfinance nao publica o campo para este fundo)"
2026-09-18T20:24:34.826392+00:00,4GLD,DE000A0S9GB0,4GLD.DE,yfinance,122.16999816894531,,,3.3412256026524645,22.956921717467615,25.905186836269817,154.13962750994185,16.796226355945468,222.26325154492218,14.6713109790368,0.8068351184566671,-22.489523413781864,145.49000549316406,-16.028597459441606,"max_drawdown_pct calculado sobre os ultimos 5 anos (historico mais longo disponivel); P/E nao disponivel para este activo (comum em ETFs sem componente de acoes com lucros, como obrigacoes, ouro ou cash, ou quando o yfinance nao publica o campo para este fundo)"
2026-09-18T20:24:34.826392+00:00,EMXC,LU2009202107,EMXC.DE,yfinance,41.220001220703125,,,35.972292576390366,52.21566224828087,32.257363254191965,84.71880006362673,19.457720008043722,,21.129108830442814,1.5549924098020824,-20.482849028545914,44.80500030517578,-8.001337038398649,"historico insuficiente (<10 anos) para retorno/volatilidade a 10 anos; max_drawdown_pct calculado sobre os ultimos 5 anos (historico mais longo disponivel); P/E nao disponivel para este activo (comum em ETFs sem componente de acoes com lucros, como obrigacoes, ouro ou cash, ou quando o yfinance nao publica o campo para este fundo)"
2026-09-18T20:24:34.826392+00:00,MEUD,LU0908500753,MEUD.PA,yfinance,313.3999938964844,17.615492,,9.073194077382496,17.70008143140478,12.704016337979402,,13.213388968917064,,13.213388968917064,1.2314510456705916,-16.179756870039707,325.20001220703125,-3.6285417797077613,historico insuficiente (<5 anos) para retorno/volatilidade a 5 anos; historico insuficiente (<10 anos) para retorno/volatilidade a 10 anos
2026-09-18T20:24:34.826392+00:00,EUDF,IE0002Y8CX98,EUDF.DE,yfinance,31.21500015258789,32.69936,,1.3967851463605907,-1.746932002451873,27.751483655199944,,29.36381244421506,,29.36381244421506,-0.13702471829909235,-19.505299274997235,35.375,-11.759716883143767,Ticker a confirmar; alternativa WDEF.L (LSE).; historico insuficiente (<5 anos) para retorno/volatilidade a 5 anos; historico insuficiente (<10 anos) para retorno/volatilidade a 10 anos
2026-09-18T20:24:34.826392+00:00,QDVE,IE00BJK9422,QDVE.DE,yfinance,45.165000915527344,,,26.60126666129883,32.682137781392754,22.40222016960996,171.22867977848549,23.25292576682099,827.9843838038397,22.005915334735352,1.3671158627016662,-29.82743631010617,46.0099983215332,-1.8365516992648767,"max_drawdown_pct calculado sobre os ultimos 5 anos (historico mais longo disponivel); P/E nao disponivel para este activo (comum em ETFs sem componente de acoes com lucros, como obrigacoes, ouro ou cash, ou quando o yfinance nao publica o campo para este fundo)"
2026-09-18T20:24:34.826392+00:00,WEBN,IE0003XJA0J9,WEBN.DE,yfinance,12.894000053405762,,,15.10444956082624,20.59483337235619,24.28026955993848,,20.418187610505733,,20.418187610505733,0.7635469655230386,-21.21774843286368,13.076000213623047,-1.391864157570688,"historico insuficiente (<5 anos) para retorno/volatilidade a 5 anos; historico insuficiente (<10 anos) para retorno/volatilidade a 10 anos; P/E nao disponivel para este activo (comum em ETFs sem componente de acoes com lucros, como obrigacoes, ouro ou cash, ou quando o yfinance nao publica o campo para este fundo)"
2026-09-18T20:24:34.826392+00:00,EUNN,IE00B4L5YX21,EUNN.DE,yfinance,72.7300033569336,,,23.06261461035546,26.808946613726214,19.21848702672604,52.986962465915276,16.380793302131224,136.36659822857712,16.20223926414278,1.287991055254222,-19.090259333345816,73.5,-1.0476144803624576,"max_drawdown_pct calculado sobre os ultimos 5 anos (historico mais longo disponivel); P/E nao disponivel para este activo (comum em ETFs sem componente de acoes com lucros, como obrigacoes, ouro ou cash, ou quando o yfinance nao publica o campo para este fundo)"
2026-09-18T20:24:34.826392+00:00,SP2Q,IE00BNGJJT35,SP2Q.DE,yfinance,63.310001373291016,,,13.78505044532683,16.743503425595364,9.86860255149698,52.077827885958605,14.92118752169596,,15.211520558496613,1.4883359747407792,-22.733365247141503,65.75,-3.711024527314044,"Ticker Yahoo a confirmar (SP2Q); cobertura directa pode nao existir. Fallback Twelve Data usa RSP (Invesco S&P 500 Equal Weight ETF, US) como PROXY do mesmo indice - nao e o mesmo fundo UCITS, serve apenas de aproximacao quando SP2Q nao tem dados.; historico insuficiente (<10 anos) para retorno/volatilidade a 10 anos; max_drawdown_pct calculado sobre os ultimos 5 anos (historico mais longo disponivel); P/E nao disponivel para este activo (comum em ETFs sem componente de acoes com lucros, como obrigacoes, ouro ou cash, ou quando o yfinance nao publica o campo para este fundo)"
2026-09-18T20:24:34.826392+00:00,IUSN,IE00BF4RFH31,IUSN.DE,yfinance,8.96399974822998,,,15.634673837103508,19.39264612680629,13.539165803505327,42.511920549983515,16.539908355659218,,18.146211882340744,1.2805027392850117,-24.315517984407485,9.32800006866455,-3.902233252091758,"historico insuficiente (<10 anos) para retorno/volatilidade a 10 anos; max_drawdown_pct calculado sobre os ultimos 5 anos (historico mais longo disponivel); P/E nao disponivel para este activo (comum em ETFs sem componente de acoes com lucros, como obrigacoes, ouro ou cash, ou quando o yfinance nao publica o campo para este fundo)"
2026-09-18T20:24:34.826392+00:00,XAIX,IE00BGV5VN51,XAIX.DE,yfinance,212.6999969482422,,,37.59865081429399,42.96276293412629,32.16109300927047,159.0427418915732,23.59675984257548,,22.92032320140666,1.2719423340043516,-33.0804754347501,220.3000030517578,-3.4498438484951155,"historico insuficiente (<10 anos) para retorno/volatilidade a 10 anos; max_drawdown_pct calculado sobre os ultimos 5 anos (historico mais longo disponivel); P/E nao disponivel para este activo (comum em ETFs sem componente de acoes com lucros, como obrigacoes, ouro ou cash, ou quando o yfinance nao publica o campo para este fundo)"
2026-09-21T21:42:30.919511+00:00,XEON,LU0290358497,XEON.DE,yfinance,150.24000549316406,,,1.4415514852400113,2.034032038639366,0.19826067524212268,10.985529800171179,0.2530637635542678,8.112777080655075,0.3943880971538404,,-0.5377869441651861,150.24000549316406,0.0,"max_drawdown_pct calculado sobre os ultimos 5 anos (historico mais longo disponivel); P/E nao disponivel para este activo (comum em ETFs sem componente de acoes com lucros, como obrigacoes, ouro ou cash, ou quando o yfinance nao publica o campo para este fundo); sharpe_1y nao aplicavel (instrumento usado como taxa livre de risco)"
2026-09-21T21:42:30.919511+00:00,FLXI,IE00BHZRQZ17,FLXI.DE,yfinance,35.42499923706055,,,-8.568847041810246,-7.578926311557144,14.778783892058136,16.223752523263336,15.90488764457525,,19.69413907010687,-0.6504566560014691,-24.761253985894637,39.790000915527344,-10.97009695409037,"Ticker a confirmar; alternativa FRIN.L (LSE).; historico insuficiente (<10 anos) para retorno/volatilidade a 10 anos; max_drawdown_pct calculado sobre os ultimos 5 anos (historico mais longo disponivel); P/E nao disponivel para este activo (comum em ETFs sem componente de acoes com lucros, como obrigacoes, ouro ou cash, ou quando o yfinance nao publica o campo para este fundo)"
2026-09-21T21:42:30.919511+00:00,4GLD,DE000A0S9GB0,4GLD.DE,yfinance,122.04000091552734,,,3.231263454051847,21.348315885306768,25.847881898123603,150.45148438364197,16.788009561051844,217.9781071369326,14.671189178863427,0.7472288802151135,-22.489523413781864,145.49000549316406,-16.117948788405624,"max_drawdown_pct calculado sobre os ultimos 5 anos (historico mais longo disponivel); P/E nao disponivel para este activo (comum em ETFs sem componente de acoes com lucros, como obrigacoes, ouro ou cash, ou quando o yfinance nao publica o campo para este fundo)"
2026-09-21T21:42:30.919511+00:00,EMXC,LU2009202107,EMXC.DE,yfinance,42.4900016784668,,,40.16163922125313,56.84755053206507,32.413394620613175,90.88050872226407,19.505867952519008,,21.15279633017883,1.6910761472223972,-20.482849028545914,44.80500030517578,-5.166830958466839,"historico insuficiente (<10 anos) para retorno/volatilidade a 10 anos; max_drawdown_pct calculado sobre os ultimos 5 anos (historico mais longo disponivel); P/E nao disponivel para este activo (comum em ETFs sem componente de acoes com lucros, como obrigacoes, ouro ou cash, ou quando o yfinance nao publica o campo para este fundo)"
2026-09-21T21:42:30.919511+00:00,MEUD,LU0908500753,MEUD.PA,yfinance,316.6000061035156,17.795359,,10.186900392969722,19.080758234477656,12.824157909461183,,13.239435397081806,,13.239435397081806,1.329266710234584,-16.179756870039707,325.20001220703125,-2.6445282228466316,historico insuficiente (<5 anos) para retorno/volatilidade a 5 anos; historico insuficiente (<10 anos) para retorno/volatilidade a 10 anos
2026-09-21T21:42:30.919511+00:00,EUDF,IE0002Y8CX98,EUDF.DE,yfinance,31.475000381469727,32.971725,,2.241353053362527,-1.3168210386142576,27.73530215741737,,29.311236168861278,,29.311236168861278,-0.1208154523875447,-19.505299274997235,35.375,-11.024733903972505,Ticker a confirmar; alternativa WDEF.L (LSE).; historico insuficiente (<5 anos) para retorno/volatilidade a 5 anos; historico insuficiente (<10 anos) para retorno/volatilidade a 10 anos
2026-09-21T21:42:30.919511+00:00,QDVE,IE00BJK9422,QDVE.DE,yfinance,46.255001068115234,,,29.656628051343525,35.26831841181863,22.471405617763,179.55398519562658,23.269506543395135,844.7508564759084,22.01900257745339,1.4789589462489394,-29.82743631010617,46.255001068115234,0.0,"max_drawdown_pct calculado sobre os ultimos 5 anos (historico mais longo disponivel); P/E nao disponivel para este activo (comum em ETFs sem componente de acoes com lucros, como obrigacoes, ouro ou cash, ou quando o yfinance nao publica o campo para este fundo)"
2026-09-21T21:42:30.919511+00:00,WEBN,IE0003XJA0J9,WEBN.DE,yfinance,13.07800006866455,,,16.747013574152135,21.339768201747855,24.308867605649727,,20.406052142416545,,20.406052142416545,0.7941849236375601,-21.21774843286368,13.07800006866455,0.0,"historico insuficiente (<5 anos) para retorno/volatilidade a 5 anos; historico insuficiente (<10 anos) para retorno/volatilidade a 10 anos; P/E nao disponivel para este activo (comum em ETFs sem componente de acoes com lucros, como obrigacoes, ouro ou cash, ou quando o yfinance nao publica o campo para este fundo)"
2026-09-21T21:42:30.919511+00:00,EUNN,IE00B4L5YX21,EUNN.DE,yfinance,73.19999694824219,,,23.857866054421727,28.624138366731767,19.229978438596035,55.47012013586199,16.374604344680325,132.1598330292646,16.184850882903497,1.382742389077464,-18.599773760595372,73.55000305175781,-0.47587503602048997,"max_drawdown_pct calculado sobre os ultimos 5 anos (historico mais longo disponivel); P/E nao disponivel para este activo (comum em ETFs sem componente de acoes com lucros, como obrigacoes, ouro ou cash, ou quando o yfinance nao publica o campo para este fundo)"
2026-09-21T21:42:30.919511+00:00,SP2Q,IE00BNGJJT35,SP2Q.DE,yfinance,63.59000015258789,,,14.288283339590603,17.411374320058037,9.882410846428625,53.673268514210484,14.918558528950381,,15.202570266803722,1.5560314704964773,-22.733365247141503,65.75,-3.2851708705887606,"Ticker Yahoo a confirmar (SP2Q); cobertura directa pode nao existir. Fallback Twelve Data usa RSP (Invesco S&P 500 Equal Weight ETF, US) como PROXY do mesmo indice - nao e o mesmo fundo UCITS, serve apenas de aproximacao quando SP2Q nao tem dados.; historico insuficiente (<10 anos) para retorno/volatilidade a 10 anos; max_drawdown_pct calculado sobre os ultimos 5 anos (historico mais longo disponivel); P/E nao disponivel para este activo (comum em ETFs sem componente de acoes com lucros, como obrigacoes, ouro ou cash, ou quando o yfinance nao publica o campo para este fundo)"
2026-09-21T21:42:30.919511+00:00,IUSN,IE00BF4RFH31,IUSN.DE,yfinance,9.031999588012695,,,16.51186476917623,20.50700101296883,13.592361263496597,43.57017559750365,16.538681523102376,,18.142818054562817,1.359069893465835,-24.315517984407485,9.32800006866455,-3.173246981914235,"historico insuficiente (<10 anos) para retorno/volatilidade a 10 anos; max_drawdown_pct calculado sobre os ultimos 5 anos (historico mais longo disponivel); P/E nao disponivel para este activo (comum em ETFs sem componente de acoes com lucros, como obrigacoes, ouro ou cash, ou quando o yfinance nao publica o campo para este fundo)"
2026-09-21T21:42:30.919511+00:00,XAIX,IE00BGV5VN51,XAIX.DE,yfinance,218.8000030517578,,,41.544831452965816,46.393679394540754,32.310630955106156,167.87463544841984,23.634341066112537,,22.93719009867516,1.3729118263749376,-33.0804754347501,220.3000030517578,-0.6808896864370806,"historico insuficiente (<10 anos) para retorno/volatilidade a 10 anos; max_drawdown_pct calculado sobre os ultimos 5 anos (historico mais longo disponivel); P/E nao disponivel para este activo (comum em ETFs sem componente de acoes com lucros, como obrigacoes, ouro ou cash, ou quando o yfinance nao publica o campo para este fundo)"
2026-09-22T20:53:48.262640+00:00,XEON,LU0290358497,XEON.DE,yfinance,150.2519989013672,,,1.449649394526742,2.0581154832732373,0.19847267566279533,10.996028591615413,0.25315867031359013,8.121407542716398,0.3944864314661592,,-0.5363182320920257,150.2519989013672,0.0,"max_drawdown_pct calculado sobre os ultimos 5 anos (historico mais longo disponivel); P/E nao disponivel para este activo (comum em ETFs sem componente de acoes com lucros, como obrigacoes, ouro ou cash, ou quando o yfinance nao publica o campo para este fundo); sharpe_1y nao aplicavel (instrumento usado como taxa livre de risco)"
2026-09-22T20:53:48.262640+00:00,FLXI,IE00BHZRQZ17,FLXI.DE,yfinance,35.314998626708984,,,-8.852756225921842,-6.980117253333573,14.764231155477184,15.070048915505453,15.90583705079959,,19.69278330158457,-0.6121709042230646,-24.761253985894637,39.790000915527344,-11.246549851352405,"Ticker a confirmar; alternativa FRIN.L (LSE).; historico insuficiente (<10 anos) para retorno/volatilidade a 10 anos; max_drawdown_pct calculado sobre os ultimos 5 anos (historico mais longo disponivel); P/E nao disponivel para este activo (comum em ETFs sem componente de acoes com lucros, como obrigacoes, ouro ou cash, ou quando o yfinance nao publica o campo para este fundo)"
2026-09-22T20:53:48.262640+00:00,4GLD,DE000A0S9GB0,4GLD.DE,yfinance,121.79000091552734,,,3.0197933158192525,19.43708880803674,25.850233036157555,154.23764742494393,16.776797043384544,217.3267262274941,14.67411694834548,0.6722946481934988,-22.489523413781864,145.49000549316406,-16.2897818975959,"max_drawdown_pct calculado sobre os ultimos 5 anos (historico mais longo disponivel); P/E nao disponivel para este activo (comum em ETFs sem componente de acoes com lucros, como obrigacoes, ouro ou cash, ou quando o yfinance nao publica o campo para este fundo)"
2026-09-22T20:53:48.262640+00:00,EMXC,LU2009202107,EMXC.DE,yfinance,42.66999816894531,,,40.75539309658722,57.04820776270534,32.45545862710672,90.1938898359272,19.525240146185055,,21.161966566273204,1.6943249180741666,-20.482849028545914,44.80500030517578,-4.76509791694798,"historico insuficiente (<10 anos) para retorno/volatilidade a 10 anos; max_drawdown_pct calculado sobre os ultimos 5 anos (historico mais longo disponivel); P/E nao disponivel para este activo (comum em ETFs sem componente de acoes com lucros, como obrigacoes, ouro ou cash, ou quando o yfinance nao publica o campo para este fundo)"
2026-09-22T20:53:48.262640+00:00,MEUD,LU0908500753,MEUD.PA,yfinance,316.95001220703125,17.815031,,10.308713680782478,19.347066109045088,12.83286570777471,,13.242727691280255,,13.242727691280255,1.3472400490638228,-16.179756870039707,325.20001220703125,-2.536900273776077,historico insuficiente (<5 anos) para retorno/volatilidade a 5 anos; historico insuficiente (<10 anos) para retorno/volatilidade a 10 anos
2026-09-22T20:53:48.262640+00:00,EUDF,IE0002Y8CX98,EUDF.DE,yfinance,31.110000610351562,32.589367,,1.0557114326793515,-4.114652787885897,27.72482664355065,,29.30694569725056,,29.30694569725056,-0.22264407098087463,-19.505299274997235,35.375,-12.056535377098054,Ticker a confirmar; alternativa WDEF.L (LSE).; historico insuficiente (<5 anos) para retorno/volatilidade a 5 anos; historico insuficiente (<10 anos) para retorno/volatilidade a 10 anos
2026-09-22T20:53:48.262640+00:00,QDVE,IE00BJK9422,QDVE.DE,yfinance,46.900001525878906,,,31.464618160825065,35.49039217598631,22.663445538212642,179.79957021500059,23.309352151434492,857.9248856798475,22.03672442084731,1.4751630168653393,-29.82743631010617,46.900001525878906,0.0,"max_drawdown_pct calculado sobre os ultimos 5 anos (historico mais longo disponivel); P/E nao disponivel para este activo (comum em ETFs sem componente de acoes com lucros, como obrigacoes, ouro ou cash, ou quando o yfinance nao publica o campo para este fundo)"
2026-09-22T20:53:48.262640+00:00,WEBN,IE0003XJA0J9,WEBN.DE,yfinance,13.156000137329102,,,17.443318439372636,22.586653998402962,24.349921808067197,,20.428583413333026,,20.428583413333026,0.8430638372041327,-21.21774843286368,13.156000137329102,0.0,"historico insuficiente (<5 anos) para retorno/volatilidade a 5 anos; historico insuficiente (<10 anos) para retorno/volatilidade a 10 anos; P/E nao disponivel para este activo (comum em ETFs sem componente de acoes com lucros, como obrigacoes, ouro ou cash, ou quando o yfinance nao publica o campo para este fundo)"
2026-09-22T20:53:48.262640+00:00,EUNN,IE00B4L5YX21,EUNN.DE,yfinance,73.80000305175781,,,24.8731048344673,29.51459244589234,19.27116027786576,56.42884576666292,16.391078629459162,134.06280191746305,16.18541765759819,1.4247443623908176,-18.599773760595372,73.80000305175781,0.0,"max_drawdown_pct calculado sobre os ultimos 5 anos (historico mais longo disponivel); P/E nao disponivel para este activo (comum em ETFs sem componente de acoes com lucros, como obrigacoes, ouro ou cash, ou quando o yfinance nao publica o campo para este fundo)"
2026-09-22T20:53:48.262640+00:00,SP2Q,IE00BNGJJT35,SP2Q.DE,yfinance,63.650001525878906,,,14.396121898090275,17.60902213983515,9.88651559256248,51.78251923563422,14.91369802647911,,15.203070811327638,1.5729410944600841,-22.733365247141503,65.75,-3.1939140290815127,"Ticker Yahoo a confirmar (SP2Q); cobertura directa pode nao existir. Fallback Twelve Data usa RSP (Invesco S&P 500 Equal Weight ETF, US) como PROXY do mesmo indice - nao e o mesmo fundo UCITS, serve apenas de aproximacao quando SP2Q nao tem dados.; historico insuficiente (<10 anos) para retorno/volatilidade a 10 anos; max_drawdown_pct calculado sobre os ultimos 5 anos (historico mais longo disponivel); P/E nao disponivel para este activo (comum em ETFs sem componente de acoes com lucros, como obrigacoes, ouro ou cash, ou quando o yfinance nao publica o campo para este fundo)"
2026-09-22T20:53:48.262640+00:00,IUSN,IE00BF4RFH31,IUSN.DE,yfinance,9.07800006866455,,,17.105266233469862,21.266363807766986,13.628054219469124,42.82567880650869,16.545246368920548,,18.14607185417472,1.4094637440649982,-24.315517984407485,9.32800006866455,-2.680102896223402,"historico insuficiente (<10 anos) para retorno/volatilidade a 10 anos; max_drawdown_pct calculado sobre os ultimos 5 anos (historico mais longo disponivel); P/E nao disponivel para este activo (comum em ETFs sem componente de acoes com lucros, como obrigacoes, ouro ou cash, ou quando o yfinance nao publica o campo para este fundo)"
2026-09-22T20:53:48.262640+00:00,XAIX,IE00BGV5VN51,XAIX.DE,yfinance,220.39999389648438,,,42.57988826870789,46.855004802431324,32.382641111538746,166.44099449230035,23.657669905826612,,22.950645700812185,1.3833612016036527,-33.0804754347501,220.39999389648438,0.0,"historico insuficiente (<10 anos) para retorno/volatilidade a 10 anos; max_drawdown_pct calculado sobre os ultimos 5 anos (historico mais longo disponivel); P/E nao disponivel para este activo (comum em ETFs sem componente de acoes com lucros, como obrigacoes, ouro ou cash, ou quando o yfinance nao publica o campo para este fundo)"
2026-09-23T21:05:15.977320+00:00,XEON,LU0290358497,XEON.DE,yfinance,150.26800537109375,,,1.4604569095926223,2.0495791993845547,0.19823982819935276,11.013596848050033,0.253099171422522,8.132925805696466,0.3944185684197382,,-0.5311717918018544,150.26800537109375,0.0,"max_drawdown_pct calculado sobre os ultimos 5 anos (historico mais longo disponivel); P/E nao disponivel para este activo (comum em ETFs sem componente de acoes com lucros, como obrigacoes, ouro ou cash, ou quando o yfinance nao publica o campo para este fundo); sharpe_1y nao aplicavel (instrumento usado como taxa livre de risco)"
2026-09-23T21:05:15.977320+00:00,FLXI,IE00BHZRQZ17,FLXI.DE,yfinance,35.3849983215332,,,-8.672088535241862,-5.790742737577381,14.741612046613428,15.656150075767151,15.907772792678198,,19.6888522566888,-0.5318496994881291,-24.761253985894637,39.790000915527344,-11.070627023472035,"Ticker a confirmar; alternativa FRIN.L (LSE).; historico insuficiente (<10 anos) para retorno/volatilidade a 10 anos; max_drawdown_pct calculado sobre os ultimos 5 anos (historico mais longo disponivel); P/E nao disponivel para este activo (comum em ETFs sem componente de acoes com lucros, como obrigacoes, ouro ou cash, ou quando o yfinance nao publica o campo para este fundo)"
2026-09-23T21:05:15.977320+00:00,4GLD,DE000A0S9GB0,4GLD.DE,yfinance,120.95999908447266,,,2.3177109080334546,17.288860957924413,25.844301034893434,151.46562739920398,16.7809330591813,215.16413683730198,14.67382385838842,0.5896573383031211,-22.489523413781864,145.49000549316406,-16.86026907865088,"max_drawdown_pct calculado sobre os ultimos 5 anos (historico mais longo disponivel); P/E nao disponivel para este activo (comum em ETFs sem componente de acoes com lucros, como obrigacoes, ouro ou cash, ou quando o yfinance nao publica o campo para este fundo)"
2026-09-23T21:05:15.977320+00:00,EMXC,LU2009202107,EMXC.DE,yfinance,42.47999954223633,,,40.128645204910526,54.75409239182623,32.40334027142638,89.9821036792379,19.510102029840596,,21.14707734289395,1.626514820724118,-20.482849028545914,44.80500030517578,-5.18915466377281,"historico insuficiente (<10 anos) para retorno/volatilidade a 10 anos; max_drawdown_pct calculado sobre os ultimos 5 anos (historico mais longo disponivel); P/E nao disponivel para este activo (comum em ETFs sem componente de acoes com lucros, como obrigacoes, ouro ou cash, ou quando o yfinance nao publica o campo para este fundo)"
2026-09-23T21:05:15.977320+00:00,MEUD,LU0908500753,MEUD.PA,yfinance,315.8500061035156,17.753202,,9.92587647098122,18.60684212613215,12.826243255226915,,13.230638097748649,,13.230638097748649,1.290889514355673,-16.179756870039707,325.20001220703125,-2.8751555204626356,historico insuficiente (<5 anos) para retorno/volatilidade a 5 anos; historico insuficiente (<10 anos) para retorno/volatilidade a 10 anos
2026-09-23T21:05:15.977320+00:00,EUDF,IE0002Y8CX98,EUDF.DE,yfinance,31.649999618530273,33.155045,,2.8098092428312293,-1.4786004092442795,27.722940979672472,,29.275993304933312,,29.275993304933312,-0.1272657042849758,-19.505299274997235,35.375,-10.530036414048693,Ticker a confirmar; alternativa WDEF.L (LSE).; historico insuficiente (<5 anos) para retorno/volatilidade a 5 anos; historico insuficiente (<10 anos) para retorno/volatilidade a 10 anos
2026-09-23T21:05:15.977320+00:00,QDVE,IE00BJK9422,QDVE.DE,yfinance,46.900001525878906,,,31.464618160825065,34.71205910058168,22.502958818161506,180.03345946115235,23.27949729419134,857.9248856798475,22.016636602904534,1.4514749000400855,-29.82743631010617,46.900001525878906,0.0,"max_drawdown_pct calculado sobre os ultimos 5 anos (historico mais longo disponivel); P/E nao disponivel para este activo (comum em ETFs sem componente de acoes com lucros, como obrigacoes, ouro ou cash, ou quando o yfinance nao publica o campo para este fundo)"
2026-09-23T21:05:15.977320+00:00,WEBN,IE0003XJA0J9,WEBN.DE,yfinance,13.116000175476074,,,17.086239676190008,21.895909818573212,24.309095682957526,,20.388170320500194,,20.388170320500194,0.8164158337285414,-21.21774843286368,13.116000175476074,0.0,"historico insuficiente (<5 anos) para retorno/volatilidade a 5 anos; historico insuficiente (<10 anos) para retorno/volatilidade a 10 anos; P/E nao disponivel para este activo (comum em ETFs sem componente de acoes com lucros, como obrigacoes, ouro ou cash, ou quando o yfinance nao publica o campo para este fundo)"
2026-09-23T21:05:15.977320+00:00,EUNN,IE00B4L5YX21,EUNN.DE,yfinance,73.43000030517578,,,24.247042641345516,28.78388982564777,19.231044090880726,55.91557511971148,16.38107418547224,132.88930766270792,16.17729004543534,1.3901642833287717,-18.458044567547503,73.55000305175781,-0.1631580443274494,"max_drawdown_pct calculado sobre os ultimos 5 anos (historico mais longo disponivel); P/E nao disponivel para este activo (comum em ETFs sem componente de acoes com lucros, como obrigacoes, ouro ou cash, ou quando o yfinance nao publica o campo para este fundo)"
2026-09-23T21:05:15.977320+00:00,SP2Q,IE00BNGJJT35,SP2Q.DE,yfinance,63.869998931884766,,,14.791516233854374,17.537723136798732,9.883646576323464,52.180121692202206,14.914194035696138,,15.198013007328083,1.5670475282388623,-22.733365247141503,65.75,-2.859317213863477,"Ticker Yahoo a confirmar (SP2Q); cobertura directa pode nao existir. Fallback Twelve Data usa RSP (Invesco S&P 500 Equal Weight ETF, US) como PROXY do mesmo indice - nao e o mesmo fundo UCITS, serve apenas de aproximacao quando SP2Q nao tem dados.; historico insuficiente (<10 anos) para retorno/volatilidade a 10 anos; max_drawdown_pct calculado sobre os ultimos 5 anos (historico mais longo disponivel); P/E nao disponivel para este activo (comum em ETFs sem componente de acoes com lucros, como obrigacoes, ouro ou cash, ou quando o yfinance nao publica o campo para este fundo)"
2026-09-23T21:05:15.977320+00:00,IUSN,IE00BF4RFH31,IUSN.DE,yfinance,9.059000015258789,,,16.86016750074213,20.35339544231858,13.585969306612233,42.81885713190303,16.53928176875713,,18.13877737855316,1.3472587659995403,-24.315517984407485,9.32800006866455,-2.8837912888681316,"historico insuficiente (<10 anos) para retorno/volatilidade a 10 anos; max_drawdown_pct calculado sobre os ultimos 5 anos (historico mais longo disponivel); P/E nao disponivel para este activo (comum em ETFs sem componente de acoes com lucros, como obrigacoes, ouro ou cash, ou quando o yfinance nao publica o campo para este fundo)"
2026-09-23T21:05:15.977320+00:00,XAIX,IE00BGV5VN51,XAIX.DE,yfinance,221.25,,,43.12976929694374,47.5196734916125,32.323716342708835,167.6627028767228,23.64210769335493,,22.934270054994112,1.4067099775946557,-33.0804754347501,221.25,0.0,"historico insuficiente (<10 anos) para retorno/volatilidade a 10 anos; max_drawdown_pct calculado sobre os ultimos 5 anos (historico mais longo disponivel); P/E nao disponivel para este activo (comum em ETFs sem componente de acoes com lucros, como obrigacoes, ouro ou cash, ou quando o yfinance nao publica o campo para este fundo)"
2026-09-24T21:09:05.862101+00:00,XEON,LU0290358497,XEON.DE,yfinance,150.28500366210938,,,1.4719340990905883,2.070832803931655,0.19765992318804812,11.026154687100709,0.2530879973912703,8.142046730960661,0.39435831215506667,,-0.5311717918018544,150.28500366210938,0.0,"max_drawdown_pct calculado sobre os ultimos 5 anos (historico mais longo disponivel); P/E nao disponivel para este activo (comum em ETFs sem componente de acoes com lucros, como obrigacoes, ouro ou cash, ou quando o yfinance nao publica o campo para este fundo); sharpe_1y nao aplicavel (instrumento usado como taxa livre de risco)"
2026-09-24T21:09:05.862101+00:00,FLXI,IE00BHZRQZ17,FLXI.DE,yfinance,35.025001525878906,,,-9.601232439174312,-6.475298231396376,14.763622704148469,14.479497669381391,15.912668161922483,,19.686371836205264,-0.578864090920356,-24.761253985894637,39.790000915527344,-11.975368886681736,"Ticker a confirmar; alternativa FRIN.L (LSE).; historico insuficiente (<10 anos) para retorno/volatilidade a 10 anos; max_drawdown_pct calculado sobre os ultimos 5 anos (historico mais longo disponivel); P/E nao disponivel para este activo (comum em ETFs sem componente de acoes com lucros, como obrigacoes, ouro ou cash, ou quando o yfinance nao publica o campo para este fundo)"
2026-09-24T21:09:05.862101+00:00,4GLD,DE000A0S9GB0,4GLD.DE,yfinance,120.19999694824219,,,1.6748398808105636,17.0855178847092,25.859599380784896,149.88564711267585,16.7872369306861,214.00209190510853,14.674410491243508,0.5806232671931602,-22.489523413781864,145.49000549316406,-17.382643198889802,"max_drawdown_pct calculado sobre os ultimos 5 anos (historico mais longo disponivel); P/E nao disponivel para este activo (comum em ETFs sem componente de acoes com lucros, como obrigacoes, ouro ou cash, ou quando o yfinance nao publica o campo para este fundo)"
2026-09-24T21:09:05.862101+00:00,EMXC,LU2009202107,EMXC.DE,yfinance,41.98500061035156,,,38.4957937347987,53.93217670964698,32.442998277066806,87.76833391907246,19.524412138223813,,21.150624005145996,1.5985373319325697,-20.482849028545914,44.80500030517578,-6.293939684447358,"historico insuficiente (<10 anos) para retorno/volatilidade a 10 anos; max_drawdown_pct calculado sobre os ultimos 5 anos (historico mais longo disponivel); P/E nao disponivel para este activo (comum em ETFs sem componente de acoes com lucros, como obrigacoes, ouro ou cash, ou quando o yfinance nao publica o campo para este fundo)"
2026-09-24T21:09:05.862101+00:00,MEUD,LU0908500753,MEUD.PA,yfinance,314.04998779296875,17.652027,,9.299412685554431,18.143848897695737,12.857841118773344,,13.233004489747158,,13.233004489747158,1.2500555843932741,-16.179756870039707,325.20001220703125,-3.428666665290314,historico insuficiente (<5 anos) para retorno/volatilidade a 5 anos; historico insuficiente (<10 anos) para retorno/volatilidade a 10 anos
2026-09-24T21:09:05.862101+00:00,EUDF,IE0002Y8CX98,EUDF.DE,yfinance,30.9950008392334,32.4689,,0.6821536230702474,-5.804582923325341,27.63734141469444,,29.255268221671717,,29.255268221671717,-0.2849556188884989,-19.505299274997235,35.375,-12.381623069304881,Ticker a confirmar; alternativa WDEF.L (LSE).; historico insuficiente (<5 anos) para retorno/volatilidade a 5 anos; historico insuficiente (<10 anos) para retorno/volatilidade a 10 anos
2026-09-24T21:09:05.862101+00:00,QDVE,IE00BJK9422,QDVE.DE,yfinance,46.525001525878906,,,30.413461866446134,34.56254663556948,22.50728845551402,177.79438603084577,23.281777490999662,865.2489599360841,22.014117790693426,1.443608540222789,-29.82743631010617,46.900001525878906,-0.7995735347536836,"max_drawdown_pct calculado sobre os ultimos 5 anos (historico mais longo disponivel); P/E nao disponivel para este activo (comum em ETFs sem componente de acoes com lucros, como obrigacoes, ouro ou cash, ou quando o yfinance nao publica o campo para este fundo)"
2026-09-24T21:09:05.862101+00:00,WEBN,IE0003XJA0J9,WEBN.DE,yfinance,13.034000396728516,,,16.35422948868004,21.495160111592693,24.33191080162437,,20.383305371579137,,20.383305371579137,0.7983066955170776,-21.21774843286368,13.156000137329102,-0.9273315546297511,"historico insuficiente (<5 anos) para retorno/volatilidade a 5 anos; historico insuficiente (<10 anos) para retorno/volatilidade a 10 anos; P/E nao disponivel para este activo (comum em ETFs sem componente de acoes com lucros, como obrigacoes, ouro ou cash, ou quando o yfinance nao publica o campo para este fundo)"
2026-09-24T21:09:05.862101+00:00,EUNN,IE00B4L5YX21,EUNN.DE,yfinance,72.22000122070312,,,22.199666811035645,26.64843473582197,19.375304015010432,53.34635678434698,16.41305036388513,132.66752284332583,16.19032763212759,1.2685014858527928,-18.41993710457889,73.80000305175781,-2.140923801787098,"max_drawdown_pct calculado sobre os ultimos 5 anos (historico mais longo disponivel); P/E nao disponivel para este activo (comum em ETFs sem componente de acoes com lucros, como obrigacoes, ouro ou cash, ou quando o yfinance nao publica o campo para este fundo)"
2026-09-24T21:09:05.862101+00:00,SP2Q,IE00BNGJJT35,SP2Q.DE,yfinance,63.41999816894531,,,13.982744185191898,16.55945294394583,9.885569766605503,51.10792548097722,14.910207747187872,,15.192632850218907,1.4656332899453364,-22.733365247141503,65.75,-3.5437290206154937,"Ticker Yahoo a confirmar (SP2Q); cobertura directa pode nao existir. Fallback Twelve Data usa RSP (Invesco S&P 500 Equal Weight ETF, US) como PROXY do mesmo indice - nao e o mesmo fundo UCITS, serve apenas de aproximacao quando SP2Q nao tem dados.; historico insuficiente (<10 anos) para retorno/volatilidade a 10 anos; max_drawdown_pct calculado sobre os ultimos 5 anos (historico mais longo disponivel); P/E nao disponivel para este activo (comum em ETFs sem componente de acoes com lucros, como obrigacoes, ouro ou cash, ou quando o yfinance nao publica o campo para este fundo)"
2026-09-24T21:09:05.862101+00:00,IUSN,IE00BF4RFH31,IUSN.DE,yfinance,8.954999923706055,,,15.518577027348378,19.623294826259553,13.65288534822362,41.17925296012286,16.548206110770145,,18.141376614732632,1.2856228976252007,-24.315517984407485,9.32800006866455,-3.9987150751800593,"historico insuficiente (<10 anos) para retorno/volatilidade a 10 anos; max_drawdown_pct calculado sobre os ultimos 5 anos (historico mais longo disponivel); P/E nao disponivel para este activo (comum em ETFs sem componente de acoes com lucros, como obrigacoes, ouro ou cash, ou quando o yfinance nao publica o campo para este fundo)"
2026-09-24T21:09:05.862101+00:00,XAIX,IE00BGV5VN51,XAIX.DE,yfinance,219.89999389648438,,,42.25643116295208,47.603705331450556,32.30608886864987,166.0294993396965,23.639669123899097,,22.92680079105773,1.4094207662415126,-33.0804754347501,220.39999389648438,-0.226860260365902,"historico insuficiente (<10 anos) para retorno/volatilidade a 10 anos; max_drawdown_pct calculado sobre os ultimos 5 anos (historico mais longo disponivel); P/E nao disponivel para este activo (comum em ETFs sem componente de acoes com lucros, como obrigacoes, ouro ou cash, ou quando o yfinance nao publica o campo para este fundo)"
2026-09-25T21:06:11.056095+00:00,XEON,LU0290358497,XEON.DE,yfinance,150.3249969482422,,,1.4989374327299076,2.07164525310386,0.1986478684016203,11.055700554382387,0.2532620154084261,8.179389132338999,0.3944581466700207,,-0.5311717918018544,150.3249969482422,0.0,"max_drawdown_pct calculado sobre os ultimos 5 anos (historico mais longo disponivel); P/E nao disponivel para este activo (comum em ETFs sem componente de acoes com lucros, como obrigacoes, ouro ou cash, ou quando o yfinance nao publica o campo para este fundo); sharpe_1y nao aplicavel (instrumento usado como taxa livre de risco)"
2026-09-25T21:06:11.056095+00:00,FLXI,IE00BHZRQZ17,FLXI.DE,yfinance,35.154998779296875,,,-9.265712353997612,-6.303309300673076,14.755414530183538,14.904394732089354,15.905004784909464,,19.680198479099214,-0.5675851760481013,-24.761253985894637,39.790000915527344,-11.648660541803956,"Ticker a confirmar; alternativa FRIN.L (LSE).; historico insuficiente (<10 anos) para retorno/volatilidade a 10 anos; max_drawdown_pct calculado sobre os ultimos 5 anos (historico mais longo disponivel); P/E nao disponivel para este activo (comum em ETFs sem componente de acoes com lucros, como obrigacoes, ouro ou cash, ou quando o yfinance nao publica o campo para este fundo)"
2026-09-25T21:06:11.056095+00:00,4GLD,DE000A0S9GB0,4GLD.DE,yfinance,120.86000061035156,,,2.2331241434517146,17.499513798552833,25.833668507316894,151.25773901276096,16.772871640916545,217.38444012308008,14.668950601929282,0.5972000663041458,-22.489523413781864,145.49000549316406,-16.929001273540923,"max_drawdown_pct calculado sobre os ultimos 5 anos (historico mais longo disponivel); P/E nao disponivel para este activo (comum em ETFs sem componente de acoes com lucros, como obrigacoes, ouro ou cash, ou quando o yfinance nao publica o campo para este fundo)"
2026-09-25T21:06:11.056095+00:00,EMXC,LU2009202107,EMXC.DE,yfinance,42.404998779296875,,,39.88124041646199,56.13033511610037,32.39519722821827,89.64667988276118,19.50424591094395,,21.137009252696604,1.668725443532968,-20.482849028545914,44.80500030517578,-5.3565483975717365,"historico insuficiente (<10 anos) para retorno/volatilidade a 10 anos; max_drawdown_pct calculado sobre os ultimos 5 anos (historico mais longo disponivel); P/E nao disponivel para este activo (comum em ETFs sem componente de acoes com lucros, como obrigacoes, ouro ou cash, ou quando o yfinance nao publica o campo para este fundo)"
2026-09-25T21:06:11.056095+00:00,MEUD,LU0908500753,MEUD.PA,yfinance,315.1499938964844,17.713856,,9.68224989535571,19.325285440072037,12.81043257002703,,13.21288870296567,,13.21288870296567,1.3468429026617772,-16.179756870039707,325.20001220703125,-3.0904114186037446,historico insuficiente (<5 anos) para retorno/volatilidade a 5 anos; historico insuficiente (<10 anos) para retorno/volatilidade a 10 anos
2026-09-25T21:06:11.056095+00:00,EUDF,IE0002Y8CX98,EUDF.DE,yfinance,30.854999542236328,32.322243,,0.22738247578748538,-6.258548734596047,27.803518215875435,,29.319746078831777,,29.319746078831777,-0.29960934882490803,-19.505299274997235,35.375,-12.777386453042183,Ticker a confirmar; alternativa WDEF.L (LSE).; historico insuficiente (<5 anos) para retorno/volatilidade a 5 anos; historico insuficiente (<10 anos) para retorno/volatilidade a 10 anos
2026-09-25T21:06:11.056095+00:00,QDVE,IE00BJK9422,QDVE.DE,yfinance,47.125,,,32.09530766028652,35.80691344056333,22.489751859353312,181.37689440852319,23.269897324205512,864.0957424236497,22.008758320663908,1.5000284751220692,-29.82743631010617,47.125,0.0,"max_drawdown_pct calculado sobre os ultimos 5 anos (historico mais longo disponivel); P/E nao disponivel para este activo (comum em ETFs sem componente de acoes com lucros, como obrigacoes, ouro ou cash, ou quando o yfinance nao publica o campo para este fundo)"
2026-09-25T21:06:11.056095+00:00,WEBN,IE0003XJA0J9,WEBN.DE,yfinance,13.097999572753906,,,16.925548699028823,22.023470480653096,24.314729849328984,,20.355949807335783,,20.355949807335783,0.8205653672150443,-21.21774843286368,13.156000137329102,-0.4408677711291831,"historico insuficiente (<5 anos) para retorno/volatilidade a 5 anos; historico insuficiente (<10 anos) para retorno/volatilidade a 10 anos; P/E nao disponivel para este activo (comum em ETFs sem componente de acoes com lucros, como obrigacoes, ouro ou cash, ou quando o yfinance nao publica o campo para este fundo)"
2026-09-25T21:06:11.056095+00:00,EUNN,IE00B4L5YX21,EUNN.DE,yfinance,73.62999725341797,,,24.58544696182914,29.234385009780794,19.252441035320427,56.340233148824545,16.379906302233973,132.8589351650475,16.166518319556634,1.4108725073794184,-18.41993710457889,73.80000305175781,-0.23036015082630312,"max_drawdown_pct calculado sobre os ultimos 5 anos (historico mais longo disponivel); P/E nao disponivel para este activo (comum em ETFs sem componente de acoes com lucros, como obrigacoes, ouro ou cash, ou quando o yfinance nao publica o campo para este fundo)"
2026-09-25T21:06:11.056095+00:00,SP2Q,IE00BNGJJT35,SP2Q.DE,yfinance,63.34000015258789,,,13.838966296559674,16.906607227421986,9.909113130395415,50.91731787070639,14.90891337231614,,15.191292764342581,1.497102897010335,-22.733365247141503,65.75,-3.665399007470893,"Ticker Yahoo a confirmar (SP2Q); cobertura directa pode nao existir. Fallback Twelve Data usa RSP (Invesco S&P 500 Equal Weight ETF, US) como PROXY do mesmo indice - nao e o mesmo fundo UCITS, serve apenas de aproximacao quando SP2Q nao tem dados.; historico insuficiente (<10 anos) para retorno/volatilidade a 10 anos; max_drawdown_pct calculado sobre os ultimos 5 anos (historico mais longo disponivel); P/E nao disponivel para este activo (comum em ETFs sem componente de acoes com lucros, como obrigacoes, ouro ou cash, ou quando o yfinance nao publica o campo para este fundo)"
2026-09-25T21:06:11.056095+00:00,IUSN,IE00BF4RFH31,IUSN.DE,yfinance,8.991999626159668,,,15.99586937958637,21.08806198446318,13.575750388525055,41.76256847063671,16.534070550026268,,18.132967170732208,1.400763581174342,-24.315517984407485,9.32800006866455,-3.602063036358727,"historico insuficiente (<10 anos) para retorno/volatilidade a 10 anos; max_drawdown_pct calculado sobre os ultimos 5 anos (historico mais longo disponivel); P/E nao disponivel para este activo (comum em ETFs sem componente de acoes com lucros, como obrigacoes, ouro ou cash, ou quando o yfinance nao publica o campo para este fundo)"
2026-09-25T21:06:11.056095+00:00,XAIX,IE00BGV5VN51,XAIX.DE,yfinance,220.64999389648438,,,42.741616821585794,47.78967808861443,32.307339997387565,166.9368305358888,23.630864306341294,,22.92121959008526,1.4150974001328311,-33.0804754347501,221.25,-0.2711891993290916,"historico insuficiente (<10 anos) para retorno/volatilidade a 10 anos; max_drawdown_pct calculado sobre os ultimos 5 anos (historico mais longo disponivel); P/E nao disponivel para este activo (comum em ETFs sem componente de acoes com lucros, como obrigacoes, ouro ou cash, ou quando o yfinance nao publica o campo para este fundo)"
2026-09-28T22:56:39.716208+00:00,XEON,LU0290358497,XEON.DE,yfinance,150.3249969482422,,,1.4989374327299076,2.037001246811765,0.19558734899225932,11.064727506563532,0.2530525358675725,8.183285567028076,0.39452444739969655,,-0.5311717918018544,150.3249969482422,0.0,"max_drawdown_pct calculado sobre os ultimos 5 anos (historico mais longo disponivel); P/E nao disponivel para este activo (comum em ETFs sem componente de acoes com lucros, como obrigacoes, ouro ou cash, ou quando o yfinance nao publica o campo para este fundo); sharpe_1y nao aplicavel (instrumento usado como taxa livre de risco)"
2026-09-28T22:56:39.716208+00:00,FLXI,IE00BHZRQZ17,FLXI.DE,yfinance,35.154998779296875,,,-9.265712353997612,-5.306400594486527,14.771303306291683,16.00395454638146,15.894928904243374,,19.677464020158194,-0.4971397370312236,-24.761253985894637,39.790000915527344,-11.648660541803956,"Ticker a confirmar; alternativa FRIN.L (LSE).; historico insuficiente (<10 anos) para retorno/volatilidade a 10 anos; max_drawdown_pct calculado sobre os ultimos 5 anos (historico mais longo disponivel); P/E nao disponivel para este activo (comum em ETFs sem componente de acoes com lucros, como obrigacoes, ouro ou cash, ou quando o yfinance nao publica o campo para este fundo)"
2026-09-28T22:56:39.716208+00:00,4GLD,DE000A0S9GB0,4GLD.DE,yfinance,120.86000061035156,,,2.2331241434517146,16.356982203245973,25.86590964484535,152.05422041153383,16.78075758773095,219.7354578035437,14.675461195562479,0.5536237137242125,-22.489523413781864,145.49000549316406,-16.929001273540923,"max_drawdown_pct calculado sobre os ultimos 5 anos (historico mais longo disponivel); P/E nao disponivel para este activo (comum em ETFs sem componente de acoes com lucros, como obrigacoes, ouro ou cash, ou quando o yfinance nao publica o campo para este fundo)"
2026-09-28T22:56:39.716208+00:00,EMXC,LU2009202107,EMXC.DE,yfinance,42.404998779296875,,,39.88124041646199,57.201105392482845,32.48064970161685,91.66101143185028,19.509564685274952,,21.1388027999121,1.6983682485552338,-20.482849028545914,44.80500030517578,-5.3565483975717365,"historico insuficiente (<10 anos) para retorno/volatilidade a 10 anos; max_drawdown_pct calculado sobre os ultimos 5 anos (historico mais longo disponivel); P/E nao disponivel para este activo (comum em ETFs sem componente de acoes com lucros, como obrigacoes, ouro ou cash, ou quando o yfinance nao publica o campo para este fundo)"
2026-09-28T22:56:39.716208+00:00,MEUD,LU0908500753,MEUD.PA,yfinance,315.1499938964844,17.711046,,9.68224989535571,18.348411049496825,12.828951685388446,,13.20869358051574,,13.20869358051574,1.2714530542088613,-16.179756870039707,325.20001220703125,-3.0904114186037446,historico insuficiente (<5 anos) para retorno/volatilidade a 5 anos; historico insuficiente (<10 anos) para retorno/volatilidade a 10 anos
2026-09-28T22:56:39.716208+00:00,EUDF,IE0002Y8CX98,EUDF.DE,yfinance,30.854999542236328,32.065594,,0.22738247578748538,-6.768398839234746,27.790538599173757,,29.262396152196313,,29.262396152196313,-0.31684884604245506,-19.505299274997235,35.375,-12.777386453042183,Ticker a confirmar; alternativa WDEF.L (LSE).; historico insuficiente (<5 anos) para retorno/volatilidade a 5 anos; historico insuficiente (<10 anos) para retorno/volatilidade a 10 anos
2026-09-28T22:56:39.716208+00:00,QDVE,IE00BJK9422,QDVE.DE,yfinance,47.125,,,32.09530766028652,36.35705476684264,22.566112219173938,188.33211206536893,23.26555773671336,860.1670756571909,22.021822994078533,1.5208669170256925,-29.82743631010617,47.125,0.0,"max_drawdown_pct calculado sobre os ultimos 5 anos (historico mais longo disponivel); P/E nao disponivel para este activo (comum em ETFs sem componente de acoes com lucros, como obrigacoes, ouro ou cash, ou quando o yfinance nao publica o campo para este fundo)"
2026-09-28T22:56:39.716208+00:00,WEBN,IE0003XJA0J9,WEBN.DE,yfinance,13.097999572753906,,,16.925548699028823,22.251258918666462,24.37242061508116,,20.344506614067654,,20.344506614067654,0.8293906457262814,-21.21774843286368,13.156000137329102,-0.4408677711291831,"historico insuficiente (<5 anos) para retorno/volatilidade a 5 anos; historico insuficiente (<10 anos) para retorno/volatilidade a 10 anos; P/E nao disponivel para este activo (comum em ETFs sem componente de acoes com lucros, como obrigacoes, ouro ou cash, ou quando o yfinance nao publica o campo para este fundo)"
2026-09-28T22:56:39.716208+00:00,EUNN,IE00B4L5YX21,EUNN.DE,yfinance,73.62999725341797,,,24.58544696182914,29.466161063232143,19.45798175937858,58.20118934101026,16.398524024380308,135.3147813967619,16.191071340083436,1.4096610920708545,-18.040377532591943,73.80000305175781,-0.23036015082630312,"max_drawdown_pct calculado sobre os ultimos 5 anos (historico mais longo disponivel); P/E nao disponivel para este activo (comum em ETFs sem componente de acoes com lucros, como obrigacoes, ouro ou cash, ou quando o yfinance nao publica o campo para este fundo)"
2026-09-28T22:56:39.716208+00:00,SP2Q,IE00BNGJJT35,SP2Q.DE,yfinance,63.34000015258789,,,13.838966296559674,16.326904068106597,9.91053416254287,50.54069876186216,14.897965917202594,,15.184793584474566,1.4418902742199207,-22.733365247141503,65.75,-3.665399007470893,"Ticker Yahoo a confirmar (SP2Q); cobertura directa pode nao existir. Fallback Twelve Data usa RSP (Invesco S&P 500 Equal Weight ETF, US) como PROXY do mesmo indice - nao e o mesmo fundo UCITS, serve apenas de aproximacao quando SP2Q nao tem dados.; historico insuficiente (<10 anos) para retorno/volatilidade a 10 anos; max_drawdown_pct calculado sobre os ultimos 5 anos (historico mais longo disponivel); P/E nao disponivel para este activo (comum em ETFs sem componente de acoes com lucros, como obrigacoes, ouro ou cash, ou quando o yfinance nao publica o campo para este fundo)"
2026-09-28T22:56:39.716208+00:00,IUSN,IE00BF4RFH31,IUSN.DE,yfinance,8.991999626159668,,,15.99586937958637,20.568509055941743,13.63381543212877,43.253141583565814,16.527040808198272,,18.131789786399803,1.3592312365810342,-24.315517984407485,9.32800006866455,-3.602063036358727,"historico insuficiente (<10 anos) para retorno/volatilidade a 10 anos; max_drawdown_pct calculado sobre os ultimos 5 anos (historico mais longo disponivel); P/E nao disponivel para este activo (comum em ETFs sem componente de acoes com lucros, como obrigacoes, ouro ou cash, ou quando o yfinance nao publica o campo para este fundo)"
2026-09-28T22:56:39.716208+00:00,XAIX,IE00BGV5VN51,XAIX.DE,yfinance,220.64999389648438,,,42.741616821585794,48.70601606378786,32.36827263924357,174.1334324172025,23.61596438407404,,22.916510186614385,1.4418135727265897,-33.0804754347501,221.25,-0.2711891993290916,"historico insuficiente (<10 anos) para retorno/volatilidade a 10 anos; max_drawdown_pct calculado sobre os ultimos 5 anos (historico mais longo disponivel); P/E nao disponivel para este activo (comum em ETFs sem componente de acoes com lucros, como obrigacoes, ouro ou cash, ou quando o yfinance nao publica o campo para este fundo)"
2026-09-29T21:52:00.135792+00:00,XEON,LU0290358497,XEON.DE,yfinance,150.35000610351562,,,1.5158235311026225,2.0581416256984175,0.1949377374052277,11.084845595332006,0.25293544701459325,8.201283721970132,0.3944444843824126,,-0.5311717918018544,150.35000610351562,0.0,"max_drawdown_pct calculado sobre os ultimos 5 anos (historico mais longo disponivel); P/E nao disponivel para este activo (comum em ETFs sem componente de acoes com lucros, como obrigacoes, ouro ou cash, ou quando o yfinance nao publica o campo para este fundo); sharpe_1y nao aplicavel (instrumento usado como taxa livre de risco)"
2026-09-29T21:52:00.135792+00:00,FLXI,IE00BHZRQZ17,FLXI.DE,yfinance,34.5,,,-10.956249964924869,-6.781946596503441,14.778885312913385,13.114754098360649,15.899239258300069,,19.674256713924468,-0.5981566292065094,-24.761253985894637,39.790000915527344,-13.294799682859558,"Ticker a confirmar; alternativa FRIN.L (LSE).; historico insuficiente (<10 anos) para retorno/volatilidade a 10 anos; max_drawdown_pct calculado sobre os ultimos 5 anos (historico mais longo disponivel); P/E nao disponivel para este activo (comum em ETFs sem componente de acoes com lucros, como obrigacoes, ouro ou cash, ou quando o yfinance nao publica o campo para este fundo)"
2026-09-29T21:52:00.135792+00:00,4GLD,DE000A0S9GB0,4GLD.DE,yfinance,118.0,,,-0.18609475421371702,12.466643213234608,26.035057505105158,141.6943250848505,16.839334673949345,212.16931847000765,14.703100732048323,0.3997879238597883,-22.489523413781864,145.49000549316406,-18.894772462192044,"max_drawdown_pct calculado sobre os ultimos 5 anos (historico mais longo disponivel); P/E nao disponivel para este activo (comum em ETFs sem componente de acoes com lucros, como obrigacoes, ouro ou cash, ou quando o yfinance nao publica o campo para este fundo)"
2026-09-29T21:52:00.135792+00:00,EMXC,LU2009202107,EMXC.DE,yfinance,42.32500076293945,,,39.61735120337244,55.77843446481392,32.414322330414485,89.79821619275752,19.519318129287885,,21.140143171073678,1.6573011242227804,-20.482849028545914,44.80500030517578,-5.535095470024675,"historico insuficiente (<10 anos) para retorno/volatilidade a 10 anos; max_drawdown_pct calculado sobre os ultimos 5 anos (historico mais longo disponivel); P/E nao disponivel para este activo (comum em ETFs sem componente de acoes com lucros, como obrigacoes, ouro ou cash, ou quando o yfinance nao publica o campo para este fundo)"
2026-09-29T21:52:00.135792+00:00,MEUD,LU0908500753,MEUD.PA,yfinance,314.8500061035156,17.696995,,9.57784457499653,18.03186733027764,12.7794727576195,,13.189146531559881,,13.189146531559881,1.2499518569774497,-16.179756870039707,325.20001220703125,-3.1826585839506483,historico insuficiente (<5 anos) para retorno/volatilidade a 5 anos; historico insuficiente (<10 anos) para retorno/volatilidade a 10 anos
2026-09-29T21:52:00.135792+00:00,EUDF,IE0002Y8CX98,EUDF.DE,yfinance,30.469999313354492,31.918934,,-1.0232273367514644,-9.085484504691454,27.694309395888844,,29.199458668615623,,29.199458668615623,-0.4023796358700361,-19.505299274997235,35.375,-13.865726322672812,Ticker a confirmar; alternativa WDEF.L (LSE).; historico insuficiente (<5 anos) para retorno/volatilidade a 5 anos; historico insuficiente (<10 anos) para retorno/volatilidade a 10 anos
2026-09-29T21:52:00.135792+00:00,QDVE,IE00BJK9422,QDVE.DE,yfinance,47.29499816894531,,,32.57182671447254,35.78810129942842,22.483088078566006,188.77150702084327,23.257796676426967,863.6307710363591,22.017900666851027,1.5002369583689916,-29.82743631010617,47.29499816894531,0.0,"max_drawdown_pct calculado sobre os ultimos 5 anos (historico mais longo disponivel); P/E nao disponivel para este activo (comum em ETFs sem componente de acoes com lucros, como obrigacoes, ouro ou cash, ou quando o yfinance nao publica o campo para este fundo)"
2026-09-29T21:52:00.135792+00:00,WEBN,IE0003XJA0J9,WEBN.DE,yfinance,13.074000358581543,,,16.711308251862643,21.505576956109174,24.279965492924852,,20.310417811583235,,20.310417811583235,0.8009663496464898,-21.21774843286368,13.156000137329102,-0.6232880654576056,"historico insuficiente (<5 anos) para retorno/volatilidade a 5 anos; historico insuficiente (<10 anos) para retorno/volatilidade a 10 anos; P/E nao disponivel para este activo (comum em ETFs sem componente de acoes com lucros, como obrigacoes, ouro ou cash, ou quando o yfinance nao publica o campo para este fundo)"
2026-09-29T21:52:00.135792+00:00,EUNN,IE00B4L5YX21,EUNN.DE,yfinance,73.25,,,23.942473589191305,28.811589606308562,19.394020601273443,58.58754531754553,16.390907768419837,134.10034470037496,16.18900264451947,1.3794688853147588,-18.040377532591943,73.80000305175781,-0.7452615569298549,"max_drawdown_pct calculado sobre os ultimos 5 anos (historico mais longo disponivel); P/E nao disponivel para este activo (comum em ETFs sem componente de acoes com lucros, como obrigacoes, ouro ou cash, ou quando o yfinance nao publica o campo para este fundo)"
2026-09-29T21:52:00.135792+00:00,SP2Q,IE00BNGJJT35,SP2Q.DE,yfinance,63.22999954223633,,,13.641265700660622,16.08224366663622,9.881790213925798,51.231756673963645,14.890480868521868,,15.175121467951803,1.4191863758830356,-22.733365247141503,65.75,-3.8327003159903783,"Ticker Yahoo a confirmar (SP2Q); cobertura directa pode nao existir. Fallback Twelve Data usa RSP (Invesco S&P 500 Equal Weight ETF, US) como PROXY do mesmo indice - nao e o mesmo fundo UCITS, serve apenas de aproximacao quando SP2Q nao tem dados.; historico insuficiente (<10 anos) para retorno/volatilidade a 10 anos; max_drawdown_pct calculado sobre os ultimos 5 anos (historico mais longo disponivel); P/E nao disponivel para este activo (comum em ETFs sem componente de acoes com lucros, como obrigacoes, ouro ou cash, ou quando o yfinance nao publica o campo para este fundo)"
2026-09-29T21:52:00.135792+00:00,IUSN,IE00BF4RFH31,IUSN.DE,yfinance,8.949000358581543,,,15.441183254945123,19.91157139986499,13.594582098884015,42.20562599631532,16.5224233198522,,18.124516798718957,1.3132753654584326,-24.315517984407485,9.32800006866455,-4.063032882645201,"historico insuficiente (<10 anos) para retorno/volatilidade a 10 anos; max_drawdown_pct calculado sobre os ultimos 5 anos (historico mais longo disponivel); P/E nao disponivel para este activo (comum em ETFs sem componente de acoes com lucros, como obrigacoes, ouro ou cash, ou quando o yfinance nao publica o campo para este fundo)"
2026-09-29T21:52:00.135792+00:00,XAIX,IE00BGV5VN51,XAIX.DE,yfinance,218.1999969482422,,,41.15667897760784,46.4232926401585,32.293316780244794,170.4846930717303,23.62026699129856,,22.913934936018066,1.3738183450267378,-33.0804754347501,221.25,-1.3785324527718967,"historico insuficiente (<10 anos) para retorno/volatilidade a 10 anos; max_drawdown_pct calculado sobre os ultimos 5 anos (historico mais longo disponivel); P/E nao disponivel para este activo (comum em ETFs sem componente de acoes com lucros, como obrigacoes, ouro ou cash, ou quando o yfinance nao publica o campo para este fundo)"
2026-09-30T21:52:30.779584+00:00,XEON,LU0290358497,XEON.DE,yfinance,150.36199951171875,,,1.523921440389353,2.06835489924011,0.19544001053926024,11.08303696344688,0.25309068983705507,8.209914929892292,0.3944729765155507,,-0.5311717918018544,150.36199951171875,0.0,"max_drawdown_pct calculado sobre os ultimos 5 anos (historico mais longo disponivel); P/E nao disponivel para este activo (comum em ETFs sem componente de acoes com lucros, como obrigacoes, ouro ou cash, ou quando o yfinance nao publica o campo para este fundo); sharpe_1y nao aplicavel (instrumento usado como taxa livre de risco)"
2026-09-30T21:52:30.779584+00:00,FLXI,IE00BHZRQZ17,FLXI.DE,yfinance,34.29999923706055,,,-11.472447586432255,-6.995666367497044,14.837393371128108,12.219854859289603,15.911478046794631,,19.67779090613713,-0.6108904064223785,-24.761253985894637,39.790000915527344,-13.797440442692777,"Ticker a confirmar; alternativa FRIN.L (LSE).; historico insuficiente (<10 anos) para retorno/volatilidade a 10 anos; max_drawdown_pct calculado sobre os ultimos 5 anos (historico mais longo disponivel); P/E nao disponivel para este activo (comum em ETFs sem componente de acoes com lucros, como obrigacoes, ouro ou cash, ou quando o yfinance nao publica o campo para este fundo)"
2026-09-30T21:52:30.779584+00:00,4GLD,DE000A0S9GB0,4GLD.DE,yfinance,117.76000213623047,,,-0.3891042799212041,11.96045046069052,26.078443820089714,141.36093446711442,16.843412592479414,211.53440347367552,14.701666416070875,0.37932077656527824,-22.489523413781864,145.49000549316406,-19.05973077871421,"max_drawdown_pct calculado sobre os ultimos 5 anos (historico mais longo disponivel); P/E nao disponivel para este activo (comum em ETFs sem componente de acoes com lucros, como obrigacoes, ouro ou cash, ou quando o yfinance nao publica o campo para este fundo)"
2026-09-30T21:52:30.779584+00:00,EMXC,LU2009202107,EMXC.DE,yfinance,41.869998931884766,,,38.11643804804028,54.58741128733537,32.45558125508613,89.0293438057539,19.51638315523938,,21.135066813042812,1.6181825854640939,-20.482849028545914,44.80500030517578,-6.550611211472235,"historico insuficiente (<10 anos) para retorno/volatilidade a 10 anos; max_drawdown_pct calculado sobre os ultimos 5 anos (historico mais longo disponivel); P/E nao disponivel para este activo (comum em ETFs sem componente de acoes com lucros, como obrigacoes, ouro ou cash, ou quando o yfinance nao publica o campo para este fundo)"
2026-09-30T21:52:30.779584+00:00,MEUD,LU0908500753,MEUD.PA,yfinance,313.3999938964844,17.615492,,9.073194077382496,16.93592868809377,12.811755741147987,,13.19395558809123,,13.19395558809123,1.1604634126065116,-16.179756870039707,325.20001220703125,-3.6285417797077613,historico insuficiente (<5 anos) para retorno/volatilidade a 5 anos; historico insuficiente (<10 anos) para retorno/volatilidade a 10 anos
2026-09-30T21:52:30.779584+00:00,EUDF,IE0002Y8CX98,EUDF.DE,yfinance,30.485000610351562,31.934649,,-0.9744980950057269,-9.459452722903183,27.74442619434499,,29.19891359261498,,29.19891359261498,-0.4154999473188942,-19.505299274997235,35.375,-13.823319829394876,Ticker a confirmar; alternativa WDEF.L (LSE).; historico insuficiente (<5 anos) para retorno/volatilidade a 5 anos; historico insuficiente (<10 anos) para retorno/volatilidade a 10 anos
2026-09-30T21:52:30.779584+00:00,QDVE,IE00BJK9422,QDVE.DE,yfinance,47.564998626708984,,,33.328660529575146,36.03603151475612,22.545795388403736,192.41974941806873,23.26818089123581,869.1320028656864,22.01990540687369,1.506608040672055,-29.82743631010617,47.564998626708984,0.0,"max_drawdown_pct calculado sobre os ultimos 5 anos (historico mais longo disponivel); P/E nao disponivel para este activo (comum em ETFs sem componente de acoes com lucros, como obrigacoes, ouro ou cash, ou quando o yfinance nao publica o campo para este fundo)"
2026-09-30T21:52:30.779584+00:00,WEBN,IE0003XJA0J9,WEBN.DE,yfinance,13.093999862670898,,,16.889843376739332,21.986208416126818,24.32738469486934,,20.311144828773834,,20.311144828773834,0.8187420788017298,-21.21774843286368,13.156000137329102,-0.47126994535582334,"historico insuficiente (<5 anos) para retorno/volatilidade a 5 anos; historico insuficiente (<10 anos) para retorno/volatilidade a 10 anos; P/E nao disponivel para este activo (comum em ETFs sem componente de acoes com lucros, como obrigacoes, ouro ou cash, ou quando o yfinance nao publica o campo para este fundo)"
2026-09-30T21:52:30.779584+00:00,EUNN,IE00B4L5YX21,EUNN.DE,yfinance,74.2699966430664,,,25.668356278533587,31.82930702827722,19.454977776313658,62.9549930668879,16.398929439593708,137.3601612974408,16.19557039309641,1.5297345733939067,-18.040377532591943,74.2699966430664,0.0,"max_drawdown_pct calculado sobre os ultimos 5 anos (historico mais longo disponivel); P/E nao disponivel para este activo (comum em ETFs sem componente de acoes com lucros, como obrigacoes, ouro ou cash, ou quando o yfinance nao publica o campo para este fundo)"
2026-09-30T21:52:30.779584+00:00,SP2Q,IE00BNGJJT35,SP2Q.DE,yfinance,63.16999816894531,,,13.53342714216097,16.164025244905588,9.898041261390956,51.94226580810059,14.89379932923349,,15.174995148687401,1.4240868443990136,-22.733365247141503,65.75,-3.923957157497626,"Ticker Yahoo a confirmar (SP2Q); cobertura directa pode nao existir. Fallback Twelve Data usa RSP (Invesco S&P 500 Equal Weight ETF, US) como PROXY do mesmo indice - nao e o mesmo fundo UCITS, serve apenas de aproximacao quando SP2Q nao tem dados.; historico insuficiente (<10 anos) para retorno/volatilidade a 10 anos; max_drawdown_pct calculado sobre os ultimos 5 anos (historico mais longo disponivel); P/E nao disponivel para este activo (comum em ETFs sem componente de acoes com lucros, como obrigacoes, ouro ou cash, ou quando o yfinance nao publica o campo para este fundo)"
2026-09-30T21:52:30.779584+00:00,IUSN,IE00BF4RFH31,IUSN.DE,yfinance,8.982999801635742,,,15.87977256983124,20.885473292146916,13.618022050166879,43.47547639732285,16.528291759770664,,18.12510535098091,1.3817805789700728,-24.315517984407485,9.32800006866455,-3.6985448594470394,"historico insuficiente (<10 anos) para retorno/volatilidade a 10 anos; max_drawdown_pct calculado sobre os ultimos 5 anos (historico mais longo disponivel); P/E nao disponivel para este activo (comum em ETFs sem componente de acoes com lucros, como obrigacoes, ouro ou cash, ou quando o yfinance nao publica o campo para este fundo)"
2026-09-30T21:52:30.779584+00:00,XAIX,IE00BGV5VN51,XAIX.DE,yfinance,220.25,,,42.48285508543215,48.43644207583695,32.37717855885105,174.1132597170335,23.63599135302891,,22.91893501271998,1.4321225394088901,-33.0804754347501,221.25,-0.4519774011299438,"historico insuficiente (<10 anos) para retorno/volatilidade a 10 anos; max_drawdown_pct calculado sobre os ultimos 5 anos (historico mais longo disponivel); P/E nao disponivel para este activo (comum em ETFs sem componente de acoes com lucros, como obrigacoes, ouro ou cash, ou quando o yfinance nao publica o campo para este fundo)"
2026-10-01T22:21:07.018693+00:00,XEON,LU0290358497,XEON.DE,yfinance,150.36199951171875,,,1.523921440389353,2.052425123056345,0.19491715544292754,11.08303696344688,0.25292895270727167,8.209914929892292,0.3943697473377059,,-0.5230866565835046,150.36199951171875,0.0,"max_drawdown_pct calculado sobre os ultimos 5 anos (historico mais longo disponivel); P/E nao disponivel para este activo (comum em ETFs sem componente de acoes com lucros, como obrigacoes, ouro ou cash, ou quando o yfinance nao publica o campo para este fundo); sharpe_1y nao aplicavel (instrumento usado como taxa livre de risco)"
2026-10-01T22:21:07.018693+00:00,FLXI,IE00BHZRQZ17,FLXI.DE,yfinance,34.29999923706055,,,-11.472447586432255,-7.894743042147178,14.781040446461896,12.219854859289603,15.906926011821628,,19.670216848338747,-0.6729680634616323,-24.761253985894637,39.790000915527344,-13.797440442692777,"Ticker a confirmar; alternativa FRIN.L (LSE).; historico insuficiente (<10 anos) para retorno/volatilidade a 10 anos; max_drawdown_pct calculado sobre os ultimos 5 anos (historico mais longo disponivel); P/E nao disponivel para este activo (comum em ETFs sem componente de acoes com lucros, como obrigacoes, ouro ou cash, ou quando o yfinance nao publica o campo para este fundo)"
2026-10-01T22:21:07.018693+00:00,4GLD,DE000A0S9GB0,4GLD.DE,yfinance,117.76000213623047,,,-0.3891042799212041,11.157258280564687,26.07934429841138,141.36093446711442,16.84630851241312,211.53440347367552,14.700417558083833,0.3491204783880614,-22.489523413781864,145.49000549316406,-19.05973077871421,"max_drawdown_pct calculado sobre os ultimos 5 anos (historico mais longo disponivel); P/E nao disponivel para este activo (comum em ETFs sem componente de acoes com lucros, como obrigacoes, ouro ou cash, ou quando o yfinance nao publica o campo para este fundo)"
2026-10-01T22:21:07.018693+00:00,EMXC,LU2009202107,EMXC.DE,yfinance,41.869998931884766,,,38.11643804804028,52.69875570891634,32.48316263267909,89.0293438057539,19.526336948639653,,21.138500908523955,1.5591563899910466,-20.482849028545914,44.80500030517578,-6.550611211472235,"historico insuficiente (<10 anos) para retorno/volatilidade a 10 anos; max_drawdown_pct calculado sobre os ultimos 5 anos (historico mais longo disponivel); P/E nao disponivel para este activo (comum em ETFs sem componente de acoes com lucros, como obrigacoes, ouro ou cash, ou quando o yfinance nao publica o campo para este fundo)"
2026-10-01T22:21:07.018693+00:00,MEUD,LU0908500753,MEUD.PA,yfinance,313.3999938964844,17.387852,,9.073194077382496,15.577514996278708,12.760847476720699,,13.183045827881267,,13.183045827881267,1.059889627071858,-16.179756870039707,325.20001220703125,-3.6285417797077613,historico insuficiente (<5 anos) para retorno/volatilidade a 5 anos; historico insuficiente (<10 anos) para retorno/volatilidade a 10 anos
2026-10-01T22:21:07.018693+00:00,EUDF,IE0002Y8CX98,EUDF.DE,yfinance,30.485000610351562,31.704185,,-0.9744980950057269,-8.94563611957777,27.73994761770608,,29.162481054474743,,29.162481054474743,-0.39647015178983913,-19.505299274997235,35.375,-13.823319829394876,Ticker a confirmar; alternativa WDEF.L (LSE).; historico insuficiente (<5 anos) para retorno/volatilidade a 5 anos; historico insuficiente (<10 anos) para retorno/volatilidade a 10 anos
2026-10-01T22:21:07.018693+00:00,QDVE,IE00BJK9422,QDVE.DE,yfinance,47.564998626708984,,,33.328660529575146,35.12783407887905,22.524483829714356,192.41974941806873,23.24967206386624,869.1320028656864,22.014060341290342,1.4684202846055694,-29.82743631010617,47.564998626708984,0.0,"max_drawdown_pct calculado sobre os ultimos 5 anos (historico mais longo disponivel); P/E nao disponivel para este activo (comum em ETFs sem componente de acoes com lucros, como obrigacoes, ouro ou cash, ou quando o yfinance nao publica o campo para este fundo)"
2026-10-01T22:21:07.018693+00:00,WEBN,IE0003XJA0J9,WEBN.DE,yfinance,13.093999862670898,,,16.889843376739332,20.79335496637331,24.309538596083907,,20.292333800991816,,20.292333800991816,0.7709290642947866,-21.21774843286368,13.156000137329102,-0.47126994535582334,"historico insuficiente (<5 anos) para retorno/volatilidade a 5 anos; historico insuficiente (<10 anos) para retorno/volatilidade a 10 anos; P/E nao disponivel para este activo (comum em ETFs sem componente de acoes com lucros, como obrigacoes, ouro ou cash, ou quando o yfinance nao publica o campo para este fundo)"
2026-10-01T22:21:07.018693+00:00,EUNN,IE00B4L5YX21,EUNN.DE,yfinance,74.2699966430664,,,25.668356278533587,31.362975358706578,19.445835170867383,62.9549930668879,16.348755919297837,137.3601612974408,16.19143362914727,1.5072919202545536,-18.040377532591943,74.2699966430664,0.0,"max_drawdown_pct calculado sobre os ultimos 5 anos (historico mais longo disponivel); P/E nao disponivel para este activo (comum em ETFs sem componente de acoes com lucros, como obrigacoes, ouro ou cash, ou quando o yfinance nao publica o campo para este fundo)"
2026-10-01T22:21:07.018693+00:00,SP2Q,IE00BNGJJT35,SP2Q.DE,yfinance,63.16999816894531,,,13.53342714216097,15.189638937235372,9.868623036615935,51.94226580810059,14.892740921562803,,15.169797491273377,1.331210419674104,-22.733365247141503,65.75,-3.923957157497626,"Ticker Yahoo a confirmar (SP2Q); cobertura directa pode nao existir. Fallback Twelve Data usa RSP (Invesco S&P 500 Equal Weight ETF, US) como PROXY do mesmo indice - nao e o mesmo fundo UCITS, serve apenas de aproximacao quando SP2Q nao tem dados.; historico insuficiente (<10 anos) para retorno/volatilidade a 10 anos; max_drawdown_pct calculado sobre os ultimos 5 anos (historico mais longo disponivel); P/E nao disponivel para este activo (comum em ETFs sem componente de acoes com lucros, como obrigacoes, ouro ou cash, ou quando o yfinance nao publica o campo para este fundo)"
2026-10-01T22:21:07.018693+00:00,IUSN,IE00BF4RFH31,IUSN.DE,yfinance,8.982999801635742,,,15.87977256983124,19.5501713415408,13.575480797864445,43.47547639732285,16.524035440528987,,18.12064966771139,1.2889227629593067,-24.315517984407485,9.32800006866455,-3.6985448594470394,"historico insuficiente (<10 anos) para retorno/volatilidade a 10 anos; max_drawdown_pct calculado sobre os ultimos 5 anos (historico mais longo disponivel); P/E nao disponivel para este activo (comum em ETFs sem componente de acoes com lucros, como obrigacoes, ouro ou cash, ou quando o yfinance nao publica o campo para este fundo)"
2026-10-01T22:21:07.018693+00:00,XAIX,IE00BGV5VN51,XAIX.DE,yfinance,220.25,,,42.48285508543215,47.26531398458451,32.35530186434733,174.1132597170335,23.61273019963937,,22.910077506830017,1.3973873293189314,-33.0804754347501,221.25,-0.4519774011299438,"historico insuficiente (<10 anos) para retorno/volatilidade a 10 anos; max_drawdown_pct calculado sobre os ultimos 5 anos (historico mais longo disponivel); P/E nao disponivel para este activo (comum em ETFs sem componente de acoes com lucros, como obrigacoes, ouro ou cash, ou quando o yfinance nao publica o campo para este fundo)"
2026-10-02T21:49:40.322113+00:00,XEON,LU0290358497,XEON.DE,yfinance,150.38600158691406,,,1.540127561646365,2.0562438730458377,0.19452192343440017,11.1007689929143,0.25273581008265533,8.235757818560717,0.3942221959944604,,-0.5230866565835046,150.38600158691406,0.0,"max_drawdown_pct calculado sobre os ultimos 5 anos (historico mais longo disponivel); P/E nao disponivel para este activo (comum em ETFs sem componente de acoes com lucros, como obrigacoes, ouro ou cash, ou quando o yfinance nao publica o campo para este fundo); sharpe_1y nao aplicavel (instrumento usado como taxa livre de risco)"
2026-10-02T21:49:40.322113+00:00,FLXI,IE00BHZRQZ17,FLXI.DE,yfinance,34.41999816894531,,,-11.162732951788112,-7.597320351824665,14.759394691274439,12.612457279665978,15.895683299843903,,19.660228264254492,-0.6540623397365724,-24.761253985894637,39.790000915527344,-13.49585982162288,"Ticker a confirmar; alternativa FRIN.L (LSE).; historico insuficiente (<10 anos) para retorno/volatilidade a 10 anos; max_drawdown_pct calculado sobre os ultimos 5 anos (historico mais longo disponivel); P/E nao disponivel para este activo (comum em ETFs sem componente de acoes com lucros, como obrigacoes, ouro ou cash, ou quando o yfinance nao publica o campo para este fundo)"
2026-10-02T21:49:40.322113+00:00,4GLD,DE000A0S9GB0,4GLD.DE,yfinance,118.3499984741211,,,0.10996214860061748,12.393157686756062,26.047562331861908,142.5701911320448,16.841767418741295,220.03785813720427,14.699690679620234,0.39684764670150735,-22.489523413781864,145.49000549316406,-18.654207158111735,"max_drawdown_pct calculado sobre os ultimos 5 anos (historico mais longo disponivel); P/E nao disponivel para este activo (comum em ETFs sem componente de acoes com lucros, como obrigacoes, ouro ou cash, ou quando o yfinance nao publica o campo para este fundo)"
2026-10-02T21:49:40.322113+00:00,EMXC,LU2009202107,EMXC.DE,yfinance,42.93000030517578,,,41.61306135207139,56.393439387936354,32.490897401402925,93.81490313553482,19.5379063215568,,21.1443205494736,1.6723821088593351,-20.482849028545914,44.80500030517578,-4.184800774978248,"historico insuficiente (<10 anos) para retorno/volatilidade a 10 anos; max_drawdown_pct calculado sobre os ultimos 5 anos (historico mais longo disponivel); P/E nao disponivel para este activo (comum em ETFs sem componente de acoes com lucros, como obrigacoes, ouro ou cash, ou quando o yfinance nao publica o campo para este fundo)"
2026-10-02T21:49:40.322113+00:00,MEUD,LU0908500753,MEUD.PA,yfinance,311.6499938964844,17.51713,,8.464138259409303,14.266336091261378,12.814047926787095,,13.196028483912754,,13.196028483912754,0.952867687710999,-16.179756870039707,325.20001220703125,-4.166672140811778,historico insuficiente (<5 anos) para retorno/volatilidade a 5 anos; historico insuficiente (<10 anos) para retorno/volatilidade a 10 anos
2026-10-02T21:49:40.322113+00:00,EUDF,IE0002Y8CX98,EUDF.DE,yfinance,30.25,31.688473,,-1.7378588600418077,-11.225240432274875,27.634747010150036,,29.095996483789317,,29.095996483789317,-0.48060813802429686,-19.505299274997235,35.375,-14.487632508833926,Ticker a confirmar; alternativa WDEF.L (LSE).; historico insuficiente (<5 anos) para retorno/volatilidade a 5 anos; historico insuficiente (<10 anos) para retorno/volatilidade a 10 anos
2026-10-02T21:49:40.322113+00:00,QDVE,IE00BJK9422,QDVE.DE,yfinance,48.505001068115234,,,35.96356581761715,36.30743941561645,22.506080626479942,198.19868952748857,23.240914450284254,883.4752532931444,22.010412745559808,1.5218640735815965,-29.82743631010617,48.505001068115234,0.0,"max_drawdown_pct calculado sobre os ultimos 5 anos (historico mais longo disponivel); P/E nao disponivel para este activo (comum em ETFs sem componente de acoes com lucros, como obrigacoes, ouro ou cash, ou quando o yfinance nao publica o campo para este fundo)"
2026-10-02T21:49:40.322113+00:00,WEBN,IE0003XJA0J9,WEBN.DE,yfinance,13.199999809265137,,,17.836102524844733,21.30122997871102,24.279283847926493,,20.26724642120396,,20.26724642120396,0.7926504845120772,-21.21774843286368,13.199999809265137,0.0,"historico insuficiente (<5 anos) para retorno/volatilidade a 5 anos; historico insuficiente (<10 anos) para retorno/volatilidade a 10 anos; P/E nao disponivel para este activo (comum em ETFs sem componente de acoes com lucros, como obrigacoes, ouro ou cash, ou quando o yfinance nao publica o campo para este fundo)"
2026-10-02T21:49:40.322113+00:00,EUNN,IE00B4L5YX21,EUNN.DE,yfinance,75.11000061035156,,,27.089682825019,32.99454334037271,19.426097226164988,64.79803664911606,16.341539515513794,139.280032082832,16.187954504322388,1.5926152899953632,-18.040377532591943,75.11000061035156,0.0,"max_drawdown_pct calculado sobre os ultimos 5 anos (historico mais longo disponivel); P/E nao disponivel para este activo (comum em ETFs sem componente de acoes com lucros, como obrigacoes, ouro ou cash, ou quando o yfinance nao publica o campo para este fundo)"
2026-10-02T21:49:40.322113+00:00,SP2Q,IE00BNGJJT35,SP2Q.DE,yfinance,63.869998931884766,,,14.791516233854374,16.275256830585903,9.876147085854585,53.62597176142301,14.884944302487638,,15.162323010007789,1.4397328061168393,-22.733365247141503,65.75,-2.859317213863477,"Ticker Yahoo a confirmar (SP2Q); cobertura directa pode nao existir. Fallback Twelve Data usa RSP (Invesco S&P 500 Equal Weight ETF, US) como PROXY do mesmo indice - nao e o mesmo fundo UCITS, serve apenas de aproximacao quando SP2Q nao tem dados.; historico insuficiente (<10 anos) para retorno/volatilidade a 10 anos; max_drawdown_pct calculado sobre os ultimos 5 anos (historico mais longo disponivel); P/E nao disponivel para este activo (comum em ETFs sem componente de acoes com lucros, como obrigacoes, ouro ou cash, ou quando o yfinance nao publica o campo para este fundo)"
2026-10-02T21:49:40.322113+00:00,IUSN,IE00BF4RFH31,IUSN.DE,yfinance,9.076000213623047,,,17.079468309335443,20.403291125211688,13.60927632446907,44.960868661563595,16.521706777697315,,18.117917110164175,1.3481280572706436,-24.315517984407485,9.32800006866455,-2.7015421653784566,"historico insuficiente (<10 anos) para retorno/volatilidade a 10 anos; max_drawdown_pct calculado sobre os ultimos 5 anos (historico mais longo disponivel); P/E nao disponivel para este activo (comum em ETFs sem componente de acoes com lucros, como obrigacoes, ouro ou cash, ou quando o yfinance nao publica o campo para este fundo)"
2026-10-02T21:49:40.322113+00:00,XAIX,IE00BGV5VN51,XAIX.DE,yfinance,223.75,,,44.747054825722785,48.45408584648112,32.30619844518712,178.4692025502213,23.600754367798164,,22.902750378387495,1.4361900875510623,-33.0804754347501,223.75,0.0,"historico insuficiente (<10 anos) para retorno/volatilidade a 10 anos; max_drawdown_pct calculado sobre os ultimos 5 anos (historico mais longo disponivel); P/E nao disponivel para este activo (comum em ETFs sem componente de acoes com lucros, como obrigacoes, ouro ou cash, ou quando o yfinance nao publica o campo para este fundo)"
2026-10-05T23:44:34.825531+00:00,XEON,LU0290358497,XEON.DE,yfinance,150.38600158691406,,,1.540127561646365,2.050706554091275,0.19523578852846726,11.126223810089186,0.25274022379267136,8.242759422961377,0.394443778213208,,-0.5208773133364208,150.38600158691406,0.0,"max_drawdown_pct calculado sobre os ultimos 5 anos (historico mais longo disponivel); P/E nao disponivel para este activo (comum em ETFs sem componente de acoes com lucros, como obrigacoes, ouro ou cash, ou quando o yfinance nao publica o campo para este fundo); sharpe_1y nao aplicavel (instrumento usado como taxa livre de risco)"
2026-10-05T23:44:34.825531+00:00,FLXI,IE00BHZRQZ17,FLXI.DE,yfinance,34.41999816894531,,,-11.162732951788112,-7.659297760058981,14.787179091474059,12.410180357810363,15.888400524920074,,19.660228264254492,-0.6566502139511394,-24.761253985894637,39.790000915527344,-13.49585982162288,"Ticker a confirmar; alternativa FRIN.L (LSE).; historico insuficiente (<10 anos) para retorno/volatilidade a 10 anos; max_drawdown_pct calculado sobre os ultimos 5 anos (historico mais longo disponivel); P/E nao disponivel para este activo (comum em ETFs sem componente de acoes com lucros, como obrigacoes, ouro ou cash, ou quando o yfinance nao publica o campo para este fundo)"
2026-10-05T23:44:34.825531+00:00,4GLD,DE000A0S9GB0,4GLD.DE,yfinance,118.3499984741211,,,0.10996214860061748,11.18939849636995,26.05657395326958,141.45177344981224,16.85355909756297,229.75759400056205,14.695440855158887,0.3507250016317649,-22.489523413781864,145.49000549316406,-18.654207158111735,"max_drawdown_pct calculado sobre os ultimos 5 anos (historico mais longo disponivel); P/E nao disponivel para este activo (comum em ETFs sem componente de acoes com lucros, como obrigacoes, ouro ou cash, ou quando o yfinance nao publica o campo para este fundo)"
2026-10-05T23:44:34.825531+00:00,EMXC,LU2009202107,EMXC.DE,yfinance,42.93000030517578,,,41.61306135207139,54.786368705371416,32.60611154367357,95.71461750811308,19.544411829188512,,21.1443205494736,1.6173551415551182,-20.482849028545914,44.80500030517578,-4.184800774978248,"historico insuficiente (<10 anos) para retorno/volatilidade a 10 anos; max_drawdown_pct calculado sobre os ultimos 5 anos (historico mais longo disponivel); P/E nao disponivel para este activo (comum em ETFs sem componente de acoes com lucros, como obrigacoes, ouro ou cash, ou quando o yfinance nao publica o campo para este fundo)"
2026-10-05T23:44:34.825531+00:00,MEUD,LU0908500753,MEUD.PA,yfinance,311.6499938964844,17.573338,,8.464138259409303,13.757484164466538,12.858582018086754,,13.196028483912754,,13.196028483912754,0.9104252392611117,-16.179756870039707,325.20001220703125,-4.166672140811778,historico insuficiente (<5 anos) para retorno/volatilidade a 5 anos; historico insuficiente (<10 anos) para retorno/volatilidade a 10 anos
2026-10-05T23:44:34.825531+00:00,EUDF,IE0002Y8CX98,EUDF.DE,yfinance,30.25,32.112732,,-1.7378588600418077,-11.316331109006617,27.675555000245645,,29.095996483789317,,29.095996483789317,-0.4829907715664329,-19.505299274997235,35.375,-14.487632508833926,Ticker a confirmar; alternativa WDEF.L (LSE).; historico insuficiente (<5 anos) para retorno/volatilidade a 5 anos; historico insuficiente (<10 anos) para retorno/volatilidade a 10 anos
2026-10-05T23:44:34.825531+00:00,QDVE,IE00BJK9422,QDVE.DE,yfinance,48.505001068115234,,,35.96356581761715,36.00168182527028,22.59597085153138,198.16204889673807,23.240283012255418,882.8774393216255,22.023092262129868,1.5025234142076294,-29.82743631010617,48.505001068115234,0.0,"max_drawdown_pct calculado sobre os ultimos 5 anos (historico mais longo disponivel); P/E nao disponivel para este activo (comum em ETFs sem componente de acoes com lucros, como obrigacoes, ouro ou cash, ou quando o yfinance nao publica o campo para este fundo)"
2026-10-05T23:44:34.825531+00:00,WEBN,IE0003XJA0J9,WEBN.DE,yfinance,13.199999809265137,,,17.836102524844733,20.834859642953553,24.371590724425047,,20.26724642120396,,20.26724642120396,0.7707397231989837,-21.21774843286368,13.199999809265137,0.0,"historico insuficiente (<5 anos) para retorno/volatilidade a 5 anos; historico insuficiente (<10 anos) para retorno/volatilidade a 10 anos; P/E nao disponivel para este activo (comum em ETFs sem componente de acoes com lucros, como obrigacoes, ouro ou cash, ou quando o yfinance nao publica o campo para este fundo)"
2026-10-05T23:44:34.825531+00:00,EUNN,IE00B4L5YX21,EUNN.DE,yfinance,75.11000061035156,,,27.089682825019,30.51260053185696,19.323855924976392,69.30394756347424,16.330603116807765,141.35603658358323,16.196070024568623,1.4728889559240728,-18.040377532591943,75.11000061035156,0.0,"max_drawdown_pct calculado sobre os ultimos 5 anos (historico mais longo disponivel); P/E nao disponivel para este activo (comum em ETFs sem componente de acoes com lucros, como obrigacoes, ouro ou cash, ou quando o yfinance nao publica o campo para este fundo)"
2026-10-05T23:44:34.825531+00:00,SP2Q,IE00BNGJJT35,SP2Q.DE,yfinance,63.869998931884766,,,14.791516233854374,15.580891914353344,9.89967383573444,53.7184118042435,14.869437705696365,,15.162323010007789,1.366730418069202,-22.733365247141503,65.75,-2.859317213863477,"Ticker Yahoo a confirmar (SP2Q); cobertura directa pode nao existir. Fallback Twelve Data usa RSP (Invesco S&P 500 Equal Weight ETF, US) como PROXY do mesmo indice - nao e o mesmo fundo UCITS, serve apenas de aproximacao quando SP2Q nao tem dados.; historico insuficiente (<10 anos) para retorno/volatilidade a 10 anos; max_drawdown_pct calculado sobre os ultimos 5 anos (historico mais longo disponivel); P/E nao disponivel para este activo (comum em ETFs sem componente de acoes com lucros, como obrigacoes, ouro ou cash, ou quando o yfinance nao publica o campo para este fundo)"
2026-10-05T23:44:34.825531+00:00,IUSN,IE00BF4RFH31,IUSN.DE,yfinance,9.076000213623047,,,17.079468309335443,19.32685087234369,13.626493216630756,46.552566582037635,16.513128585135334,,18.117917110164175,1.2678349479649953,-24.315517984407485,9.32800006866455,-2.7015421653784566,"historico insuficiente (<10 anos) para retorno/volatilidade a 10 anos; max_drawdown_pct calculado sobre os ultimos 5 anos (historico mais longo disponivel); P/E nao disponivel para este activo (comum em ETFs sem componente de acoes com lucros, como obrigacoes, ouro ou cash, ou quando o yfinance nao publica o campo para este fundo)"
2026-10-05T23:44:34.825531+00:00,XAIX,IE00BGV5VN51,XAIX.DE,yfinance,223.75,,,44.747054825722785,47.943660323467356,32.435120256770794,180.6346301006921,23.608464334137384,,22.902750378387495,1.4149154806909026,-33.0804754347501,223.75,0.0,"historico insuficiente (<10 anos) para retorno/volatilidade a 10 anos; max_drawdown_pct calculado sobre os ultimos 5 anos (historico mais longo disponivel); P/E nao disponivel para este activo (comum em ETFs sem componente de acoes com lucros, como obrigacoes, ouro ou cash, ou quando o yfinance nao publica o campo para este fundo)"
2026-10-06T22:20:20.161150+00:00,XEON,LU0290358497,XEON.DE,yfinance,150.39999389648438,,,1.549575122480884,2.0477331253577757,0.19485058666313365,11.12260549141013,0.25273348358672076,8.252830614313012,0.394441587767365,,-0.5208773133364208,150.39999389648438,0.0,"max_drawdown_pct calculado sobre os ultimos 5 anos (historico mais longo disponivel); P/E nao disponivel para este activo (comum em ETFs sem componente de acoes com lucros, como obrigacoes, ouro ou cash, ou quando o yfinance nao publica o campo para este fundo); sharpe_1y nao aplicavel (instrumento usado como taxa livre de risco)"
2026-10-06T22:20:20.161150+00:00,FLXI,IE00BHZRQZ17,FLXI.DE,yfinance,34.63999938964844,,,-10.594914583564908,-7.921317455728671,14.772804333988754,11.796026165240093,15.88216931830478,,19.6561841437794,-0.6748245191435996,-24.761253985894637,39.790000915527344,-12.94295402709883,"Ticker a confirmar; alternativa FRIN.L (LSE).; historico insuficiente (<10 anos) para retorno/volatilidade a 10 anos; max_drawdown_pct calculado sobre os ultimos 5 anos (historico mais longo disponivel); P/E nao disponivel para este activo (comum em ETFs sem componente de acoes com lucros, como obrigacoes, ouro ou cash, ou quando o yfinance nao publica o campo para este fundo)"
2026-10-06T22:20:20.161150+00:00,4GLD,DE000A0S9GB0,4GLD.DE,yfinance,118.69000244140625,,,0.39756489244631155,9.301046545842272,26.0053082521923,142.90860715378705,16.852930051852756,230.70494416235454,14.691600164172652,0.2789166484836044,-22.489523413781864,145.49000549316406,-18.42051140276919,"max_drawdown_pct calculado sobre os ultimos 5 anos (historico mais longo disponivel); P/E nao disponivel para este activo (comum em ETFs sem componente de acoes com lucros, como obrigacoes, ouro ou cash, ou quando o yfinance nao publica o campo para este fundo)"
2026-10-06T22:20:20.161150+00:00,EMXC,LU2009202107,EMXC.DE,yfinance,43.904998779296875,,,44.82928585131136,57.19655674747961,32.60738976994107,96.70698646773725,19.55463701345389,,21.154467577229312,1.691298322595587,-20.482849028545914,44.80500030517578,-2.008707777589147,"historico insuficiente (<10 anos) para retorno/volatilidade a 10 anos; max_drawdown_pct calculado sobre os ultimos 5 anos (historico mais longo disponivel); P/E nao disponivel para este activo (comum em ETFs sem componente de acoes com lucros, como obrigacoes, ouro ou cash, ou quando o yfinance nao publica o campo para este fundo)"
2026-10-06T22:20:20.161150+00:00,MEUD,LU0908500753,MEUD.PA,yfinance,312.6499938964844,17.66046,,8.812170155393995,14.147499402517273,12.835891000566896,,13.187185961432673,,13.187185961432673,0.942651061513775,-16.179756870039707,325.20001220703125,-3.8591690773237652,historico insuficiente (<5 anos) para retorno/volatilidade a 5 anos; historico insuficiente (<10 anos) para retorno/volatilidade a 10 anos
2026-10-06T22:20:20.161150+00:00,EUDF,IE0002Y8CX98,EUDF.DE,yfinance,30.655000686645508,31.300877,,-0.4222808556470725,-8.31464205910356,27.654008188102953,,29.076843521630725,,29.076843521630725,-0.3747151267901678,-19.505299274997235,35.375,-13.342754242698208,Ticker a confirmar; alternativa WDEF.L (LSE).; historico insuficiente (<5 anos) para retorno/volatilidade a 5 anos; historico insuficiente (<10 anos) para retorno/volatilidade a 10 anos
2026-10-06T22:20:20.161150+00:00,QDVE,IE00BJK9422,QDVE.DE,yfinance,48.97999954223633,,,37.29502617999789,36.94953272224224,22.566570494138606,193.46913106615986,23.21694582875008,892.502535160098,22.023349739747974,1.5466151405659885,-29.82743631010617,48.97999954223633,0.0,"max_drawdown_pct calculado sobre os ultimos 5 anos (historico mais longo disponivel); P/E nao disponivel para este activo (comum em ETFs sem componente de acoes com lucros, como obrigacoes, ouro ou cash, ou quando o yfinance nao publica o campo para este fundo)"
2026-10-06T22:20:20.161150+00:00,WEBN,IE0003XJA0J9,WEBN.DE,yfinance,13.338000297546387,,,19.068029791553798,21.51968386947103,24.341816360322696,,20.259854209956178,,20.259854209956178,0.7999382813458674,-21.21774843286368,13.338000297546387,0.0,"historico insuficiente (<5 anos) para retorno/volatilidade a 5 anos; historico insuficiente (<10 anos) para retorno/volatilidade a 10 anos; P/E nao disponivel para este activo (comum em ETFs sem componente de acoes com lucros, como obrigacoes, ouro ou cash, ou quando o yfinance nao publica o campo para este fundo)"
2026-10-06T22:20:20.161150+00:00,EUNN,IE00B4L5YX21,EUNN.DE,yfinance,75.91000366210938,,,28.443325925548212,29.27012619513798,19.30902614938362,68.53534123335298,16.323601470660694,143.92674040808066,16.198058029923036,1.4098273449512726,-18.040377532591943,75.91000366210938,0.0,"max_drawdown_pct calculado sobre os ultimos 5 anos (historico mais longo disponivel); P/E nao disponivel para este activo (comum em ETFs sem componente de acoes com lucros, como obrigacoes, ouro ou cash, ou quando o yfinance nao publica o campo para este fundo)"
2026-10-06T22:20:20.161150+00:00,SP2Q,IE00BNGJJT35,SP2Q.DE,yfinance,64.43000030517578,,,15.797988878415925,16.341637888250315,9.913812626118773,50.97832796027888,14.826474027569164,,15.160982150842676,1.4418171194030887,-22.733365247141503,65.75,-2.007604098591964,"Ticker Yahoo a confirmar (SP2Q); cobertura directa pode nao existir. Fallback Twelve Data usa RSP (Invesco S&P 500 Equal Weight ETF, US) como PROXY do mesmo indice - nao e o mesmo fundo UCITS, serve apenas de aproximacao quando SP2Q nao tem dados.; historico insuficiente (<10 anos) para retorno/volatilidade a 10 anos; max_drawdown_pct calculado sobre os ultimos 5 anos (historico mais longo disponivel); P/E nao disponivel para este activo (comum em ETFs sem componente de acoes com lucros, como obrigacoes, ouro ou cash, ou quando o yfinance nao publica o campo para este fundo)"
2026-10-06T22:20:20.161150+00:00,IUSN,IE00BF4RFH31,IUSN.DE,yfinance,9.138999938964844,,,17.892158279921876,19.38601813824963,13.613436989520078,44.10280554983714,16.481907834149332,,18.11506546137828,1.2736155480970193,-24.315517984407485,9.32800006866455,-2.0261591799791367,"historico insuficiente (<10 anos) para retorno/volatilidade a 10 anos; max_drawdown_pct calculado sobre os ultimos 5 anos (historico mais longo disponivel); P/E nao disponivel para este activo (comum em ETFs sem componente de acoes com lucros, como obrigacoes, ouro ou cash, ou quando o yfinance nao publica o campo para este fundo)"
2026-10-06T22:20:20.161150+00:00,XAIX,IE00BGV5VN51,XAIX.DE,yfinance,225.5500030517578,,,45.91150238066917,48.74044049037023,32.37630671406107,175.16164412937786,23.579536493092572,,22.89830152960758,1.442187578014689,-33.0804754347501,225.5500030517578,0.0,"historico insuficiente (<10 anos) para retorno/volatilidade a 10 anos; max_drawdown_pct calculado sobre os ultimos 5 anos (historico mais longo disponivel); P/E nao disponivel para este activo (comum em ETFs sem componente de acoes com lucros, como obrigacoes, ouro ou cash, ou quando o yfinance nao publica o campo para este fundo)"
2026-10-07T22:42:38.713311+00:00,XEON,LU0290358497,XEON.DE,yfinance,150.3990020751953,,,1.5489054480487763,2.06299491608386,0.1935975654675383,11.127610707928914,0.2526938853464475,8.25211673488242,0.3943656793166877,,-0.5157404913447405,150.39999389648438,-0.0006594556710814992,"max_drawdown_pct calculado sobre os ultimos 5 anos (historico mais longo disponivel); P/E nao disponivel para este activo (comum em ETFs sem componente de acoes com lucros, como obrigacoes, ouro ou cash, ou quando o yfinance nao publica o campo para este fundo); sharpe_1y nao aplicavel (instrumento usado como taxa livre de risco)"
2026-10-07T22:42:38.713311+00:00,FLXI,IE00BHZRQZ17,FLXI.DE,yfinance,34.70000076293945,,,-10.440052343417483,-8.334430900670641,14.759544215593742,12.717235455359122,15.879607524774775,,19.650931692651504,-0.7044543967536221,-24.761253985894637,39.790000915527344,-12.792158923026332,"Ticker a confirmar; alternativa FRIN.L (LSE).; historico insuficiente (<10 anos) para retorno/volatilidade a 10 anos; max_drawdown_pct calculado sobre os ultimos 5 anos (historico mais longo disponivel); P/E nao disponivel para este activo (comum em ETFs sem componente de acoes com lucros, como obrigacoes, ouro ou cash, ou quando o yfinance nao publica o campo para este fundo)"
2026-10-07T22:42:38.713311+00:00,4GLD,DE000A0S9GB0,4GLD.DE,yfinance,118.9000015258789,,,0.5751990341349211,8.307526733459891,25.984227081686345,143.58764413841976,16.852803835698097,231.29006282505708,14.68875574207603,0.24032009102080124,-22.489523413781864,145.49000549316406,-18.27617222032101,"max_drawdown_pct calculado sobre os ultimos 5 anos (historico mais longo disponivel); P/E nao disponivel para este activo (comum em ETFs sem componente de acoes com lucros, como obrigacoes, ouro ou cash, ou quando o yfinance nao publica o campo para este fundo)"
2026-10-07T22:42:38.713311+00:00,EMXC,LU2009202107,EMXC.DE,yfinance,43.6150016784668,,,43.87267329739015,55.990712112319095,32.61869385564721,95.80248002421541,19.55692643480987,,21.150389130803372,1.6532764136691156,-20.482849028545914,44.80500030517578,-2.655950493479897,"historico insuficiente (<10 anos) para retorno/volatilidade a 10 anos; max_drawdown_pct calculado sobre os ultimos 5 anos (historico mais longo disponivel); P/E nao disponivel para este activo (comum em ETFs sem componente de acoes com lucros, como obrigacoes, ouro ou cash, ou quando o yfinance nao publica o campo para este fundo)"
2026-10-07T22:42:38.713311+00:00,MEUD,LU0908500753,MEUD.PA,yfinance,314.20001220703125,17.486216,,9.351625966824596,14.855978582809005,12.842106315112156,,13.18012996827346,,13.18012996827346,0.9961748760536887,-16.179756870039707,325.20001220703125,-3.3825336983680954,historico insuficiente (<5 anos) para retorno/volatilidade a 5 anos; historico insuficiente (<10 anos) para retorno/volatilidade a 10 anos
2026-10-07T22:42:38.713311+00:00,EUDF,IE0002Y8CX98,EUDF.DE,yfinance,29.8799991607666,30.703772,,-2.9397456265428112,-9.959325224510762,27.758207564329833,,29.113828728717735,,29.113828728717735,-0.43310866210409354,-19.505299274997235,35.375,-15.533571276984869,Ticker a confirmar; alternativa WDEF.L (LSE).; historico insuficiente (<5 anos) para retorno/volatilidade a 5 anos; historico insuficiente (<10 anos) para retorno/volatilidade a 10 anos
2026-10-07T22:42:38.713311+00:00,QDVE,IE00BJK9422,QDVE.DE,yfinance,49.34000015258789,,,38.304137933468056,38.86856697934373,22.560343047539444,197.83894843676512,23.215680673233187,899.7973804392409,22.019915678959713,1.6314278548736028,-29.82743631010617,49.34000015258789,0.0,"max_drawdown_pct calculado sobre os ultimos 5 anos (historico mais longo disponivel); P/E nao disponivel para este activo (comum em ETFs sem componente de acoes com lucros, como obrigacoes, ouro ou cash, ou quando o yfinance nao publica o campo para este fundo)"
2026-10-07T22:42:38.713311+00:00,WEBN,IE0003XJA0J9,WEBN.DE,yfinance,13.38599967956543,,,19.496519199315387,22.246574545500142,24.341103023660477,,20.24280932047376,,20.24280932047376,0.8291974118755866,-21.21774843286368,13.38599967956543,0.0,"historico insuficiente (<5 anos) para retorno/volatilidade a 5 anos; historico insuficiente (<10 anos) para retorno/volatilidade a 10 anos; P/E nao disponivel para este activo (comum em ETFs sem componente de acoes com lucros, como obrigacoes, ouro ou cash, ou quando o yfinance nao publica o campo para este fundo)"
2026-10-07T22:42:38.713311+00:00,EUNN,IE00B4L5YX21,EUNN.DE,yfinance,75.97000122070312,,,28.544844639833823,31.091250795085145,19.255830604379454,70.00470104005923,16.31938972280882,144.11953461430093,16.194868734203002,1.5075047384556466,-18.040377532591943,75.97000122070312,0.0,"max_drawdown_pct calculado sobre os ultimos 5 anos (historico mais longo disponivel); P/E nao disponivel para este activo (comum em ETFs sem componente de acoes com lucros, como obrigacoes, ouro ou cash, ou quando o yfinance nao publica o campo para este fundo)"
2026-10-07T22:42:38.713311+00:00,SP2Q,IE00BNGJJT35,SP2Q.DE,yfinance,64.7300033569336,,,16.337174814880218,17.200803717972658,9.916323658295328,52.61110918245233,14.82490392756203,,15.156593772058821,1.5265545300375032,-22.733365247141503,65.75,-1.5513256928766594,"Ticker Yahoo a confirmar (SP2Q); cobertura directa pode nao existir. Fallback Twelve Data usa RSP (Invesco S&P 500 Equal Weight ETF, US) como PROXY do mesmo indice - nao e o mesmo fundo UCITS, serve apenas de aproximacao quando SP2Q nao tem dados.; historico insuficiente (<10 anos) para retorno/volatilidade a 10 anos; max_drawdown_pct calculado sobre os ultimos 5 anos (historico mais longo disponivel); P/E nao disponivel para este activo (comum em ETFs sem componente de acoes com lucros, como obrigacoes, ouro ou cash, ou quando o yfinance nao publica o campo para este fundo)"
2026-10-07T22:42:38.713311+00:00,IUSN,IE00BF4RFH31,IUSN.DE,yfinance,9.152000427246094,,,18.059863240246333,20.882318152852154,13.562235228899363,44.74142801681893,16.4813061705861,,18.110868705192747,1.3876269596524,-24.315517984407485,9.32800006866455,-1.8867885947995489,"historico insuficiente (<10 anos) para retorno/volatilidade a 10 anos; max_drawdown_pct calculado sobre os ultimos 5 anos (historico mais longo disponivel); P/E nao disponivel para este activo (comum em ETFs sem componente de acoes com lucros, como obrigacoes, ouro ou cash, ou quando o yfinance nao publica o campo para este fundo)"
2026-10-07T22:42:38.713311+00:00,XAIX,IE00BGV5VN51,XAIX.DE,yfinance,226.39999389648438,,,46.46137353777755,50.35196649186986,32.364852942942946,178.03020145892611,23.577514511850993,,22.89264976527569,1.4920188780377344,-33.0804754347501,226.39999389648438,0.0,"historico insuficiente (<10 anos) para retorno/volatilidade a 10 anos; max_drawdown_pct calculado sobre os ultimos 5 anos (historico mais longo disponivel); P/E nao disponivel para este activo (comum em ETFs sem componente de acoes com lucros, como obrigacoes, ouro ou cash, ou quando o yfinance nao publica o campo para este fundo)"
