data_recolha,finalidade,montante_eur,prazo_meses,prestacao_mensal_eur,taeg_pct,tan_pct,mtic_eur
2026-10-05,Obras,1000.0,24,47.19,15.0,11.77,1150.16
2026-10-05,Obras,1000.0,30,38.86,14.6,11.77,1183.4
2026-10-05,Obras,1000.0,36,33.33,14.4,11.77,1217.48
2026-10-05,Obras,5000.0,24,235.93,15.0,11.77,5750.32
2026-10-05,Obras,5000.0,30,194.31,14.6,11.77,5917.3
2026-10-05,Obras,5000.0,36,163.01,12.6,10.3,5956.36
2026-10-05,Obras,5000.0,42,143.28,12.4,10.3,6105.76
2026-10-05,Obras,5000.0,48,129.25,12.6,10.59,6292.0
2026-10-05,Obras,5000.0,54,117.83,12.5,10.59,6450.82
2026-10-05,Obras,5000.0,60,109.16,12.6,10.75,6637.6
2026-10-05,Obras,5000.0,66,101.76,12.6,10.75,6804.16
2026-10-05,Obras,5000.0,72,95.99,12.7,10.88,6999.28
2026-10-05,Obras,5000.0,78,90.76,12.6,10.86,7167.28
2026-10-05,Obras,5000.0,84,86.51,12.6,10.9,7354.84
2026-10-05,Obras,10000.0,24,471.86,15.0,11.77,11500.64
2026-10-05,Obras,10000.0,30,388.61,14.6,11.77,11834.3
2026-10-05,Obras,10000.0,36,326.02,12.6,10.3,11912.72
2026-10-05,Obras,10000.0,42,286.55,12.4,10.3,12211.1
2026-10-05,Obras,10000.0,48,258.5,12.6,10.59,12584.0
2026-10-05,Obras,10000.0,54,235.66,12.5,10.59,12901.64
2026-10-05,Obras,10000.0,60,218.32,12.6,10.75,13275.2
2026-10-05,Obras,10000.0,66,203.53,12.6,10.75,13608.98
2026-10-05,Obras,10000.0,72,191.98,12.7,10.88,13998.56
2026-10-05,Obras,10000.0,78,181.53,12.6,10.86,14335.34
2026-10-05,Obras,10000.0,84,167.0,11.3,9.8,14204.0
2026-10-05,Obras,15000.0,24,707.78,15.0,11.77,17250.72
2026-10-05,Obras,15000.0,30,582.92,14.6,11.77,17751.6
2026-10-05,Obras,15000.0,36,489.02,12.6,10.3,17868.72
2026-10-05,Obras,15000.0,42,429.83,12.4,10.3,18316.86
2026-10-05,Obras,15000.0,48,387.76,12.6,10.59,18876.48
2026-10-05,Obras,15000.0,54,353.5,12.5,10.59,19353.0
2026-10-05,Obras,15000.0,60,327.48,12.6,10.75,19912.8
2026-10-05,Obras,15000.0,66,305.29,12.6,10.75,20413.14
2026-10-05,Obras,15000.0,72,287.98,12.7,10.88,20998.56
2026-10-05,Obras,15000.0,78,272.29,12.6,10.86,21502.62
2026-10-05,Obras,15000.0,84,250.49,11.3,9.8,21305.16
2026-10-05,Obras,20000.0,24,943.71,15.0,11.77,23001.04
2026-10-05,Obras,20000.0,30,777.23,14.6,11.77,23668.9
2026-10-05,Obras,20000.0,36,652.03,12.6,10.3,23825.08
2026-10-05,Obras,20000.0,42,573.1,12.4,10.3,24422.2
2026-10-05,Obras,20000.0,48,517.01,12.6,10.59,25168.48
2026-10-05,Obras,20000.0,54,471.33,12.5,10.59,25803.82
2026-10-05,Obras,20000.0,60,436.65,12.6,10.75,26551.0
2026-10-05,Obras,20000.0,66,407.05,12.6,10.75,27217.3
2026-10-05,Obras,20000.0,72,383.97,12.7,10.88,27997.84
2026-10-05,Obras,20000.0,78,363.05,12.6,10.86,28669.9
2026-10-05,Obras,20000.0,84,333.99,11.3,9.8,28407.16
2026-10-05,Obras,25000.0,24,1179.64,15.0,11.77,28751.36
2026-10-05,Obras,25000.0,30,971.54,14.6,11.77,29586.2
2026-10-05,Obras,25000.0,36,815.04,12.6,10.3,29781.44
2026-10-05,Obras,25000.0,42,716.38,12.4,10.3,30527.96
2026-10-05,Obras,25000.0,48,646.26,12.6,10.59,31460.48
2026-10-05,Obras,25000.0,54,589.16,12.5,10.59,32254.64
2026-10-05,Obras,25000.0,60,545.81,12.6,10.75,33188.6
2026-10-05,Obras,25000.0,66,508.81,12.6,10.75,34021.46
2026-10-05,Obras,25000.0,72,479.96,12.7,10.88,34997.12
2026-10-05,Obras,25000.0,78,453.81,12.6,10.86,35837.18
2026-10-05,Obras,25000.0,84,417.49,11.3,9.8,35509.16
2026-10-05,Obras,30000.0,24,1415.57,15.0,11.77,34501.68
2026-10-05,Obras,30000.0,30,1165.84,14.6,11.77,35503.2
2026-10-05,Obras,30000.0,36,978.05,12.6,10.3,35737.8
2026-10-05,Obras,30000.0,42,859.65,12.4,10.3,36633.3
2026-10-05,Obras,30000.0,48,775.51,12.6,10.59,37752.48
2026-10-05,Obras,30000.0,54,706.99,12.5,10.59,38705.46
2026-10-05,Obras,30000.0,60,654.97,12.6,10.75,39826.2
2026-10-05,Obras,30000.0,66,610.58,12.6,10.75,40826.28
2026-10-05,Obras,30000.0,72,575.95,12.7,10.88,41996.4
2026-10-05,Obras,30000.0,78,544.58,12.6,10.86,43005.24
2026-10-05,Obras,30000.0,84,500.99,11.3,9.8,42611.16
2026-10-05,Obras,35000.0,24,1651.5,15.0,11.77,40252.0
2026-10-05,Obras,35000.0,30,1360.15,14.6,11.77,41420.5
2026-10-05,Obras,35000.0,36,1141.05,12.6,10.3,41693.8
2026-10-05,Obras,35000.0,42,1002.93,12.4,10.3,42739.06
2026-10-05,Obras,35000.0,48,904.76,12.6,10.59,44044.48
2026-10-05,Obras,35000.0,54,824.82,12.5,10.59,45156.28
2026-10-05,Obras,35000.0,60,764.13,12.6,10.75,46463.8
2026-10-05,Obras,35000.0,66,712.34,12.6,10.75,47630.44
2026-10-05,Obras,35000.0,72,671.94,12.7,10.88,48995.68
2026-10-05,Obras,35000.0,78,635.34,12.6,10.86,50172.52
2026-10-05,Obras,35000.0,84,584.48,11.3,9.8,49712.32
2026-10-05,Obras,40000.0,24,1887.43,15.0,11.77,46002.32
2026-10-05,Obras,40000.0,30,1554.46,14.6,11.77,47337.8
2026-10-05,Obras,40000.0,36,1304.06,12.6,10.3,47650.16
2026-10-05,Obras,40000.0,42,1146.2,12.4,10.3,48844.4
2026-10-05,Obras,40000.0,48,1034.02,12.6,10.59,50336.96
2026-10-05,Obras,40000.0,54,942.66,12.5,10.59,51607.64
2026-10-05,Obras,40000.0,60,873.29,12.6,10.75,53101.4
2026-10-05,Obras,40000.0,66,814.1,12.6,10.75,54434.6
2026-10-05,Obras,40000.0,72,767.94,12.7,10.88,55995.68
2026-10-05,Obras,40000.0,78,726.1,12.6,10.86,57339.8
2026-10-05,Obras,40000.0,84,667.98,11.3,9.8,56814.32
2026-10-05,Obras,45000.0,24,2123.35,15.0,11.77,51752.4
2026-10-05,Obras,45000.0,30,1748.76,14.6,11.77,53254.8
2026-10-05,Obras,45000.0,36,1467.07,12.6,10.3,53606.52
2026-10-05,Obras,45000.0,42,1289.48,12.4,10.3,54950.16
2026-10-05,Obras,45000.0,48,1163.27,12.6,10.59,56628.96
2026-10-05,Obras,45000.0,54,1060.49,12.5,10.59,58058.46
2026-10-05,Obras,45000.0,60,982.45,12.6,10.75,59739.0
2026-10-05,Obras,45000.0,66,915.87,12.6,10.75,61239.42
2026-10-05,Obras,45000.0,72,863.93,12.7,10.88,62994.96
2026-10-05,Obras,45000.0,78,816.86,12.6,10.86,64507.08
2026-10-05,Obras,45000.0,84,751.48,11.3,9.8,63916.32
2026-10-05,Obras,50000.0,24,2359.28,15.0,11.77,57502.72
2026-10-05,Obras,50000.0,30,1943.07,14.6,11.77,59172.1
2026-10-05,Obras,50000.0,36,1630.08,12.6,10.3,59562.88
2026-10-05,Obras,50000.0,42,1432.75,12.4,10.3,61055.5
2026-10-05,Obras,50000.0,48,1292.52,12.6,10.59,62920.96
2026-10-05,Obras,50000.0,54,1178.32,12.5,10.59,64509.28
2026-10-05,Obras,50000.0,60,1091.61,12.6,10.75,66376.6
2026-10-05,Obras,50000.0,66,1017.63,12.6,10.75,68043.58
2026-10-05,Obras,50000.0,72,959.92,12.7,10.88,69994.24
2026-10-05,Obras,50000.0,78,907.63,12.6,10.86,71675.14
2026-10-05,Obras,50000.0,84,834.98,11.3,9.8,71018.32
2026-10-05,Obras,55000.0,24,2595.21,15.0,11.77,63253.04
2026-10-05,Obras,55000.0,30,2137.38,14.6,11.77,65089.4
2026-10-05,Obras,55000.0,36,1793.09,12.6,10.3,65519.24
2026-10-05,Obras,55000.0,42,1576.03,12.4,10.3,67161.26
2026-10-05,Obras,55000.0,48,1421.77,12.6,10.59,69212.96
2026-10-05,Obras,55000.0,54,1296.15,12.5,10.59,70960.1
2026-10-05,Obras,55000.0,60,1200.78,12.6,10.75,73014.8
2026-10-05,Obras,55000.0,66,1119.39,12.6,10.75,74847.74
2026-10-05,Obras,55000.0,72,1055.91,12.7,10.88,76993.52
2026-10-05,Obras,55000.0,78,998.39,12.6,10.86,78842.42
2026-10-05,Obras,55000.0,84,918.47,11.3,9.8,78119.48
2026-10-05,Obras,60000.0,24,2831.14,15.0,11.77,69003.36
2026-10-05,Obras,60000.0,30,2331.69,14.6,11.77,71006.7
2026-10-05,Obras,60000.0,36,1956.09,12.6,10.3,71475.24
2026-10-05,Obras,60000.0,42,1719.3,12.4,10.3,73266.6
2026-10-05,Obras,60000.0,48,1551.02,12.6,10.59,75504.96
2026-10-05,Obras,60000.0,54,1413.98,12.5,10.59,77410.92
2026-10-05,Obras,60000.0,60,1309.94,12.6,10.75,79652.4
2026-10-05,Obras,60000.0,66,1221.15,12.6,10.75,81651.9
2026-10-05,Obras,60000.0,72,1151.9,12.7,10.88,83992.8
2026-10-05,Obras,60000.0,78,1089.15,12.6,10.86,86009.7
2026-10-05,Obras,60000.0,84,1001.97,11.3,9.8,85221.48
2026-10-05,Obras,65000.0,24,3067.07,15.0,11.77,74753.68
2026-10-05,Obras,65000.0,30,2525.99,14.6,11.77,76923.7
2026-10-05,Obras,65000.0,36,2119.1,12.6,10.3,77431.6
2026-10-05,Obras,65000.0,42,1862.58,12.4,10.3,79372.36
2026-10-05,Obras,65000.0,48,1680.27,12.6,10.59,81796.96
2026-10-05,Obras,65000.0,54,1531.82,12.5,10.59,83862.28
2026-10-05,Obras,65000.0,60,1419.1,12.6,10.75,86290.0
2026-10-05,Obras,65000.0,66,1322.92,12.6,10.75,88456.72
2026-10-05,Obras,65000.0,72,1247.89,12.7,10.88,90992.08
2026-10-05,Obras,65000.0,78,1179.91,12.6,10.86,93176.98
2026-10-05,Obras,65000.0,84,1085.47,11.3,9.8,92323.48
2026-10-05,Obras,70000.0,24,3302.99,15.0,11.77,80503.76
2026-10-05,Obras,70000.0,30,2720.3,14.6,11.77,82841.0
2026-10-05,Obras,70000.0,36,2282.11,12.6,10.3,83387.96
2026-10-05,Obras,70000.0,42,2005.85,12.4,10.3,85477.7
2026-10-05,Obras,70000.0,48,1809.53,12.6,10.59,88089.44
2026-10-05,Obras,70000.0,54,1649.65,12.5,10.59,90313.1
2026-10-05,Obras,70000.0,60,1528.26,12.6,10.75,92927.6
2026-10-05,Obras,70000.0,66,1424.68,12.6,10.75,95260.88
2026-10-05,Obras,70000.0,72,1343.89,12.7,10.88,97992.08
2026-10-05,Obras,70000.0,78,1270.68,12.6,10.86,100345.04
2026-10-05,Obras,70000.0,84,1168.97,11.3,9.8,99425.48
2026-10-05,Obras,75000.0,24,3538.92,15.0,11.77,86254.08
2026-10-05,Obras,75000.0,30,2914.61,14.6,11.77,88758.3
2026-10-05,Obras,75000.0,36,2445.12,12.6,10.3,89344.32
2026-10-05,Obras,75000.0,42,2149.13,12.4,10.3,91583.46
2026-10-05,Obras,75000.0,48,1938.78,12.6,10.59,94381.44
2026-10-05,Obras,75000.0,54,1767.48,12.5,10.59,96763.92
2026-10-05,Obras,75000.0,60,1637.42,12.6,10.75,99565.2
2026-10-05,Obras,75000.0,66,1526.44,12.6,10.75,102065.04
2026-10-05,Obras,75000.0,72,1439.88,12.7,10.88,104991.36
2026-10-05,Obras,75000.0,78,1361.44,12.6,10.86,107512.32
2026-10-05,Obras,75000.0,84,1252.46,11.3,9.8,106526.64
2026-10-05,Mobiliário/Decoração,1000.0,24,47.19,15.0,11.77,1150.16
2026-10-05,Mobiliário/Decoração,1000.0,30,38.86,14.6,11.77,1183.4
2026-10-05,Mobiliário/Decoração,1000.0,36,33.33,14.4,11.77,1217.48
2026-10-05,Mobiliário/Decoração,5000.0,24,235.93,15.0,11.77,5750.32
2026-10-05,Mobiliário/Decoração,5000.0,30,194.31,14.6,11.77,5917.3
2026-10-05,Mobiliário/Decoração,5000.0,36,163.01,12.6,10.3,5956.36
2026-10-05,Mobiliário/Decoração,5000.0,42,143.28,12.4,10.3,6105.76
2026-10-05,Mobiliário/Decoração,5000.0,48,129.25,12.6,10.59,6292.0
2026-10-05,Mobiliário/Decoração,5000.0,54,117.83,12.5,10.59,6450.82
2026-10-05,Mobiliário/Decoração,5000.0,60,109.16,12.6,10.75,6637.6
2026-10-05,Mobiliário/Decoração,5000.0,66,101.76,12.6,10.75,6804.16
2026-10-05,Mobiliário/Decoração,5000.0,72,95.99,12.7,10.88,6999.28
2026-10-05,Mobiliário/Decoração,5000.0,78,90.76,12.6,10.86,7167.28
2026-10-05,Mobiliário/Decoração,5000.0,84,86.51,12.6,10.9,7354.84
2026-10-05,Mobiliário/Decoração,10000.0,24,471.86,15.0,11.77,11500.64
2026-10-05,Mobiliário/Decoração,10000.0,30,388.61,14.6,11.77,11834.3
2026-10-05,Mobiliário/Decoração,10000.0,36,326.02,12.6,10.3,11912.72
2026-10-05,Mobiliário/Decoração,10000.0,42,286.55,12.4,10.3,12211.1
2026-10-05,Mobiliário/Decoração,10000.0,48,258.5,12.6,10.59,12584.0
2026-10-05,Mobiliário/Decoração,10000.0,54,235.66,12.5,10.59,12901.64
2026-10-05,Mobiliário/Decoração,10000.0,60,218.32,12.6,10.75,13275.2
2026-10-05,Mobiliário/Decoração,10000.0,66,203.53,12.6,10.75,13608.98
2026-10-05,Mobiliário/Decoração,10000.0,72,191.98,12.7,10.88,13998.56
2026-10-05,Mobiliário/Decoração,10000.0,78,181.53,12.6,10.86,14335.34
2026-10-05,Mobiliário/Decoração,10000.0,84,167.0,11.3,9.8,14204.0
2026-10-05,Mobiliário/Decoração,15000.0,24,707.78,15.0,11.77,17250.72
2026-10-05,Mobiliário/Decoração,15000.0,30,582.92,14.6,11.77,17751.6
2026-10-05,Mobiliário/Decoração,15000.0,36,489.02,12.6,10.3,17868.72
2026-10-05,Mobiliário/Decoração,15000.0,42,429.83,12.4,10.3,18316.86
2026-10-05,Mobiliário/Decoração,15000.0,48,387.76,12.6,10.59,18876.48
2026-10-05,Mobiliário/Decoração,15000.0,54,353.5,12.5,10.59,19353.0
2026-10-05,Mobiliário/Decoração,15000.0,60,327.48,12.6,10.75,19912.8
2026-10-05,Mobiliário/Decoração,15000.0,66,305.29,12.6,10.75,20413.14
2026-10-05,Mobiliário/Decoração,15000.0,72,287.98,12.7,10.88,20998.56
2026-10-05,Mobiliário/Decoração,15000.0,78,272.29,12.6,10.86,21502.62
2026-10-05,Mobiliário/Decoração,15000.0,84,250.49,11.3,9.8,21305.16
2026-10-05,Mobiliário/Decoração,20000.0,24,943.71,15.0,11.77,23001.04
2026-10-05,Mobiliário/Decoração,20000.0,30,777.23,14.6,11.77,23668.9
2026-10-05,Mobiliário/Decoração,20000.0,36,652.03,12.6,10.3,23825.08
2026-10-05,Mobiliário/Decoração,20000.0,42,573.1,12.4,10.3,24422.2
2026-10-05,Mobiliário/Decoração,20000.0,48,517.01,12.6,10.59,25168.48
2026-10-05,Mobiliário/Decoração,20000.0,54,471.33,12.5,10.59,25803.82
2026-10-05,Mobiliário/Decoração,20000.0,60,436.65,12.6,10.75,26551.0
2026-10-05,Mobiliário/Decoração,20000.0,66,407.05,12.6,10.75,27217.3
2026-10-05,Mobiliário/Decoração,20000.0,72,383.97,12.7,10.88,27997.84
2026-10-05,Mobiliário/Decoração,20000.0,78,363.05,12.6,10.86,28669.9
2026-10-05,Mobiliário/Decoração,20000.0,84,333.99,11.3,9.8,28407.16
2026-10-05,Mobiliário/Decoração,25000.0,24,1179.64,15.0,11.77,28751.36
2026-10-05,Mobiliário/Decoração,25000.0,30,971.54,14.6,11.77,29586.2
2026-10-05,Mobiliário/Decoração,25000.0,36,815.04,12.6,10.3,29781.44
2026-10-05,Mobiliário/Decoração,25000.0,42,716.38,12.4,10.3,30527.96
2026-10-05,Mobiliário/Decoração,25000.0,48,646.26,12.6,10.59,31460.48
2026-10-05,Mobiliário/Decoração,25000.0,54,589.16,12.5,10.59,32254.64
2026-10-05,Mobiliário/Decoração,25000.0,60,545.81,12.6,10.75,33188.6
2026-10-05,Mobiliário/Decoração,25000.0,66,508.81,12.6,10.75,34021.46
2026-10-05,Mobiliário/Decoração,25000.0,72,479.96,12.7,10.88,34997.12
2026-10-05,Mobiliário/Decoração,25000.0,78,453.81,12.6,10.86,35837.18
2026-10-05,Mobiliário/Decoração,25000.0,84,417.49,11.3,9.8,35509.16
2026-10-05,Mobiliário/Decoração,30000.0,24,1415.57,15.0,11.77,34501.68
2026-10-05,Mobiliário/Decoração,30000.0,30,1165.84,14.6,11.77,35503.2
2026-10-05,Mobiliário/Decoração,30000.0,36,978.05,12.6,10.3,35737.8
2026-10-05,Mobiliário/Decoração,30000.0,42,859.65,12.4,10.3,36633.3
2026-10-05,Mobiliário/Decoração,30000.0,48,775.51,12.6,10.59,37752.48
2026-10-05,Mobiliário/Decoração,30000.0,54,706.99,12.5,10.59,38705.46
2026-10-05,Mobiliário/Decoração,30000.0,60,654.97,12.6,10.75,39826.2
2026-10-05,Mobiliário/Decoração,30000.0,66,610.58,12.6,10.75,40826.28
2026-10-05,Mobiliário/Decoração,30000.0,72,575.95,12.7,10.88,41996.4
2026-10-05,Mobiliário/Decoração,30000.0,78,544.58,12.6,10.86,43005.24
2026-10-05,Mobiliário/Decoração,30000.0,84,500.99,11.3,9.8,42611.16
2026-10-05,Mobiliário/Decoração,35000.0,24,1651.5,15.0,11.77,40252.0
2026-10-05,Mobiliário/Decoração,35000.0,30,1360.15,14.6,11.77,41420.5
2026-10-05,Mobiliário/Decoração,35000.0,36,1141.05,12.6,10.3,41693.8
2026-10-05,Mobiliário/Decoração,35000.0,42,1002.93,12.4,10.3,42739.06
2026-10-05,Mobiliário/Decoração,35000.0,48,904.76,12.6,10.59,44044.48
2026-10-05,Mobiliário/Decoração,35000.0,54,824.82,12.5,10.59,45156.28
2026-10-05,Mobiliário/Decoração,35000.0,60,764.13,12.6,10.75,46463.8
2026-10-05,Mobiliário/Decoração,35000.0,66,712.34,12.6,10.75,47630.44
2026-10-05,Mobiliário/Decoração,35000.0,72,671.94,12.7,10.88,48995.68
2026-10-05,Mobiliário/Decoração,35000.0,78,635.34,12.6,10.86,50172.52
2026-10-05,Mobiliário/Decoração,35000.0,84,584.48,11.3,9.8,49712.32
2026-10-05,Mobiliário/Decoração,40000.0,24,1887.43,15.0,11.77,46002.32
2026-10-05,Mobiliário/Decoração,40000.0,30,1554.46,14.6,11.77,47337.8
2026-10-05,Mobiliário/Decoração,40000.0,36,1304.06,12.6,10.3,47650.16
2026-10-05,Mobiliário/Decoração,40000.0,42,1146.2,12.4,10.3,48844.4
2026-10-05,Mobiliário/Decoração,40000.0,48,1034.02,12.6,10.59,50336.96
2026-10-05,Mobiliário/Decoração,40000.0,54,942.66,12.5,10.59,51607.64
2026-10-05,Mobiliário/Decoração,40000.0,60,873.29,12.6,10.75,53101.4
2026-10-05,Mobiliário/Decoração,40000.0,66,814.1,12.6,10.75,54434.6
2026-10-05,Mobiliário/Decoração,40000.0,72,767.94,12.7,10.88,55995.68
2026-10-05,Mobiliário/Decoração,40000.0,78,726.1,12.6,10.86,57339.8
2026-10-05,Mobiliário/Decoração,40000.0,84,667.98,11.3,9.8,56814.32
2026-10-05,Mobiliário/Decoração,45000.0,24,2123.35,15.0,11.77,51752.4
2026-10-05,Mobiliário/Decoração,45000.0,30,1748.76,14.6,11.77,53254.8
2026-10-05,Mobiliário/Decoração,45000.0,36,1467.07,12.6,10.3,53606.52
2026-10-05,Mobiliário/Decoração,45000.0,42,1289.48,12.4,10.3,54950.16
2026-10-05,Mobiliário/Decoração,45000.0,48,1163.27,12.6,10.59,56628.96
2026-10-05,Mobiliário/Decoração,45000.0,54,1060.49,12.5,10.59,58058.46
2026-10-05,Mobiliário/Decoração,45000.0,60,982.45,12.6,10.75,59739.0
2026-10-05,Mobiliário/Decoração,45000.0,66,915.87,12.6,10.75,61239.42
2026-10-05,Mobiliário/Decoração,45000.0,72,863.93,12.7,10.88,62994.96
2026-10-05,Mobiliário/Decoração,45000.0,78,816.86,12.6,10.86,64507.08
2026-10-05,Mobiliário/Decoração,45000.0,84,751.48,11.3,9.8,63916.32
2026-10-05,Mobiliário/Decoração,50000.0,24,2359.28,15.0,11.77,57502.72
2026-10-05,Mobiliário/Decoração,50000.0,30,1943.07,14.6,11.77,59172.1
2026-10-05,Mobiliário/Decoração,50000.0,36,1630.08,12.6,10.3,59562.88
2026-10-05,Mobiliário/Decoração,50000.0,42,1432.75,12.4,10.3,61055.5
2026-10-05,Mobiliário/Decoração,50000.0,48,1292.52,12.6,10.59,62920.96
2026-10-05,Mobiliário/Decoração,50000.0,54,1178.32,12.5,10.59,64509.28
2026-10-05,Mobiliário/Decoração,50000.0,60,1091.61,12.6,10.75,66376.6
2026-10-05,Mobiliário/Decoração,50000.0,66,1017.63,12.6,10.75,68043.58
2026-10-05,Mobiliário/Decoração,50000.0,72,959.92,12.7,10.88,69994.24
2026-10-05,Mobiliário/Decoração,50000.0,78,907.63,12.6,10.86,71675.14
2026-10-05,Mobiliário/Decoração,50000.0,84,834.98,11.3,9.8,71018.32
2026-10-05,Mobiliário/Decoração,55000.0,24,2595.21,15.0,11.77,63253.04
2026-10-05,Mobiliário/Decoração,55000.0,30,2137.38,14.6,11.77,65089.4
2026-10-05,Mobiliário/Decoração,55000.0,36,1793.09,12.6,10.3,65519.24
2026-10-05,Mobiliário/Decoração,55000.0,42,1576.03,12.4,10.3,67161.26
2026-10-05,Mobiliário/Decoração,55000.0,48,1421.77,12.6,10.59,69212.96
2026-10-05,Mobiliário/Decoração,55000.0,54,1296.15,12.5,10.59,70960.1
2026-10-05,Mobiliário/Decoração,55000.0,60,1200.78,12.6,10.75,73014.8
2026-10-05,Mobiliário/Decoração,55000.0,66,1119.39,12.6,10.75,74847.74
2026-10-05,Mobiliário/Decoração,55000.0,72,1055.91,12.7,10.88,76993.52
2026-10-05,Mobiliário/Decoração,55000.0,78,998.39,12.6,10.86,78842.42
2026-10-05,Mobiliário/Decoração,55000.0,84,918.47,11.3,9.8,78119.48
2026-10-05,Mobiliário/Decoração,60000.0,24,2831.14,15.0,11.77,69003.36
2026-10-05,Mobiliário/Decoração,60000.0,30,2331.69,14.6,11.77,71006.7
2026-10-05,Mobiliário/Decoração,60000.0,36,1956.09,12.6,10.3,71475.24
2026-10-05,Mobiliário/Decoração,60000.0,42,1719.3,12.4,10.3,73266.6
2026-10-05,Mobiliário/Decoração,60000.0,48,1551.02,12.6,10.59,75504.96
2026-10-05,Mobiliário/Decoração,60000.0,54,1413.98,12.5,10.59,77410.92
2026-10-05,Mobiliário/Decoração,60000.0,60,1309.94,12.6,10.75,79652.4
2026-10-05,Mobiliário/Decoração,60000.0,66,1221.15,12.6,10.75,81651.9
2026-10-05,Mobiliário/Decoração,60000.0,72,1151.9,12.7,10.88,83992.8
2026-10-05,Mobiliário/Decoração,60000.0,78,1089.15,12.6,10.86,86009.7
2026-10-05,Mobiliário/Decoração,60000.0,84,1001.97,11.3,9.8,85221.48
2026-10-05,Mobiliário/Decoração,65000.0,24,3067.07,15.0,11.77,74753.68
2026-10-05,Mobiliário/Decoração,65000.0,30,2525.99,14.6,11.77,76923.7
2026-10-05,Mobiliário/Decoração,65000.0,36,2119.1,12.6,10.3,77431.6
2026-10-05,Mobiliário/Decoração,65000.0,42,1862.58,12.4,10.3,79372.36
2026-10-05,Mobiliário/Decoração,65000.0,48,1680.27,12.6,10.59,81796.96
2026-10-05,Mobiliário/Decoração,65000.0,54,1531.82,12.5,10.59,83862.28
2026-10-05,Mobiliário/Decoração,65000.0,60,1419.1,12.6,10.75,86290.0
2026-10-05,Mobiliário/Decoração,65000.0,66,1322.92,12.6,10.75,88456.72
2026-10-05,Mobiliário/Decoração,65000.0,72,1247.89,12.7,10.88,90992.08
2026-10-05,Mobiliário/Decoração,65000.0,78,1179.91,12.6,10.86,93176.98
2026-10-05,Mobiliário/Decoração,65000.0,84,1085.47,11.3,9.8,92323.48
2026-10-05,Mobiliário/Decoração,70000.0,24,3302.99,15.0,11.77,80503.76
2026-10-05,Mobiliário/Decoração,70000.0,30,2720.3,14.6,11.77,82841.0
2026-10-05,Mobiliário/Decoração,70000.0,36,2282.11,12.6,10.3,83387.96
2026-10-05,Mobiliário/Decoração,70000.0,42,2005.85,12.4,10.3,85477.7
2026-10-05,Mobiliário/Decoração,70000.0,48,1809.53,12.6,10.59,88089.44
2026-10-05,Mobiliário/Decoração,70000.0,54,1649.65,12.5,10.59,90313.1
2026-10-05,Mobiliário/Decoração,70000.0,60,1528.26,12.6,10.75,92927.6
2026-10-05,Mobiliário/Decoração,70000.0,66,1424.68,12.6,10.75,95260.88
2026-10-05,Mobiliário/Decoração,70000.0,72,1343.89,12.7,10.88,97992.08
2026-10-05,Mobiliário/Decoração,70000.0,78,1270.68,12.6,10.86,100345.04
2026-10-05,Mobiliário/Decoração,70000.0,84,1168.97,11.3,9.8,99425.48
2026-10-05,Mobiliário/Decoração,75000.0,24,3538.92,15.0,11.77,86254.08
2026-10-05,Mobiliário/Decoração,75000.0,30,2914.61,14.6,11.77,88758.3
2026-10-05,Mobiliário/Decoração,75000.0,36,2445.12,12.6,10.3,89344.32
2026-10-05,Mobiliário/Decoração,75000.0,42,2149.13,12.4,10.3,91583.46
2026-10-05,Mobiliário/Decoração,75000.0,48,1938.78,12.6,10.59,94381.44
2026-10-05,Mobiliário/Decoração,75000.0,54,1767.48,12.5,10.59,96763.92
2026-10-05,Mobiliário/Decoração,75000.0,60,1637.42,12.6,10.75,99565.2
2026-10-05,Mobiliário/Decoração,75000.0,66,1526.44,12.6,10.75,102065.04
2026-10-05,Mobiliário/Decoração,75000.0,72,1439.88,12.7,10.88,104991.36
2026-10-05,Mobiliário/Decoração,75000.0,78,1361.44,12.6,10.86,107512.32
2026-10-05,Mobiliário/Decoração,75000.0,84,1252.46,11.3,9.8,106526.64
2026-10-05,Informática/Eletrodomésticos,1000.0,24,47.19,15.0,11.77,1150.16
2026-10-05,Informática/Eletrodomésticos,1000.0,30,38.86,14.6,11.77,1183.4
2026-10-05,Informática/Eletrodomésticos,1000.0,36,33.33,14.4,11.77,1217.48
2026-10-05,Informática/Eletrodomésticos,5000.0,24,235.93,15.0,11.77,5750.32
2026-10-05,Informática/Eletrodomésticos,5000.0,30,194.31,14.6,11.77,5917.3
2026-10-05,Informática/Eletrodomésticos,5000.0,36,163.01,12.6,10.3,5956.36
2026-10-05,Informática/Eletrodomésticos,5000.0,42,143.28,12.4,10.3,6105.76
2026-10-05,Informática/Eletrodomésticos,5000.0,48,129.25,12.6,10.59,6292.0
2026-10-05,Informática/Eletrodomésticos,5000.0,54,117.83,12.5,10.59,6450.82
2026-10-05,Informática/Eletrodomésticos,5000.0,60,109.16,12.6,10.75,6637.6
2026-10-05,Informática/Eletrodomésticos,5000.0,66,101.76,12.6,10.75,6804.16
2026-10-05,Informática/Eletrodomésticos,5000.0,72,95.99,12.7,10.88,6999.28
2026-10-05,Informática/Eletrodomésticos,5000.0,78,90.76,12.6,10.86,7167.28
2026-10-05,Informática/Eletrodomésticos,5000.0,84,86.51,12.6,10.9,7354.84
2026-10-05,Informática/Eletrodomésticos,10000.0,24,471.86,15.0,11.77,11500.64
2026-10-05,Informática/Eletrodomésticos,10000.0,30,388.61,14.6,11.77,11834.3
2026-10-05,Informática/Eletrodomésticos,10000.0,36,326.02,12.6,10.3,11912.72
2026-10-05,Informática/Eletrodomésticos,10000.0,42,286.55,12.4,10.3,12211.1
2026-10-05,Informática/Eletrodomésticos,10000.0,48,258.5,12.6,10.59,12584.0
2026-10-05,Informática/Eletrodomésticos,10000.0,54,235.66,12.5,10.59,12901.64
2026-10-05,Informática/Eletrodomésticos,10000.0,60,218.32,12.6,10.75,13275.2
2026-10-05,Informática/Eletrodomésticos,10000.0,66,203.53,12.6,10.75,13608.98
2026-10-05,Informática/Eletrodomésticos,10000.0,72,191.98,12.7,10.88,13998.56
2026-10-05,Informática/Eletrodomésticos,10000.0,78,181.53,12.6,10.86,14335.34
2026-10-05,Informática/Eletrodomésticos,10000.0,84,167.0,11.3,9.8,14204.0
2026-10-05,Informática/Eletrodomésticos,15000.0,24,707.78,15.0,11.77,17250.72
2026-10-05,Informática/Eletrodomésticos,15000.0,30,582.92,14.6,11.77,17751.6
2026-10-05,Informática/Eletrodomésticos,15000.0,36,489.02,12.6,10.3,17868.72
2026-10-05,Informática/Eletrodomésticos,15000.0,42,429.83,12.4,10.3,18316.86
2026-10-05,Informática/Eletrodomésticos,15000.0,48,387.76,12.6,10.59,18876.48
2026-10-05,Informática/Eletrodomésticos,15000.0,54,353.5,12.5,10.59,19353.0
2026-10-05,Informática/Eletrodomésticos,15000.0,60,327.48,12.6,10.75,19912.8
2026-10-05,Informática/Eletrodomésticos,15000.0,66,305.29,12.6,10.75,20413.14
2026-10-05,Informática/Eletrodomésticos,15000.0,72,287.98,12.7,10.88,20998.56
2026-10-05,Informática/Eletrodomésticos,15000.0,78,272.29,12.6,10.86,21502.62
2026-10-05,Informática/Eletrodomésticos,15000.0,84,250.49,11.3,9.8,21305.16
2026-10-05,Informática/Eletrodomésticos,20000.0,24,943.71,15.0,11.77,23001.04
2026-10-05,Informática/Eletrodomésticos,20000.0,30,777.23,14.6,11.77,23668.9
2026-10-05,Informática/Eletrodomésticos,20000.0,36,652.03,12.6,10.3,23825.08
2026-10-05,Informática/Eletrodomésticos,20000.0,42,573.1,12.4,10.3,24422.2
2026-10-05,Informática/Eletrodomésticos,20000.0,48,517.01,12.6,10.59,25168.48
2026-10-05,Informática/Eletrodomésticos,20000.0,54,471.33,12.5,10.59,25803.82
2026-10-05,Informática/Eletrodomésticos,20000.0,60,436.65,12.6,10.75,26551.0
2026-10-05,Informática/Eletrodomésticos,20000.0,66,407.05,12.6,10.75,27217.3
2026-10-05,Informática/Eletrodomésticos,20000.0,72,383.97,12.7,10.88,27997.84
2026-10-05,Informática/Eletrodomésticos,20000.0,78,363.05,12.6,10.86,28669.9
2026-10-05,Informática/Eletrodomésticos,20000.0,84,333.99,11.3,9.8,28407.16
2026-10-05,Informática/Eletrodomésticos,25000.0,24,1179.64,15.0,11.77,28751.36
2026-10-05,Informática/Eletrodomésticos,25000.0,30,971.54,14.6,11.77,29586.2
2026-10-05,Informática/Eletrodomésticos,25000.0,36,815.04,12.6,10.3,29781.44
2026-10-05,Informática/Eletrodomésticos,25000.0,42,716.38,12.4,10.3,30527.96
2026-10-05,Informática/Eletrodomésticos,25000.0,48,646.26,12.6,10.59,31460.48
2026-10-05,Informática/Eletrodomésticos,25000.0,54,589.16,12.5,10.59,32254.64
2026-10-05,Informática/Eletrodomésticos,25000.0,60,545.81,12.6,10.75,33188.6
2026-10-05,Informática/Eletrodomésticos,25000.0,66,508.81,12.6,10.75,34021.46
2026-10-05,Informática/Eletrodomésticos,25000.0,72,479.96,12.7,10.88,34997.12
2026-10-05,Informática/Eletrodomésticos,25000.0,78,453.81,12.6,10.86,35837.18
2026-10-05,Informática/Eletrodomésticos,25000.0,84,417.49,11.3,9.8,35509.16
2026-10-05,Informática/Eletrodomésticos,30000.0,24,1415.57,15.0,11.77,34501.68
2026-10-05,Informática/Eletrodomésticos,30000.0,30,1165.84,14.6,11.77,35503.2
2026-10-05,Informática/Eletrodomésticos,30000.0,36,978.05,12.6,10.3,35737.8
2026-10-05,Informática/Eletrodomésticos,30000.0,42,859.65,12.4,10.3,36633.3
2026-10-05,Informática/Eletrodomésticos,30000.0,48,775.51,12.6,10.59,37752.48
2026-10-05,Informática/Eletrodomésticos,30000.0,54,706.99,12.5,10.59,38705.46
2026-10-05,Informática/Eletrodomésticos,30000.0,60,654.97,12.6,10.75,39826.2
2026-10-05,Informática/Eletrodomésticos,30000.0,66,610.58,12.6,10.75,40826.28
2026-10-05,Informática/Eletrodomésticos,30000.0,72,575.95,12.7,10.88,41996.4
2026-10-05,Informática/Eletrodomésticos,30000.0,78,544.58,12.6,10.86,43005.24
2026-10-05,Informática/Eletrodomésticos,30000.0,84,500.99,11.3,9.8,42611.16
2026-10-05,Informática/Eletrodomésticos,35000.0,24,1651.5,15.0,11.77,40252.0
2026-10-05,Informática/Eletrodomésticos,35000.0,30,1360.15,14.6,11.77,41420.5
2026-10-05,Informática/Eletrodomésticos,35000.0,36,1141.05,12.6,10.3,41693.8
2026-10-05,Informática/Eletrodomésticos,35000.0,42,1002.93,12.4,10.3,42739.06
2026-10-05,Informática/Eletrodomésticos,35000.0,48,904.76,12.6,10.59,44044.48
2026-10-05,Informática/Eletrodomésticos,35000.0,54,824.82,12.5,10.59,45156.28
2026-10-05,Informática/Eletrodomésticos,35000.0,60,764.13,12.6,10.75,46463.8
2026-10-05,Informática/Eletrodomésticos,35000.0,66,712.34,12.6,10.75,47630.44
2026-10-05,Informática/Eletrodomésticos,35000.0,72,671.94,12.7,10.88,48995.68
2026-10-05,Informática/Eletrodomésticos,35000.0,78,635.34,12.6,10.86,50172.52
2026-10-05,Informática/Eletrodomésticos,35000.0,84,584.48,11.3,9.8,49712.32
2026-10-05,Informática/Eletrodomésticos,40000.0,24,1887.43,15.0,11.77,46002.32
2026-10-05,Informática/Eletrodomésticos,40000.0,30,1554.46,14.6,11.77,47337.8
2026-10-05,Informática/Eletrodomésticos,40000.0,36,1304.06,12.6,10.3,47650.16
2026-10-05,Informática/Eletrodomésticos,40000.0,42,1146.2,12.4,10.3,48844.4
2026-10-05,Informática/Eletrodomésticos,40000.0,48,1034.02,12.6,10.59,50336.96
2026-10-05,Informática/Eletrodomésticos,40000.0,54,942.66,12.5,10.59,51607.64
2026-10-05,Informática/Eletrodomésticos,40000.0,60,873.29,12.6,10.75,53101.4
2026-10-05,Informática/Eletrodomésticos,40000.0,66,814.1,12.6,10.75,54434.6
2026-10-05,Informática/Eletrodomésticos,40000.0,72,767.94,12.7,10.88,55995.68
2026-10-05,Informática/Eletrodomésticos,40000.0,78,726.1,12.6,10.86,57339.8
2026-10-05,Informática/Eletrodomésticos,40000.0,84,667.98,11.3,9.8,56814.32
2026-10-05,Informática/Eletrodomésticos,45000.0,24,2123.35,15.0,11.77,51752.4
2026-10-05,Informática/Eletrodomésticos,45000.0,30,1748.76,14.6,11.77,53254.8
2026-10-05,Informática/Eletrodomésticos,45000.0,36,1467.07,12.6,10.3,53606.52
2026-10-05,Informática/Eletrodomésticos,45000.0,42,1289.48,12.4,10.3,54950.16
2026-10-05,Informática/Eletrodomésticos,45000.0,48,1163.27,12.6,10.59,56628.96
2026-10-05,Informática/Eletrodomésticos,45000.0,54,1060.49,12.5,10.59,58058.46
2026-10-05,Informática/Eletrodomésticos,45000.0,60,982.45,12.6,10.75,59739.0
2026-10-05,Informática/Eletrodomésticos,45000.0,66,915.87,12.6,10.75,61239.42
2026-10-05,Informática/Eletrodomésticos,45000.0,72,863.93,12.7,10.88,62994.96
2026-10-05,Informática/Eletrodomésticos,45000.0,78,816.86,12.6,10.86,64507.08
2026-10-05,Informática/Eletrodomésticos,45000.0,84,751.48,11.3,9.8,63916.32
2026-10-05,Informática/Eletrodomésticos,50000.0,24,2359.28,15.0,11.77,57502.72
2026-10-05,Informática/Eletrodomésticos,50000.0,30,1943.07,14.6,11.77,59172.1
2026-10-05,Informática/Eletrodomésticos,50000.0,36,1630.08,12.6,10.3,59562.88
2026-10-05,Informática/Eletrodomésticos,50000.0,42,1432.75,12.4,10.3,61055.5
2026-10-05,Informática/Eletrodomésticos,50000.0,48,1292.52,12.6,10.59,62920.96
2026-10-05,Informática/Eletrodomésticos,50000.0,54,1178.32,12.5,10.59,64509.28
2026-10-05,Informática/Eletrodomésticos,50000.0,60,1091.61,12.6,10.75,66376.6
2026-10-05,Informática/Eletrodomésticos,50000.0,66,1017.63,12.6,10.75,68043.58
2026-10-05,Informática/Eletrodomésticos,50000.0,72,959.92,12.7,10.88,69994.24
2026-10-05,Informática/Eletrodomésticos,50000.0,78,907.63,12.6,10.86,71675.14
2026-10-05,Informática/Eletrodomésticos,50000.0,84,834.98,11.3,9.8,71018.32
2026-10-05,Informática/Eletrodomésticos,55000.0,24,2595.21,15.0,11.77,63253.04
2026-10-05,Informática/Eletrodomésticos,55000.0,30,2137.38,14.6,11.77,65089.4
2026-10-05,Informática/Eletrodomésticos,55000.0,36,1793.09,12.6,10.3,65519.24
2026-10-05,Informática/Eletrodomésticos,55000.0,42,1576.03,12.4,10.3,67161.26
2026-10-05,Informática/Eletrodomésticos,55000.0,48,1421.77,12.6,10.59,69212.96
2026-10-05,Informática/Eletrodomésticos,55000.0,54,1296.15,12.5,10.59,70960.1
2026-10-05,Informática/Eletrodomésticos,55000.0,60,1200.78,12.6,10.75,73014.8
2026-10-05,Informática/Eletrodomésticos,55000.0,66,1119.39,12.6,10.75,74847.74
2026-10-05,Informática/Eletrodomésticos,55000.0,72,1055.91,12.7,10.88,76993.52
2026-10-05,Informática/Eletrodomésticos,55000.0,78,998.39,12.6,10.86,78842.42
2026-10-05,Informática/Eletrodomésticos,55000.0,84,918.47,11.3,9.8,78119.48
2026-10-05,Informática/Eletrodomésticos,60000.0,24,2831.14,15.0,11.77,69003.36
2026-10-05,Informática/Eletrodomésticos,60000.0,30,2331.69,14.6,11.77,71006.7
2026-10-05,Informática/Eletrodomésticos,60000.0,36,1956.09,12.6,10.3,71475.24
2026-10-05,Informática/Eletrodomésticos,60000.0,42,1719.3,12.4,10.3,73266.6
2026-10-05,Informática/Eletrodomésticos,60000.0,48,1551.02,12.6,10.59,75504.96
2026-10-05,Informática/Eletrodomésticos,60000.0,54,1413.98,12.5,10.59,77410.92
2026-10-05,Informática/Eletrodomésticos,60000.0,60,1309.94,12.6,10.75,79652.4
2026-10-05,Informática/Eletrodomésticos,60000.0,66,1221.15,12.6,10.75,81651.9
2026-10-05,Informática/Eletrodomésticos,60000.0,72,1151.9,12.7,10.88,83992.8
2026-10-05,Informática/Eletrodomésticos,60000.0,78,1089.15,12.6,10.86,86009.7
2026-10-05,Informática/Eletrodomésticos,60000.0,84,1001.97,11.3,9.8,85221.48
2026-10-05,Informática/Eletrodomésticos,65000.0,24,3067.07,15.0,11.77,74753.68
2026-10-05,Informática/Eletrodomésticos,65000.0,30,2525.99,14.6,11.77,76923.7
2026-10-05,Informática/Eletrodomésticos,65000.0,36,2119.1,12.6,10.3,77431.6
2026-10-05,Informática/Eletrodomésticos,65000.0,42,1862.58,12.4,10.3,79372.36
2026-10-05,Informática/Eletrodomésticos,65000.0,48,1680.27,12.6,10.59,81796.96
2026-10-05,Informática/Eletrodomésticos,65000.0,54,1531.82,12.5,10.59,83862.28
2026-10-05,Informática/Eletrodomésticos,65000.0,60,1419.1,12.6,10.75,86290.0
2026-10-05,Informática/Eletrodomésticos,65000.0,66,1322.92,12.6,10.75,88456.72
2026-10-05,Informática/Eletrodomésticos,65000.0,72,1247.89,12.7,10.88,90992.08
2026-10-05,Informática/Eletrodomésticos,65000.0,78,1179.91,12.6,10.86,93176.98
2026-10-05,Informática/Eletrodomésticos,65000.0,84,1085.47,11.3,9.8,92323.48
2026-10-05,Informática/Eletrodomésticos,70000.0,24,3302.99,15.0,11.77,80503.76
2026-10-05,Informática/Eletrodomésticos,70000.0,30,2720.3,14.6,11.77,82841.0
2026-10-05,Informática/Eletrodomésticos,70000.0,36,2282.11,12.6,10.3,83387.96
2026-10-05,Informática/Eletrodomésticos,70000.0,42,2005.85,12.4,10.3,85477.7
2026-10-05,Informática/Eletrodomésticos,70000.0,48,1809.53,12.6,10.59,88089.44
2026-10-05,Informática/Eletrodomésticos,70000.0,54,1649.65,12.5,10.59,90313.1
2026-10-05,Informática/Eletrodomésticos,70000.0,60,1528.26,12.6,10.75,92927.6
2026-10-05,Informática/Eletrodomésticos,70000.0,66,1424.68,12.6,10.75,95260.88
2026-10-05,Informática/Eletrodomésticos,70000.0,72,1343.89,12.7,10.88,97992.08
2026-10-05,Informática/Eletrodomésticos,70000.0,78,1270.68,12.6,10.86,100345.04
2026-10-05,Informática/Eletrodomésticos,70000.0,84,1168.97,11.3,9.8,99425.48
2026-10-05,Informática/Eletrodomésticos,75000.0,24,3538.92,15.0,11.77,86254.08
2026-10-05,Informática/Eletrodomésticos,75000.0,30,2914.61,14.6,11.77,88758.3
2026-10-05,Informática/Eletrodomésticos,75000.0,36,2445.12,12.6,10.3,89344.32
2026-10-05,Informática/Eletrodomésticos,75000.0,42,2149.13,12.4,10.3,91583.46
2026-10-05,Informática/Eletrodomésticos,75000.0,48,1938.78,12.6,10.59,94381.44
2026-10-05,Informática/Eletrodomésticos,75000.0,54,1767.48,12.5,10.59,96763.92
2026-10-05,Informática/Eletrodomésticos,75000.0,60,1637.42,12.6,10.75,99565.2
2026-10-05,Informática/Eletrodomésticos,75000.0,66,1526.44,12.6,10.75,102065.04
2026-10-05,Informática/Eletrodomésticos,75000.0,72,1439.88,12.7,10.88,104991.36
2026-10-05,Informática/Eletrodomésticos,75000.0,78,1361.44,12.6,10.86,107512.32
2026-10-05,Informática/Eletrodomésticos,75000.0,84,1252.46,11.3,9.8,106526.64
2026-10-05,Automóvel Usado,2500.0,24,117.25,14.3,11.18,2858.0
2026-10-05,Automóvel Usado,2500.0,30,96.43,13.9,11.18,2936.9
2026-10-05,Automóvel Usado,2500.0,36,83.26,14.3,11.72,3041.36
2026-10-05,Automóvel Usado,2500.0,42,73.42,14.1,11.72,3127.64
2026-10-05,Automóvel Usado,2500.0,48,66.4,14.3,11.98,3231.2
2026-10-05,Automóvel Usado,2500.0,54,60.72,14.2,11.98,3322.88
2026-10-05,Automóvel Usado,2500.0,60,56.42,14.3,12.15,3429.2
2026-10-05,Automóvel Usado,2500.0,66,52.75,14.2,12.15,3525.5
2026-10-05,Automóvel Usado,2500.0,72,49.88,14.3,12.28,3635.36
2026-10-05,Automóvel Usado,2500.0,78,47.33,14.3,12.28,3735.74
2026-10-05,Automóvel Usado,2500.0,84,45.26,14.3,12.35,3845.84
2026-10-05,Automóvel Usado,5000.0,24,234.5,14.3,11.18,5716.0
2026-10-05,Automóvel Usado,5000.0,30,192.87,13.9,11.18,5874.1
2026-10-05,Automóvel Usado,5000.0,36,164.07,13.1,10.73,5994.52
2026-10-05,Automóvel Usado,5000.0,42,144.35,12.9,10.73,6150.7
2026-10-05,Automóvel Usado,5000.0,48,130.3,13.1,11.0,6342.4
2026-10-05,Automóvel Usado,5000.0,54,118.89,13.0,11.0,6508.06
2026-10-05,Automóvel Usado,5000.0,60,110.21,13.1,11.15,6700.6
2026-10-05,Automóvel Usado,5000.0,66,102.83,13.0,11.15,6874.78
2026-10-05,Automóvel Usado,5000.0,72,97.02,13.1,11.27,7073.44
2026-10-05,Automóvel Usado,5000.0,78,91.91,13.1,11.28,7256.98
2026-10-05,Automóvel Usado,5000.0,84,87.73,13.1,11.35,7457.32
2026-10-05,Automóvel Usado,5000.0,90,83.97,13.1,11.35,7645.3
2026-10-05,Automóvel Usado,5000.0,96,80.85,13.1,11.39,7849.6
2026-10-05,Automóvel Usado,10000.0,24,469.01,14.3,11.18,11432.24
2026-10-05,Automóvel Usado,10000.0,30,385.74,13.9,11.18,11748.2
2026-10-05,Automóvel Usado,10000.0,36,328.15,13.1,10.73,11989.4
2026-10-05,Automóvel Usado,10000.0,42,288.71,12.9,10.73,12301.82
2026-10-05,Automóvel Usado,10000.0,48,260.6,13.1,11.0,12684.8
2026-10-05,Automóvel Usado,10000.0,54,237.79,13.0,11.0,13016.66
2026-10-05,Automóvel Usado,10000.0,60,220.43,13.1,11.15,13401.8
2026-10-05,Automóvel Usado,10000.0,66,205.66,13.0,11.15,13749.56
2026-10-05,Automóvel Usado,10000.0,72,194.05,13.1,11.27,14147.6
2026-10-05,Automóvel Usado,10000.0,78,183.83,13.1,11.28,14514.74
2026-10-05,Automóvel Usado,10000.0,84,175.46,13.1,11.35,14914.64
2026-10-05,Automóvel Usado,10000.0,90,167.95,13.1,11.35,15291.5
2026-10-05,Automóvel Usado,10000.0,96,161.71,13.1,11.39,15700.16
2026-10-05,Automóvel Usado,10000.0,102,156.07,13.1,11.4,16095.14
2026-10-05,Automóvel Usado,10000.0,108,151.05,13.1,11.4,16489.4
2026-10-05,Automóvel Usado,10000.0,114,147.01,13.1,11.47,16935.14
2026-10-05,Automóvel Usado,10000.0,120,143.07,13.1,11.47,17344.4
2026-10-05,Automóvel Usado,15000.0,24,703.51,14.3,11.18,17148.24
2026-10-05,Automóvel Usado,15000.0,30,578.61,13.9,11.18,17622.3
2026-10-05,Automóvel Usado,15000.0,36,492.22,13.1,10.73,17983.92
2026-10-05,Automóvel Usado,15000.0,42,433.06,12.9,10.73,18452.52
2026-10-05,Automóvel Usado,15000.0,48,390.9,13.1,11.0,19027.2
2026-10-05,Automóvel Usado,15000.0,54,356.68,13.0,11.0,19524.72
2026-10-05,Automóvel Usado,15000.0,60,330.64,13.1,11.15,20102.4
2026-10-05,Automóvel Usado,15000.0,66,308.49,13.0,11.15,20624.34
2026-10-05,Automóvel Usado,15000.0,72,291.07,13.1,11.27,21221.04
2026-10-05,Automóvel Usado,15000.0,78,275.74,13.1,11.28,21771.72
2026-10-05,Automóvel Usado,15000.0,84,263.19,13.1,11.35,22371.96
2026-10-05,Automóvel Usado,15000.0,90,251.92,13.1,11.35,22936.8
2026-10-05,Automóvel Usado,15000.0,96,242.56,13.1,11.39,23549.76
2026-10-05,Automóvel Usado,15000.0,102,234.1,13.1,11.4,24142.2
2026-10-05,Automóvel Usado,15000.0,108,226.58,13.1,11.4,24734.64
2026-10-05,Automóvel Usado,15000.0,114,220.52,13.1,11.47,25403.28
2026-10-05,Automóvel Usado,15000.0,120,214.6,13.1,11.47,26016.0
2026-10-05,Automóvel Usado,20000.0,24,938.02,14.3,11.18,22864.48
2026-10-05,Automóvel Usado,20000.0,30,771.48,13.9,11.18,23496.4
2026-10-05,Automóvel Usado,20000.0,36,656.29,13.1,10.73,23978.44
2026-10-05,Automóvel Usado,20000.0,42,577.41,12.9,10.73,24603.22
2026-10-05,Automóvel Usado,20000.0,48,521.19,13.1,11.0,25369.12
2026-10-05,Automóvel Usado,20000.0,54,475.57,13.0,11.0,26032.78
2026-10-05,Automóvel Usado,20000.0,60,440.86,13.1,11.15,26803.6
2026-10-05,Automóvel Usado,20000.0,66,411.32,13.0,11.15,27499.12
2026-10-05,Automóvel Usado,20000.0,72,388.1,13.1,11.27,28295.2
2026-10-05,Automóvel Usado,20000.0,78,367.66,13.1,11.28,29029.48
2026-10-05,Automóvel Usado,20000.0,84,350.92,13.1,11.35,29829.28
2026-10-05,Automóvel Usado,20000.0,90,335.9,13.1,11.35,30583.0
2026-10-05,Automóvel Usado,20000.0,96,323.41,13.1,11.39,31399.36
2026-10-05,Automóvel Usado,20000.0,102,312.13,13.1,11.4,32189.26
2026-10-05,Automóvel Usado,20000.0,108,302.11,13.1,11.4,32979.88
2026-10-05,Automóvel Usado,20000.0,114,294.03,13.1,11.47,33871.42
2026-10-05,Automóvel Usado,20000.0,120,286.13,13.1,11.47,34687.6
2026-10-05,Automóvel Usado,25000.0,24,1172.52,14.3,11.18,28580.48
2026-10-05,Automóvel Usado,25000.0,30,964.34,13.9,11.18,29370.2
2026-10-05,Automóvel Usado,25000.0,36,820.36,13.1,10.73,29972.96
2026-10-05,Automóvel Usado,25000.0,42,721.77,12.9,10.73,30754.34
2026-10-05,Automóvel Usado,25000.0,48,651.49,13.1,11.0,31711.52
2026-10-05,Automóvel Usado,25000.0,54,594.46,13.0,11.0,32540.84
2026-10-05,Automóvel Usado,25000.0,60,551.07,13.1,11.15,33504.2
2026-10-05,Automóvel Usado,25000.0,66,514.15,13.0,11.15,34373.9
2026-10-05,Automóvel Usado,25000.0,72,485.12,13.1,11.27,35368.64
2026-10-05,Automóvel Usado,25000.0,78,459.57,13.1,11.28,36286.46
2026-10-05,Automóvel Usado,25000.0,84,438.65,13.1,11.35,37286.6
2026-10-05,Automóvel Usado,25000.0,90,419.87,13.1,11.35,38228.3
2026-10-05,Automóvel Usado,25000.0,96,404.26,13.1,11.39,39248.96
2026-10-05,Automóvel Usado,25000.0,102,390.17,13.1,11.4,40237.34
2026-10-05,Automóvel Usado,25000.0,108,377.63,13.1,11.4,41224.04
2026-10-05,Automóvel Usado,25000.0,114,367.53,13.1,11.47,42338.42
2026-10-05,Automóvel Usado,25000.0,120,357.67,13.1,11.47,43360.4
2026-10-05,Automóvel Usado,30000.0,24,1407.03,14.3,11.18,34296.72
2026-10-05,Automóvel Usado,30000.0,30,1157.21,13.9,11.18,35244.3
2026-10-05,Automóvel Usado,30000.0,36,984.44,13.1,10.73,35967.84
2026-10-05,Automóvel Usado,30000.0,42,866.12,12.9,10.73,36905.04
2026-10-05,Automóvel Usado,30000.0,48,781.79,13.1,11.0,38053.92
2026-10-05,Automóvel Usado,30000.0,54,713.36,13.0,11.0,39049.44
2026-10-05,Automóvel Usado,30000.0,60,661.29,13.1,11.15,40205.4
2026-10-05,Automóvel Usado,30000.0,66,616.98,13.0,11.15,41248.68
2026-10-05,Automóvel Usado,30000.0,72,582.15,13.1,11.27,42442.8
2026-10-05,Automóvel Usado,30000.0,78,551.48,13.1,11.28,43543.44
2026-10-05,Automóvel Usado,30000.0,84,526.38,13.1,11.35,44743.92
2026-10-05,Automóvel Usado,30000.0,90,503.84,13.1,11.35,45873.6
2026-10-05,Automóvel Usado,30000.0,96,485.12,13.1,11.39,47099.52
2026-10-05,Automóvel Usado,30000.0,102,468.2,13.1,11.4,48284.4
2026-10-05,Automóvel Usado,30000.0,108,453.16,13.1,11.4,49469.28
2026-10-05,Automóvel Usado,30000.0,114,441.04,13.1,11.47,50806.56
2026-10-05,Automóvel Usado,30000.0,120,429.2,13.1,11.47,52032.0
2026-10-05,Automóvel Usado,35000.0,24,1641.53,14.3,11.18,40012.72
2026-10-05,Automóvel Usado,35000.0,30,1350.08,13.9,11.18,41118.4
2026-10-05,Automóvel Usado,35000.0,36,1148.51,13.1,10.73,41962.36
2026-10-05,Automóvel Usado,35000.0,42,1010.47,12.9,10.73,43055.74
2026-10-05,Automóvel Usado,35000.0,48,912.09,13.1,11.0,44396.32
2026-10-05,Automóvel Usado,35000.0,54,832.25,13.0,11.0,45557.5
2026-10-05,Automóvel Usado,35000.0,60,771.5,13.1,11.15,46906.0
2026-10-05,Automóvel Usado,35000.0,66,719.81,13.0,11.15,48123.46
2026-10-05,Automóvel Usado,35000.0,72,679.17,13.1,11.27,49516.24
2026-10-05,Automóvel Usado,35000.0,78,643.4,13.1,11.28,50801.2
2026-10-05,Automóvel Usado,35000.0,84,614.11,13.1,11.35,52201.24
2026-10-05,Automóvel Usado,35000.0,90,587.82,13.1,11.35,53519.8
2026-10-05,Automóvel Usado,35000.0,96,565.97,13.1,11.39,54949.12
2026-10-05,Automóvel Usado,35000.0,102,546.23,13.1,11.4,56331.46
2026-10-05,Automóvel Usado,35000.0,108,528.69,13.1,11.4,57714.52
2026-10-05,Automóvel Usado,35000.0,114,514.55,13.1,11.47,59274.7
2026-10-05,Automóvel Usado,35000.0,120,500.73,13.1,11.47,60703.6
2026-10-05,Automóvel Usado,40000.0,24,1876.03,14.3,11.18,45728.72
2026-10-05,Automóvel Usado,40000.0,30,1542.95,13.9,11.18,46992.5
2026-10-05,Automóvel Usado,40000.0,36,1312.58,13.1,10.73,47956.88
2026-10-05,Automóvel Usado,40000.0,42,1154.83,12.9,10.73,49206.86
2026-10-05,Automóvel Usado,40000.0,48,1042.39,13.1,11.0,50738.72
2026-10-05,Automóvel Usado,40000.0,54,951.14,13.0,11.0,52065.56
2026-10-05,Automóvel Usado,40000.0,60,881.71,13.1,11.15,53606.6
2026-10-05,Automóvel Usado,40000.0,66,822.64,13.0,11.15,54998.24
2026-10-05,Automóvel Usado,40000.0,72,776.2,13.1,11.27,56590.4
2026-10-05,Automóvel Usado,40000.0,78,735.31,13.1,11.28,58058.18
2026-10-05,Automóvel Usado,40000.0,84,701.84,13.1,11.35,59658.56
2026-10-05,Automóvel Usado,40000.0,90,671.79,13.1,11.35,61165.1
2026-10-05,Automóvel Usado,40000.0,96,646.82,13.1,11.39,62798.72
2026-10-05,Automóvel Usado,40000.0,102,624.27,13.1,11.4,64379.54
2026-10-05,Automóvel Usado,40000.0,108,604.22,13.1,11.4,65959.76
2026-10-05,Automóvel Usado,40000.0,114,588.06,13.1,11.47,67742.84
2026-10-05,Automóvel Usado,40000.0,120,572.27,13.1,11.47,69376.4
2026-10-05,Automóvel Usado,45000.0,24,2110.54,14.3,11.18,51444.96
2026-10-05,Automóvel Usado,45000.0,30,1735.82,13.9,11.18,52866.6
2026-10-05,Automóvel Usado,45000.0,36,1476.65,13.1,10.73,53951.4
2026-10-05,Automóvel Usado,45000.0,42,1299.18,12.9,10.73,55357.56
2026-10-05,Automóvel Usado,45000.0,48,1172.69,13.1,11.0,57081.12
2026-10-05,Automóvel Usado,45000.0,54,1070.04,13.0,11.0,58574.16
2026-10-05,Automóvel Usado,45000.0,60,991.93,13.1,11.15,60307.8
2026-10-05,Automóvel Usado,45000.0,66,925.47,13.0,11.15,61873.02
2026-10-05,Automóvel Usado,45000.0,72,873.22,13.1,11.27,63663.84
2026-10-05,Automóvel Usado,45000.0,78,827.23,13.1,11.28,65315.94
2026-10-05,Automóvel Usado,45000.0,84,789.57,13.1,11.35,67115.88
2026-10-05,Automóvel Usado,45000.0,90,755.77,13.1,11.35,68811.3
2026-10-05,Automóvel Usado,45000.0,96,727.67,13.1,11.39,70648.32
2026-10-05,Automóvel Usado,45000.0,102,702.3,13.1,11.4,72426.6
2026-10-05,Automóvel Usado,45000.0,108,679.74,13.1,11.4,74203.92
2026-10-05,Automóvel Usado,45000.0,114,661.56,13.1,11.47,76209.84
2026-10-05,Automóvel Usado,45000.0,120,643.8,13.1,11.47,78048.0
2026-10-05,Automóvel Usado,50000.0,24,2345.04,14.3,11.18,57160.96
2026-10-05,Automóvel Usado,50000.0,30,1928.69,13.9,11.18,58740.7
2026-10-05,Automóvel Usado,50000.0,36,1640.73,13.1,10.73,59946.28
2026-10-05,Automóvel Usado,50000.0,42,1443.53,12.9,10.73,61508.26
2026-10-05,Automóvel Usado,50000.0,48,1302.99,13.1,11.0,63423.52
2026-10-05,Automóvel Usado,50000.0,54,1188.93,13.0,11.0,65082.22
2026-10-05,Automóvel Usado,50000.0,60,1102.14,13.1,11.15,67008.4
2026-10-05,Automóvel Usado,50000.0,66,1028.3,13.0,11.15,68747.8
2026-10-05,Automóvel Usado,50000.0,72,970.24,13.1,11.27,70737.28
2026-10-05,Automóvel Usado,50000.0,78,919.14,13.1,11.28,72572.92
2026-10-05,Automóvel Usado,50000.0,84,877.3,13.1,11.35,74573.2
2026-10-05,Automóvel Usado,50000.0,90,839.74,13.1,11.35,76456.6
2026-10-05,Automóvel Usado,50000.0,96,808.53,13.1,11.39,78498.88
2026-10-05,Automóvel Usado,50000.0,102,780.33,13.1,11.4,80473.66
2026-10-05,Automóvel Usado,50000.0,108,755.27,13.1,11.4,82449.16
2026-10-05,Automóvel Usado,50000.0,114,735.07,13.1,11.47,84677.98
2026-10-05,Automóvel Usado,50000.0,120,715.33,13.1,11.47,86719.6
2026-10-05,Automóvel Usado,55000.0,24,2579.55,14.3,11.18,62877.2
2026-10-05,Automóvel Usado,55000.0,30,2121.56,13.9,11.18,64614.8
2026-10-05,Automóvel Usado,55000.0,36,1804.8,13.1,10.73,65940.8
2026-10-05,Automóvel Usado,55000.0,42,1587.88,12.9,10.73,67658.96
2026-10-05,Automóvel Usado,55000.0,48,1433.28,13.1,11.0,69765.44
2026-10-05,Automóvel Usado,55000.0,54,1307.82,13.0,11.0,71590.28
2026-10-05,Automóvel Usado,55000.0,60,1212.36,13.1,11.15,73709.6
2026-10-05,Automóvel Usado,55000.0,66,1131.13,13.0,11.15,75622.58
2026-10-05,Automóvel Usado,55000.0,72,1067.27,13.1,11.27,77811.44
2026-10-05,Automóvel Usado,55000.0,78,1011.05,13.1,11.28,79829.9
2026-10-05,Automóvel Usado,55000.0,84,965.03,13.1,11.35,82030.52
2026-10-05,Automóvel Usado,55000.0,90,923.72,13.1,11.35,84102.8
2026-10-05,Automóvel Usado,55000.0,96,889.38,13.1,11.39,86348.48
2026-10-05,Automóvel Usado,55000.0,102,858.36,13.1,11.4,88520.72
2026-10-05,Automóvel Usado,55000.0,108,830.8,13.1,11.4,90694.4
2026-10-05,Automóvel Usado,55000.0,114,808.58,13.1,11.47,93146.12
2026-10-05,Automóvel Usado,55000.0,120,786.87,13.1,11.47,95392.4
2026-10-05,Automóvel Usado,60000.0,24,2814.05,14.3,11.18,68593.2
2026-10-05,Automóvel Usado,60000.0,30,2314.43,13.9,11.18,70488.9
2026-10-05,Automóvel Usado,60000.0,36,1968.87,13.1,10.73,71935.32
2026-10-05,Automóvel Usado,60000.0,42,1732.24,12.9,10.73,73810.08
2026-10-05,Automóvel Usado,60000.0,48,1563.58,13.1,11.0,76107.84
2026-10-05,Automóvel Usado,60000.0,54,1426.72,13.0,11.0,78098.88
2026-10-05,Automóvel Usado,60000.0,60,1322.57,13.1,11.15,80410.2
2026-10-05,Automóvel Usado,60000.0,66,1233.96,13.0,11.15,82497.36
2026-10-05,Automóvel Usado,60000.0,72,1164.29,13.1,11.27,84884.88
2026-10-05,Automóvel Usado,60000.0,78,1102.97,13.1,11.28,87087.66
2026-10-05,Automóvel Usado,60000.0,84,1052.76,13.1,11.35,89487.84
2026-10-05,Automóvel Usado,60000.0,90,1007.69,13.1,11.35,91748.1
2026-10-05,Automóvel Usado,60000.0,96,970.23,13.1,11.39,94198.08
2026-10-05,Automóvel Usado,60000.0,102,936.4,13.1,11.4,96568.8
2026-10-05,Automóvel Usado,60000.0,108,906.32,13.1,11.4,98938.56
2026-10-05,Automóvel Usado,60000.0,114,882.08,13.1,11.47,101613.12
2026-10-05,Automóvel Usado,60000.0,120,858.4,13.1,11.47,104064.0
2026-10-05,Automóvel Usado,65000.0,24,3048.56,14.3,11.18,74309.44
2026-10-05,Automóvel Usado,65000.0,30,2507.3,13.9,11.18,76363.0
2026-10-05,Automóvel Usado,65000.0,36,2132.95,13.1,10.73,77930.2
2026-10-05,Automóvel Usado,65000.0,42,1876.59,12.9,10.73,79960.78
2026-10-05,Automóvel Usado,65000.0,48,1693.88,13.1,11.0,82450.24
2026-10-05,Automóvel Usado,65000.0,54,1545.61,13.0,11.0,84606.94
2026-10-05,Automóvel Usado,65000.0,60,1432.78,13.1,11.15,87110.8
2026-10-05,Automóvel Usado,65000.0,66,1336.79,13.0,11.15,89372.14
2026-10-05,Automóvel Usado,65000.0,72,1261.32,13.1,11.27,91959.04
2026-10-05,Automóvel Usado,65000.0,78,1194.88,13.1,11.28,94344.64
2026-10-05,Automóvel Usado,65000.0,84,1140.49,13.1,11.35,96945.16
2026-10-05,Automóvel Usado,65000.0,90,1091.66,13.1,11.35,99393.4
2026-10-05,Automóvel Usado,65000.0,96,1051.08,13.1,11.39,102047.68
2026-10-05,Automóvel Usado,65000.0,102,1014.43,13.1,11.4,104615.86
2026-10-05,Automóvel Usado,65000.0,108,981.85,13.1,11.4,107183.8
2026-10-05,Automóvel Usado,65000.0,114,955.59,13.1,11.47,110081.26
2026-10-05,Automóvel Usado,65000.0,120,929.93,13.1,11.47,112735.6
2026-10-05,Automóvel Usado,70000.0,24,3283.06,14.3,11.18,80025.44
2026-10-05,Automóvel Usado,70000.0,30,2700.17,13.9,11.18,82237.1
2026-10-05,Automóvel Usado,70000.0,36,2297.02,13.1,10.73,83924.72
2026-10-05,Automóvel Usado,70000.0,42,2020.94,12.9,10.73,86111.48
2026-10-05,Automóvel Usado,70000.0,48,1824.18,13.1,11.0,88792.64
2026-10-05,Automóvel Usado,70000.0,54,1664.5,13.0,11.0,91115.0
2026-10-05,Automóvel Usado,70000.0,60,1543.0,13.1,11.15,93812.0
2026-10-05,Automóvel Usado,70000.0,66,1439.62,13.0,11.15,96246.92
2026-10-05,Automóvel Usado,70000.0,72,1358.34,13.1,11.27,99032.48
2026-10-05,Automóvel Usado,70000.0,78,1286.79,13.1,11.28,101601.62
2026-10-05,Automóvel Usado,70000.0,84,1228.22,13.1,11.35,104402.48
2026-10-05,Automóvel Usado,70000.0,90,1175.64,13.1,11.35,107039.6
2026-10-05,Automóvel Usado,70000.0,96,1131.94,13.1,11.39,109898.24
2026-10-05,Automóvel Usado,70000.0,102,1092.46,13.1,11.4,112662.92
2026-10-05,Automóvel Usado,70000.0,108,1057.38,13.1,11.4,115429.04
2026-10-05,Automóvel Usado,70000.0,114,1029.1,13.1,11.47,118549.4
2026-10-05,Automóvel Usado,70000.0,120,1001.47,13.1,11.47,121408.4
2026-10-05,Automóvel Usado,75000.0,24,3517.57,14.3,11.18,85741.68
2026-10-05,Automóvel Usado,75000.0,30,2893.03,13.9,11.18,88110.9
2026-10-05,Automóvel Usado,75000.0,36,2461.09,13.1,10.73,89919.24
2026-10-05,Automóvel Usado,75000.0,42,2165.3,12.9,10.73,92262.6
2026-10-05,Automóvel Usado,75000.0,48,1954.48,13.1,11.0,95135.04
2026-10-05,Automóvel Usado,75000.0,54,1783.39,13.0,11.0,97623.06
2026-10-05,Automóvel Usado,75000.0,60,1653.21,13.1,11.15,100512.6
2026-10-05,Automóvel Usado,75000.0,66,1542.45,13.0,11.15,103121.7
2026-10-05,Automóvel Usado,75000.0,72,1455.37,13.1,11.27,106106.64
2026-10-05,Automóvel Usado,75000.0,78,1378.71,13.1,11.28,108859.38
2026-10-05,Automóvel Usado,75000.0,84,1315.95,13.1,11.35,111859.8
2026-10-05,Automóvel Usado,75000.0,90,1259.61,13.1,11.35,114684.9
2026-10-05,Automóvel Usado,75000.0,96,1212.79,13.1,11.39,117747.84
2026-10-05,Automóvel Usado,75000.0,102,1170.5,13.1,11.4,120711.0
2026-10-05,Automóvel Usado,75000.0,108,1132.9,13.1,11.4,123673.2
2026-10-05,Automóvel Usado,75000.0,114,1102.6,13.1,11.47,127016.4
2026-10-05,Automóvel Usado,75000.0,120,1073.0,13.1,11.47,130080.0
2026-10-05,Automóvel Novo,5000.0,24,226.05,10.2,7.65,5513.2
2026-10-05,Automóvel Novo,5000.0,30,184.35,9.8,7.65,5618.5
2026-10-05,Automóvel Novo,5000.0,36,156.59,9.6,7.65,5725.24
2026-10-05,Automóvel Novo,5000.0,42,140.31,11.0,9.1,5981.02
2026-10-05,Automóvel Novo,5000.0,48,125.52,10.9,9.1,6112.96
2026-10-05,Automóvel Novo,5000.0,54,114.05,10.8,9.1,6246.7
2026-10-05,Automóvel Novo,5000.0,60,104.91,10.7,9.1,6382.6
2026-10-05,Automóvel Novo,5000.0,66,98.55,11.1,9.52,6592.3
2026-10-05,Automóvel Novo,5000.0,72,92.63,11.2,9.62,6757.36
2026-10-05,Automóvel Novo,5000.0,78,87.43,11.1,9.62,6907.54
2026-10-05,Automóvel Novo,5000.0,84,83.01,11.1,9.62,7060.84
2026-10-05,Automóvel Novo,10000.0,24,452.09,10.2,7.65,11026.16
2026-10-05,Automóvel Novo,10000.0,30,368.7,9.8,7.65,11237.0
2026-10-05,Automóvel Novo,10000.0,36,313.18,9.6,7.65,11450.48
2026-10-05,Automóvel Novo,10000.0,42,280.61,11.0,9.1,11961.62
2026-10-05,Automóvel Novo,10000.0,48,251.04,10.9,9.1,12225.92
2026-10-05,Automóvel Novo,10000.0,54,228.11,10.8,9.1,12493.94
2026-10-05,Automóvel Novo,10000.0,60,209.82,10.7,9.1,12765.2
2026-10-05,Automóvel Novo,10000.0,66,197.1,11.1,9.52,13184.6
2026-10-05,Automóvel Novo,10000.0,72,185.26,11.2,9.62,13514.72
2026-10-05,Automóvel Novo,10000.0,78,174.87,11.1,9.62,13815.86
2026-10-05,Automóvel Novo,10000.0,84,166.01,11.1,9.62,14120.84
2026-10-05,Automóvel Novo,10000.0,90,158.85,11.2,9.7,14472.5
2026-10-05,Automóvel Novo,10000.0,96,152.54,11.2,9.76,14819.84
2026-10-05,Automóvel Novo,10000.0,102,146.73,11.2,9.76,15142.46
2026-10-05,Automóvel Novo,10000.0,108,141.6,11.2,9.76,15468.8
2026-10-05,Automóvel Novo,10000.0,114,137.05,11.1,9.76,15799.7
2026-10-05,Automóvel Novo,10000.0,120,132.98,11.1,9.76,16133.6
2026-10-05,Automóvel Novo,15000.0,24,678.14,10.2,7.65,16539.36
2026-10-05,Automóvel Novo,15000.0,30,553.05,9.8,7.65,16855.5
2026-10-05,Automóvel Novo,15000.0,36,469.77,9.6,7.65,17175.72
2026-10-05,Automóvel Novo,15000.0,42,420.92,11.0,9.1,17942.64
2026-10-05,Automóvel Novo,15000.0,48,376.56,10.9,9.1,18338.88
2026-10-05,Automóvel Novo,15000.0,54,342.16,10.8,9.1,18740.64
2026-10-05,Automóvel Novo,15000.0,60,314.73,10.7,9.1,19147.8
2026-10-05,Automóvel Novo,15000.0,66,295.65,11.1,9.52,19776.9
2026-10-05,Automóvel Novo,15000.0,72,277.89,11.2,9.62,20272.08
2026-10-05,Automóvel Novo,15000.0,78,262.3,11.1,9.62,20723.4
2026-10-05,Automóvel Novo,15000.0,84,249.02,11.1,9.62,21181.68
2026-10-05,Automóvel Novo,15000.0,90,238.28,11.2,9.7,21709.2
2026-10-05,Automóvel Novo,15000.0,96,228.8,11.2,9.76,22228.8
2026-10-05,Automóvel Novo,15000.0,102,220.09,11.2,9.76,22713.18
2026-10-05,Automóvel Novo,15000.0,108,212.4,11.2,9.76,23203.2
2026-10-05,Automóvel Novo,15000.0,114,205.57,11.1,9.76,23698.98
2026-10-05,Automóvel Novo,15000.0,120,199.47,11.1,9.76,24200.4
2026-10-05,Automóvel Novo,20000.0,24,904.18,10.2,7.65,22052.32
2026-10-05,Automóvel Novo,20000.0,30,737.4,9.8,7.65,22474.0
2026-10-05,Automóvel Novo,20000.0,36,626.36,9.6,7.65,22900.96
2026-10-05,Automóvel Novo,20000.0,42,561.22,11.0,9.1,23923.24
2026-10-05,Automóvel Novo,20000.0,48,502.08,10.9,9.1,24451.84
2026-10-05,Automóvel Novo,20000.0,54,456.22,10.8,9.1,24987.88
2026-10-05,Automóvel Novo,20000.0,60,419.65,10.7,9.1,25531.0
2026-10-05,Automóvel Novo,20000.0,66,394.2,11.1,9.52,26369.2
2026-10-05,Automóvel Novo,20000.0,72,370.52,11.2,9.62,27029.44
2026-10-05,Automóvel Novo,20000.0,78,349.74,11.1,9.62,27631.72
2026-10-05,Automóvel Novo,20000.0,84,332.02,11.1,9.62,28241.68
2026-10-05,Automóvel Novo,20000.0,90,317.7,11.2,9.7,28945.0
2026-10-05,Automóvel Novo,20000.0,96,305.07,11.2,9.76,29638.72
2026-10-05,Automóvel Novo,20000.0,102,293.45,11.2,9.76,30283.9
2026-10-05,Automóvel Novo,20000.0,108,283.2,11.2,9.76,30937.6
2026-10-05,Automóvel Novo,20000.0,114,274.1,11.1,9.76,31599.4
2026-10-05,Automóvel Novo,20000.0,120,265.97,11.1,9.76,32268.4
2026-10-05,Automóvel Novo,25000.0,24,1130.23,10.2,7.65,27565.52
2026-10-05,Automóvel Novo,25000.0,30,921.75,9.8,7.65,28092.5
2026-10-05,Automóvel Novo,25000.0,36,782.95,9.6,7.65,28626.2
2026-10-05,Automóvel Novo,25000.0,42,701.53,11.0,9.1,29904.26
2026-10-05,Automóvel Novo,25000.0,48,627.6,10.9,9.1,30564.8
2026-10-05,Automóvel Novo,25000.0,54,570.27,10.8,9.1,31234.58
2026-10-05,Automóvel Novo,25000.0,60,524.56,10.7,9.1,31913.6
2026-10-05,Automóvel Novo,25000.0,66,492.75,11.1,9.52,32961.5
2026-10-05,Automóvel Novo,25000.0,72,463.15,11.2,9.62,33786.8
2026-10-05,Automóvel Novo,25000.0,78,437.17,11.1,9.62,34539.26
2026-10-05,Automóvel Novo,25000.0,84,415.03,11.1,9.62,35302.52
2026-10-05,Automóvel Novo,25000.0,90,397.13,11.2,9.7,36181.7
2026-10-05,Automóvel Novo,25000.0,96,381.34,11.2,9.76,37048.64
2026-10-05,Automóvel Novo,25000.0,102,366.82,11.2,9.76,37855.64
2026-10-05,Automóvel Novo,25000.0,108,354.0,11.2,9.76,38672.0
2026-10-05,Automóvel Novo,25000.0,114,342.62,11.1,9.76,39498.68
2026-10-05,Automóvel Novo,25000.0,120,332.46,11.1,9.76,40335.2
2026-10-05,Automóvel Novo,30000.0,24,1356.27,10.2,7.65,33078.48
2026-10-05,Automóvel Novo,30000.0,30,1106.1,9.8,7.65,33711.0
2026-10-05,Automóvel Novo,30000.0,36,939.54,9.6,7.65,34351.44
2026-10-05,Automóvel Novo,30000.0,42,841.84,11.0,9.1,35885.28
2026-10-05,Automóvel Novo,30000.0,48,753.12,10.9,9.1,36677.76
2026-10-05,Automóvel Novo,30000.0,54,684.32,10.8,9.1,37481.28
2026-10-05,Automóvel Novo,30000.0,60,629.47,10.7,9.1,38296.2
2026-10-05,Automóvel Novo,30000.0,66,591.3,11.1,9.52,39553.8
2026-10-05,Automóvel Novo,30000.0,72,555.78,11.2,9.62,40544.16
2026-10-05,Automóvel Novo,30000.0,78,524.61,11.1,9.62,41447.58
2026-10-05,Automóvel Novo,30000.0,84,498.04,11.1,9.62,42363.36
2026-10-05,Automóvel Novo,30000.0,90,476.55,11.2,9.7,43417.5
2026-10-05,Automóvel Novo,30000.0,96,457.61,11.2,9.76,44458.56
2026-10-05,Automóvel Novo,30000.0,102,440.18,11.2,9.76,45426.36
2026-10-05,Automóvel Novo,30000.0,108,424.8,11.2,9.76,46406.4
2026-10-05,Automóvel Novo,30000.0,114,411.14,11.1,9.76,47397.96
2026-10-05,Automóvel Novo,30000.0,120,398.95,11.1,9.76,48402.0
2026-10-05,Automóvel Novo,35000.0,24,1582.32,10.2,7.65,38591.68
2026-10-05,Automóvel Novo,35000.0,30,1290.45,9.8,7.65,39329.5
2026-10-05,Automóvel Novo,35000.0,36,1096.13,9.6,7.65,40076.68
2026-10-05,Automóvel Novo,35000.0,42,982.14,11.0,9.1,41865.88
2026-10-05,Automóvel Novo,35000.0,48,878.64,10.9,9.1,42790.72
2026-10-05,Automóvel Novo,35000.0,54,798.38,10.8,9.1,43728.52
2026-10-05,Automóvel Novo,35000.0,60,734.38,10.7,9.1,44678.8
2026-10-05,Automóvel Novo,35000.0,66,689.85,11.1,9.52,46146.1
2026-10-05,Automóvel Novo,35000.0,72,648.4,11.2,9.62,47300.8
2026-10-05,Automóvel Novo,35000.0,78,612.04,11.1,9.62,48355.12
2026-10-05,Automóvel Novo,35000.0,84,581.04,11.1,9.62,49423.36
2026-10-05,Automóvel Novo,35000.0,90,555.98,11.2,9.7,50654.2
2026-10-05,Automóvel Novo,35000.0,96,533.88,11.2,9.76,51868.48
2026-10-05,Automóvel Novo,35000.0,102,513.55,11.2,9.76,52998.1
2026-10-05,Automóvel Novo,35000.0,108,495.6,11.2,9.76,54140.8
2026-10-05,Automóvel Novo,35000.0,114,479.67,11.1,9.76,55298.38
2026-10-05,Automóvel Novo,35000.0,120,465.44,11.1,9.76,56468.8
2026-10-05,Automóvel Novo,40000.0,24,1808.36,10.2,7.65,44104.64
2026-10-05,Automóvel Novo,40000.0,30,1474.8,9.8,7.65,44948.0
2026-10-05,Automóvel Novo,40000.0,36,1252.72,9.6,7.65,45801.92
2026-10-05,Automóvel Novo,40000.0,42,1122.45,11.0,9.1,47846.9
2026-10-05,Automóvel Novo,40000.0,48,1004.16,10.9,9.1,48903.68
2026-10-05,Automóvel Novo,40000.0,54,912.43,10.8,9.1,49975.22
2026-10-05,Automóvel Novo,40000.0,60,839.29,10.7,9.1,51061.4
2026-10-05,Automóvel Novo,40000.0,66,788.4,11.1,9.52,52738.4
2026-10-05,Automóvel Novo,40000.0,72,741.03,11.2,9.62,54058.16
2026-10-05,Automóvel Novo,40000.0,78,699.48,11.1,9.62,55263.44
2026-10-05,Automóvel Novo,40000.0,84,664.05,11.1,9.62,56484.2
2026-10-05,Automóvel Novo,40000.0,90,635.4,11.2,9.7,57890.0
2026-10-05,Automóvel Novo,40000.0,96,610.15,11.2,9.76,59278.4
2026-10-05,Automóvel Novo,40000.0,102,586.91,11.2,9.76,60568.82
2026-10-05,Automóvel Novo,40000.0,108,566.4,11.2,9.76,61875.2
2026-10-05,Automóvel Novo,40000.0,114,548.19,11.1,9.76,63197.66
2026-10-05,Automóvel Novo,40000.0,120,531.93,11.1,9.76,64535.6
2026-10-05,Automóvel Novo,45000.0,24,2034.41,10.2,7.65,49617.84
2026-10-05,Automóvel Novo,45000.0,30,1659.15,9.8,7.65,50566.5
2026-10-05,Automóvel Novo,45000.0,36,1409.31,9.6,7.65,51527.16
2026-10-05,Automóvel Novo,45000.0,42,1262.75,11.0,9.1,53827.5
2026-10-05,Automóvel Novo,45000.0,48,1129.68,10.9,9.1,55016.64
2026-10-05,Automóvel Novo,45000.0,54,1026.49,10.8,9.1,56222.46
2026-10-05,Automóvel Novo,45000.0,60,944.2,10.7,9.1,57444.0
2026-10-05,Automóvel Novo,45000.0,66,886.95,11.1,9.52,59330.7
2026-10-05,Automóvel Novo,45000.0,72,833.66,11.2,9.62,60815.52
2026-10-05,Automóvel Novo,45000.0,78,786.91,11.1,9.62,62170.98
2026-10-05,Automóvel Novo,45000.0,84,747.05,11.1,9.62,63544.2
2026-10-05,Automóvel Novo,45000.0,90,714.83,11.2,9.7,65126.7
2026-10-05,Automóvel Novo,45000.0,96,686.41,11.2,9.76,66687.36
2026-10-05,Automóvel Novo,45000.0,102,660.27,11.2,9.76,68139.54
2026-10-05,Automóvel Novo,45000.0,108,637.2,11.2,9.76,69609.6
2026-10-05,Automóvel Novo,45000.0,114,616.71,11.1,9.76,71096.94
2026-10-05,Automóvel Novo,45000.0,120,598.42,11.1,9.76,72602.4
2026-10-05,Automóvel Novo,50000.0,24,2260.45,10.2,7.65,55130.8
2026-10-05,Automóvel Novo,50000.0,30,1843.5,9.8,7.65,56185.0
2026-10-05,Automóvel Novo,50000.0,36,1565.9,9.6,7.65,57252.4
2026-10-05,Automóvel Novo,50000.0,42,1403.06,11.0,9.1,59808.52
2026-10-05,Automóvel Novo,50000.0,48,1255.2,10.9,9.1,61129.6
2026-10-05,Automóvel Novo,50000.0,54,1140.54,10.8,9.1,62469.16
2026-10-05,Automóvel Novo,50000.0,60,1049.12,10.7,9.1,63827.2
2026-10-05,Automóvel Novo,50000.0,66,985.5,11.1,9.52,65923.0
2026-10-05,Automóvel Novo,50000.0,72,926.29,11.2,9.62,67572.88
2026-10-05,Automóvel Novo,50000.0,78,874.35,11.1,9.62,69079.3
2026-10-05,Automóvel Novo,50000.0,84,830.06,11.1,9.62,70605.04
2026-10-05,Automóvel Novo,50000.0,90,794.25,11.2,9.7,72362.5
2026-10-05,Automóvel Novo,50000.0,96,762.68,11.2,9.76,74097.28
2026-10-05,Automóvel Novo,50000.0,102,733.64,11.2,9.76,75711.28
2026-10-05,Automóvel Novo,50000.0,108,708.0,11.2,9.76,77344.0
2026-10-05,Automóvel Novo,50000.0,114,685.24,11.1,9.76,78997.36
2026-10-05,Automóvel Novo,50000.0,120,664.91,11.1,9.76,80669.2
2026-10-05,Automóvel Novo,55000.0,24,2486.5,10.2,7.65,60644.0
2026-10-05,Automóvel Novo,55000.0,30,2027.85,9.8,7.65,61803.5
2026-10-05,Automóvel Novo,55000.0,36,1722.49,9.6,7.65,62977.64
2026-10-05,Automóvel Novo,55000.0,42,1543.37,11.0,9.1,65789.54
2026-10-05,Automóvel Novo,55000.0,48,1380.72,10.9,9.1,67242.56
2026-10-05,Automóvel Novo,55000.0,54,1254.59,10.8,9.1,68715.86
2026-10-05,Automóvel Novo,55000.0,60,1154.03,10.7,9.1,70209.8
2026-10-05,Automóvel Novo,55000.0,66,1084.05,11.1,9.52,72515.3
2026-10-05,Automóvel Novo,55000.0,72,1018.92,11.2,9.62,74330.24
2026-10-05,Automóvel Novo,55000.0,78,961.78,11.1,9.62,75986.84
2026-10-05,Automóvel Novo,55000.0,84,913.07,11.1,9.62,77665.88
2026-10-05,Automóvel Novo,55000.0,90,873.68,11.2,9.7,79599.2
2026-10-05,Automóvel Novo,55000.0,96,838.95,11.2,9.76,81507.2
2026-10-05,Automóvel Novo,55000.0,102,807.0,11.2,9.76,83282.0
2026-10-05,Automóvel Novo,55000.0,108,778.8,11.2,9.76,85078.4
2026-10-05,Automóvel Novo,55000.0,114,753.76,11.1,9.76,86896.64
2026-10-05,Automóvel Novo,55000.0,120,731.41,11.1,9.76,88737.2
2026-10-05,Automóvel Novo,60000.0,24,2712.54,10.2,7.65,66156.96
2026-10-05,Automóvel Novo,60000.0,30,2212.2,9.8,7.65,67422.0
2026-10-05,Automóvel Novo,60000.0,36,1879.07,9.6,7.65,68702.52
2026-10-05,Automóvel Novo,60000.0,42,1683.67,11.0,9.1,71770.14
2026-10-05,Automóvel Novo,60000.0,48,1506.24,10.9,9.1,73355.52
2026-10-05,Automóvel Novo,60000.0,54,1368.65,10.8,9.1,74963.1
2026-10-05,Automóvel Novo,60000.0,60,1258.94,10.7,9.1,76592.4
2026-10-05,Automóvel Novo,60000.0,66,1182.6,11.1,9.52,79107.6
2026-10-05,Automóvel Novo,60000.0,72,1111.55,11.2,9.62,81087.6
2026-10-05,Automóvel Novo,60000.0,78,1049.22,11.1,9.62,82895.16
2026-10-05,Automóvel Novo,60000.0,84,996.07,11.1,9.62,84725.88
2026-10-05,Automóvel Novo,60000.0,90,953.1,11.2,9.7,86835.0
2026-10-05,Automóvel Novo,60000.0,96,915.22,11.2,9.76,88917.12
2026-10-05,Automóvel Novo,60000.0,102,880.36,11.2,9.76,90852.72
2026-10-05,Automóvel Novo,60000.0,108,849.6,11.2,9.76,92812.8
2026-10-05,Automóvel Novo,60000.0,114,822.29,11.1,9.76,94797.06
2026-10-05,Automóvel Novo,60000.0,120,797.9,11.1,9.76,96804.0
2026-10-05,Automóvel Novo,65000.0,24,2938.59,10.2,7.65,71670.16
2026-10-05,Automóvel Novo,65000.0,30,2396.55,9.8,7.65,73040.5
2026-10-05,Automóvel Novo,65000.0,36,2035.66,9.6,7.65,74427.76
2026-10-05,Automóvel Novo,65000.0,42,1823.98,11.0,9.1,77751.16
2026-10-05,Automóvel Novo,65000.0,48,1631.76,10.9,9.1,79468.48
2026-10-05,Automóvel Novo,65000.0,54,1482.7,10.8,9.1,81209.8
2026-10-05,Automóvel Novo,65000.0,60,1363.85,10.7,9.1,82975.0
2026-10-05,Automóvel Novo,65000.0,66,1281.15,11.1,9.52,85699.9
2026-10-05,Automóvel Novo,65000.0,72,1204.18,11.2,9.62,87844.96
2026-10-05,Automóvel Novo,65000.0,78,1136.65,11.1,9.62,89802.7
2026-10-05,Automóvel Novo,65000.0,84,1079.08,11.1,9.62,91786.72
2026-10-05,Automóvel Novo,65000.0,90,1032.53,11.2,9.7,94071.7
2026-10-05,Automóvel Novo,65000.0,96,991.49,11.2,9.76,96327.04
2026-10-05,Automóvel Novo,65000.0,102,953.73,11.2,9.76,98424.46
2026-10-05,Automóvel Novo,65000.0,108,920.4,11.2,9.76,100547.2
2026-10-05,Automóvel Novo,65000.0,114,890.81,11.1,9.76,102696.34
2026-10-05,Automóvel Novo,65000.0,120,864.39,11.1,9.76,104870.8
2026-10-05,Automóvel Novo,70000.0,24,3164.63,10.2,7.65,77183.12
2026-10-05,Automóvel Novo,70000.0,30,2580.9,9.8,7.65,78659.0
2026-10-05,Automóvel Novo,70000.0,36,2192.25,9.6,7.65,80153.0
2026-10-05,Automóvel Novo,70000.0,42,1964.28,11.0,9.1,83731.76
2026-10-05,Automóvel Novo,70000.0,48,1757.28,10.9,9.1,85581.44
2026-10-05,Automóvel Novo,70000.0,54,1596.76,10.8,9.1,87457.04
2026-10-05,Automóvel Novo,70000.0,60,1468.76,10.7,9.1,89357.6
2026-10-05,Automóvel Novo,70000.0,66,1379.69,11.1,9.52,92291.54
2026-10-05,Automóvel Novo,70000.0,72,1296.81,11.2,9.62,94602.32
2026-10-05,Automóvel Novo,70000.0,78,1224.09,11.1,9.62,96711.02
2026-10-05,Automóvel Novo,70000.0,84,1162.08,11.1,9.62,98846.72
2026-10-05,Automóvel Novo,70000.0,90,1111.95,11.2,9.7,101307.5
2026-10-05,Automóvel Novo,70000.0,96,1067.76,11.2,9.76,103736.96
2026-10-05,Automóvel Novo,70000.0,102,1027.09,11.2,9.76,105995.18
2026-10-05,Automóvel Novo,70000.0,108,991.2,11.2,9.76,108281.6
2026-10-05,Automóvel Novo,70000.0,114,959.33,11.1,9.76,110595.62
2026-10-05,Automóvel Novo,70000.0,120,930.88,11.1,9.76,112937.6
2026-10-05,Automóvel Novo,75000.0,24,3390.68,10.2,7.65,82696.32
2026-10-05,Automóvel Novo,75000.0,30,2765.25,9.8,7.65,84277.5
2026-10-05,Automóvel Novo,75000.0,36,2348.84,9.6,7.65,85878.24
2026-10-05,Automóvel Novo,75000.0,42,2104.59,11.0,9.1,89712.78
2026-10-05,Automóvel Novo,75000.0,48,1882.8,10.9,9.1,91694.4
2026-10-05,Automóvel Novo,75000.0,54,1710.81,10.8,9.1,93703.74
2026-10-05,Automóvel Novo,75000.0,60,1573.67,10.7,9.1,95740.2
2026-10-05,Automóvel Novo,75000.0,66,1478.24,11.1,9.52,98883.84
2026-10-05,Automóvel Novo,75000.0,72,1389.44,11.2,9.62,101359.68
2026-10-05,Automóvel Novo,75000.0,78,1311.52,11.1,9.62,103618.56
2026-10-05,Automóvel Novo,75000.0,84,1245.09,11.1,9.62,105907.56
2026-10-05,Automóvel Novo,75000.0,90,1191.38,11.2,9.7,108544.2
2026-10-05,Automóvel Novo,75000.0,96,1144.02,11.2,9.76,111145.92
2026-10-05,Automóvel Novo,75000.0,102,1100.45,11.2,9.76,113565.9
2026-10-05,Automóvel Novo,75000.0,108,1062.0,11.2,9.76,116016.0
2026-10-05,Automóvel Novo,75000.0,114,1027.86,11.1,9.76,118496.04
2026-10-05,Automóvel Novo,75000.0,120,997.37,11.1,9.76,121004.4
2026-10-05,Outros Veículos Usados,2500.0,24,117.25,14.3,11.18,2858.0
2026-10-05,Outros Veículos Usados,2500.0,30,96.43,13.9,11.18,2936.9
2026-10-05,Outros Veículos Usados,2500.0,36,83.26,14.3,11.72,3041.36
2026-10-05,Outros Veículos Usados,2500.0,42,73.42,14.1,11.72,3127.64
2026-10-05,Outros Veículos Usados,2500.0,48,66.4,14.3,11.98,3231.2
2026-10-05,Outros Veículos Usados,2500.0,54,60.72,14.2,11.98,3322.88
2026-10-05,Outros Veículos Usados,2500.0,60,56.42,14.3,12.15,3429.2
2026-10-05,Outros Veículos Usados,2500.0,66,52.75,14.2,12.15,3525.5
2026-10-05,Outros Veículos Usados,2500.0,72,49.88,14.3,12.28,3635.36
2026-10-05,Outros Veículos Usados,2500.0,78,47.33,14.3,12.28,3735.74
2026-10-05,Outros Veículos Usados,2500.0,84,45.26,14.3,12.35,3845.84
2026-10-05,Outros Veículos Usados,5000.0,24,234.5,14.3,11.18,5716.0
2026-10-05,Outros Veículos Usados,5000.0,30,192.87,13.9,11.18,5874.1
2026-10-05,Outros Veículos Usados,5000.0,36,164.07,13.1,10.73,5994.52
2026-10-05,Outros Veículos Usados,5000.0,42,144.35,12.9,10.73,6150.7
2026-10-05,Outros Veículos Usados,5000.0,48,130.3,13.1,11.0,6342.4
2026-10-05,Outros Veículos Usados,5000.0,54,118.89,13.0,11.0,6508.06
2026-10-05,Outros Veículos Usados,5000.0,60,110.21,13.1,11.15,6700.6
2026-10-05,Outros Veículos Usados,5000.0,66,102.83,13.0,11.15,6874.78
2026-10-05,Outros Veículos Usados,5000.0,72,97.02,13.1,11.27,7073.44
2026-10-05,Outros Veículos Usados,5000.0,78,91.91,13.1,11.28,7256.98
2026-10-05,Outros Veículos Usados,5000.0,84,87.73,13.1,11.35,7457.32
2026-10-05,Outros Veículos Usados,5000.0,90,83.97,13.1,11.35,7645.3
2026-10-05,Outros Veículos Usados,5000.0,96,80.85,13.1,11.39,7849.6
2026-10-05,Outros Veículos Usados,10000.0,24,469.01,14.3,11.18,11432.24
2026-10-05,Outros Veículos Usados,10000.0,30,385.74,13.9,11.18,11748.2
2026-10-05,Outros Veículos Usados,10000.0,36,328.15,13.1,10.73,11989.4
2026-10-05,Outros Veículos Usados,10000.0,42,288.71,12.9,10.73,12301.82
2026-10-05,Outros Veículos Usados,10000.0,48,260.6,13.1,11.0,12684.8
2026-10-05,Outros Veículos Usados,10000.0,54,237.79,13.0,11.0,13016.66
2026-10-05,Outros Veículos Usados,10000.0,60,220.43,13.1,11.15,13401.8
2026-10-05,Outros Veículos Usados,10000.0,66,205.66,13.0,11.15,13749.56
2026-10-05,Outros Veículos Usados,10000.0,72,194.05,13.1,11.27,14147.6
2026-10-05,Outros Veículos Usados,10000.0,78,183.83,13.1,11.28,14514.74
2026-10-05,Outros Veículos Usados,10000.0,84,175.46,13.1,11.35,14914.64
2026-10-05,Outros Veículos Usados,10000.0,90,167.95,13.1,11.35,15291.5
2026-10-05,Outros Veículos Usados,10000.0,96,161.71,13.1,11.39,15700.16
2026-10-05,Outros Veículos Usados,10000.0,102,156.07,13.1,11.4,16095.14
2026-10-05,Outros Veículos Usados,10000.0,108,151.05,13.1,11.4,16489.4
2026-10-05,Outros Veículos Usados,10000.0,114,147.01,13.1,11.47,16935.14
2026-10-05,Outros Veículos Usados,10000.0,120,143.07,13.1,11.47,17344.4
2026-10-05,Outros Veículos Usados,15000.0,24,703.51,14.3,11.18,17148.24
2026-10-05,Outros Veículos Usados,15000.0,30,578.61,13.9,11.18,17622.3
2026-10-05,Outros Veículos Usados,15000.0,36,492.22,13.1,10.73,17983.92
2026-10-05,Outros Veículos Usados,15000.0,42,433.06,12.9,10.73,18452.52
2026-10-05,Outros Veículos Usados,15000.0,48,390.9,13.1,11.0,19027.2
2026-10-05,Outros Veículos Usados,15000.0,54,356.68,13.0,11.0,19524.72
2026-10-05,Outros Veículos Usados,15000.0,60,330.64,13.1,11.15,20102.4
2026-10-05,Outros Veículos Usados,15000.0,66,308.49,13.0,11.15,20624.34
2026-10-05,Outros Veículos Usados,15000.0,72,291.07,13.1,11.27,21221.04
2026-10-05,Outros Veículos Usados,15000.0,78,275.74,13.1,11.28,21771.72
2026-10-05,Outros Veículos Usados,15000.0,84,263.19,13.1,11.35,22371.96
2026-10-05,Outros Veículos Usados,15000.0,90,251.92,13.1,11.35,22936.8
2026-10-05,Outros Veículos Usados,15000.0,96,242.56,13.1,11.39,23549.76
2026-10-05,Outros Veículos Usados,15000.0,102,234.1,13.1,11.4,24142.2
2026-10-05,Outros Veículos Usados,15000.0,108,226.58,13.1,11.4,24734.64
2026-10-05,Outros Veículos Usados,15000.0,114,220.52,13.1,11.47,25403.28
2026-10-05,Outros Veículos Usados,15000.0,120,214.6,13.1,11.47,26016.0
2026-10-05,Outros Veículos Usados,20000.0,24,938.02,14.3,11.18,22864.48
2026-10-05,Outros Veículos Usados,20000.0,30,771.48,13.9,11.18,23496.4
2026-10-05,Outros Veículos Usados,20000.0,36,656.29,13.1,10.73,23978.44
2026-10-05,Outros Veículos Usados,20000.0,42,577.41,12.9,10.73,24603.22
2026-10-05,Outros Veículos Usados,20000.0,48,521.19,13.1,11.0,25369.12
2026-10-05,Outros Veículos Usados,20000.0,54,475.57,13.0,11.0,26032.78
2026-10-05,Outros Veículos Usados,20000.0,60,440.86,13.1,11.15,26803.6
2026-10-05,Outros Veículos Usados,20000.0,66,411.32,13.0,11.15,27499.12
2026-10-05,Outros Veículos Usados,20000.0,72,388.1,13.1,11.27,28295.2
2026-10-05,Outros Veículos Usados,20000.0,78,367.66,13.1,11.28,29029.48
2026-10-05,Outros Veículos Usados,20000.0,84,350.92,13.1,11.35,29829.28
2026-10-05,Outros Veículos Usados,20000.0,90,335.9,13.1,11.35,30583.0
2026-10-05,Outros Veículos Usados,20000.0,96,323.41,13.1,11.39,31399.36
2026-10-05,Outros Veículos Usados,20000.0,102,312.13,13.1,11.4,32189.26
2026-10-05,Outros Veículos Usados,20000.0,108,302.11,13.1,11.4,32979.88
2026-10-05,Outros Veículos Usados,20000.0,114,294.03,13.1,11.47,33871.42
2026-10-05,Outros Veículos Usados,20000.0,120,286.13,13.1,11.47,34687.6
2026-10-05,Outros Veículos Usados,25000.0,24,1172.52,14.3,11.18,28580.48
2026-10-05,Outros Veículos Usados,25000.0,30,964.34,13.9,11.18,29370.2
2026-10-05,Outros Veículos Usados,25000.0,36,820.36,13.1,10.73,29972.96
2026-10-05,Outros Veículos Usados,25000.0,42,721.77,12.9,10.73,30754.34
2026-10-05,Outros Veículos Usados,25000.0,48,651.49,13.1,11.0,31711.52
2026-10-05,Outros Veículos Usados,25000.0,54,594.46,13.0,11.0,32540.84
2026-10-05,Outros Veículos Usados,25000.0,60,551.07,13.1,11.15,33504.2
2026-10-05,Outros Veículos Usados,25000.0,66,514.15,13.0,11.15,34373.9
2026-10-05,Outros Veículos Usados,25000.0,72,485.12,13.1,11.27,35368.64
2026-10-05,Outros Veículos Usados,25000.0,78,459.57,13.1,11.28,36286.46
2026-10-05,Outros Veículos Usados,25000.0,84,438.65,13.1,11.35,37286.6
2026-10-05,Outros Veículos Usados,25000.0,90,419.87,13.1,11.35,38228.3
2026-10-05,Outros Veículos Usados,25000.0,96,404.26,13.1,11.39,39248.96
2026-10-05,Outros Veículos Usados,25000.0,102,390.17,13.1,11.4,40237.34
2026-10-05,Outros Veículos Usados,25000.0,108,377.63,13.1,11.4,41224.04
2026-10-05,Outros Veículos Usados,25000.0,114,367.53,13.1,11.47,42338.42
2026-10-05,Outros Veículos Usados,25000.0,120,357.67,13.1,11.47,43360.4
2026-10-05,Outros Veículos Usados,30000.0,24,1407.03,14.3,11.18,34296.72
2026-10-05,Outros Veículos Usados,30000.0,30,1157.21,13.9,11.18,35244.3
2026-10-05,Outros Veículos Usados,30000.0,36,984.44,13.1,10.73,35967.84
2026-10-05,Outros Veículos Usados,30000.0,42,866.12,12.9,10.73,36905.04
2026-10-05,Outros Veículos Usados,30000.0,48,781.79,13.1,11.0,38053.92
2026-10-05,Outros Veículos Usados,30000.0,54,713.36,13.0,11.0,39049.44
2026-10-05,Outros Veículos Usados,30000.0,60,661.29,13.1,11.15,40205.4
2026-10-05,Outros Veículos Usados,30000.0,66,616.98,13.0,11.15,41248.68
2026-10-05,Outros Veículos Usados,30000.0,72,582.15,13.1,11.27,42442.8
2026-10-05,Outros Veículos Usados,30000.0,78,551.48,13.1,11.28,43543.44
2026-10-05,Outros Veículos Usados,30000.0,84,526.38,13.1,11.35,44743.92
2026-10-05,Outros Veículos Usados,30000.0,90,503.84,13.1,11.35,45873.6
2026-10-05,Outros Veículos Usados,30000.0,96,485.12,13.1,11.39,47099.52
2026-10-05,Outros Veículos Usados,30000.0,102,468.2,13.1,11.4,48284.4
2026-10-05,Outros Veículos Usados,30000.0,108,453.16,13.1,11.4,49469.28
2026-10-05,Outros Veículos Usados,30000.0,114,441.04,13.1,11.47,50806.56
2026-10-05,Outros Veículos Usados,30000.0,120,429.2,13.1,11.47,52032.0
2026-10-05,Outros Veículos Usados,35000.0,24,1641.53,14.3,11.18,40012.72
2026-10-05,Outros Veículos Usados,35000.0,30,1350.08,13.9,11.18,41118.4
2026-10-05,Outros Veículos Usados,35000.0,36,1148.51,13.1,10.73,41962.36
2026-10-05,Outros Veículos Usados,35000.0,42,1010.47,12.9,10.73,43055.74
2026-10-05,Outros Veículos Usados,35000.0,48,912.09,13.1,11.0,44396.32
2026-10-05,Outros Veículos Usados,35000.0,54,832.25,13.0,11.0,45557.5
2026-10-05,Outros Veículos Usados,35000.0,60,771.5,13.1,11.15,46906.0
2026-10-05,Outros Veículos Usados,35000.0,66,719.81,13.0,11.15,48123.46
2026-10-05,Outros Veículos Usados,35000.0,72,679.17,13.1,11.27,49516.24
2026-10-05,Outros Veículos Usados,35000.0,78,643.4,13.1,11.28,50801.2
2026-10-05,Outros Veículos Usados,35000.0,84,614.11,13.1,11.35,52201.24
2026-10-05,Outros Veículos Usados,35000.0,90,587.82,13.1,11.35,53519.8
2026-10-05,Outros Veículos Usados,35000.0,96,565.97,13.1,11.39,54949.12
2026-10-05,Outros Veículos Usados,35000.0,102,546.23,13.1,11.4,56331.46
2026-10-05,Outros Veículos Usados,35000.0,108,528.69,13.1,11.4,57714.52
2026-10-05,Outros Veículos Usados,35000.0,114,514.55,13.1,11.47,59274.7
2026-10-05,Outros Veículos Usados,35000.0,120,500.73,13.1,11.47,60703.6
2026-10-05,Outros Veículos Usados,40000.0,24,1876.03,14.3,11.18,45728.72
2026-10-05,Outros Veículos Usados,40000.0,30,1542.95,13.9,11.18,46992.5
2026-10-05,Outros Veículos Usados,40000.0,36,1312.58,13.1,10.73,47956.88
2026-10-05,Outros Veículos Usados,40000.0,42,1154.83,12.9,10.73,49206.86
2026-10-05,Outros Veículos Usados,40000.0,48,1042.39,13.1,11.0,50738.72
2026-10-05,Outros Veículos Usados,40000.0,54,951.14,13.0,11.0,52065.56
2026-10-05,Outros Veículos Usados,40000.0,60,881.71,13.1,11.15,53606.6
2026-10-05,Outros Veículos Usados,40000.0,66,822.64,13.0,11.15,54998.24
2026-10-05,Outros Veículos Usados,40000.0,72,776.2,13.1,11.27,56590.4
2026-10-05,Outros Veículos Usados,40000.0,78,735.31,13.1,11.28,58058.18
2026-10-05,Outros Veículos Usados,40000.0,84,701.84,13.1,11.35,59658.56
2026-10-05,Outros Veículos Usados,40000.0,90,671.79,13.1,11.35,61165.1
2026-10-05,Outros Veículos Usados,40000.0,96,646.82,13.1,11.39,62798.72
2026-10-05,Outros Veículos Usados,40000.0,102,624.27,13.1,11.4,64379.54
2026-10-05,Outros Veículos Usados,40000.0,108,604.22,13.1,11.4,65959.76
2026-10-05,Outros Veículos Usados,40000.0,114,588.06,13.1,11.47,67742.84
2026-10-05,Outros Veículos Usados,40000.0,120,572.27,13.1,11.47,69376.4
2026-10-05,Outros Veículos Usados,45000.0,24,2110.54,14.3,11.18,51444.96
2026-10-05,Outros Veículos Usados,45000.0,30,1735.82,13.9,11.18,52866.6
2026-10-05,Outros Veículos Usados,45000.0,36,1476.65,13.1,10.73,53951.4
2026-10-05,Outros Veículos Usados,45000.0,42,1299.18,12.9,10.73,55357.56
2026-10-05,Outros Veículos Usados,45000.0,48,1172.69,13.1,11.0,57081.12
2026-10-05,Outros Veículos Usados,45000.0,54,1070.04,13.0,11.0,58574.16
2026-10-05,Outros Veículos Usados,45000.0,60,991.93,13.1,11.15,60307.8
2026-10-05,Outros Veículos Usados,45000.0,66,925.47,13.0,11.15,61873.02
2026-10-05,Outros Veículos Usados,45000.0,72,873.22,13.1,11.27,63663.84
2026-10-05,Outros Veículos Usados,45000.0,78,827.23,13.1,11.28,65315.94
2026-10-05,Outros Veículos Usados,45000.0,84,789.57,13.1,11.35,67115.88
2026-10-05,Outros Veículos Usados,45000.0,90,755.77,13.1,11.35,68811.3
2026-10-05,Outros Veículos Usados,45000.0,96,727.67,13.1,11.39,70648.32
2026-10-05,Outros Veículos Usados,45000.0,102,702.3,13.1,11.4,72426.6
2026-10-05,Outros Veículos Usados,45000.0,108,679.74,13.1,11.4,74203.92
2026-10-05,Outros Veículos Usados,45000.0,114,661.56,13.1,11.47,76209.84
2026-10-05,Outros Veículos Usados,45000.0,120,643.8,13.1,11.47,78048.0
2026-10-05,Outros Veículos Usados,50000.0,24,2345.04,14.3,11.18,57160.96
2026-10-05,Outros Veículos Usados,50000.0,30,1928.69,13.9,11.18,58740.7
2026-10-05,Outros Veículos Usados,50000.0,36,1640.73,13.1,10.73,59946.28
2026-10-05,Outros Veículos Usados,50000.0,42,1443.53,12.9,10.73,61508.26
2026-10-05,Outros Veículos Usados,50000.0,48,1302.99,13.1,11.0,63423.52
2026-10-05,Outros Veículos Usados,50000.0,54,1188.93,13.0,11.0,65082.22
2026-10-05,Outros Veículos Usados,50000.0,60,1102.14,13.1,11.15,67008.4
2026-10-05,Outros Veículos Usados,50000.0,66,1028.3,13.0,11.15,68747.8
2026-10-05,Outros Veículos Usados,50000.0,72,970.24,13.1,11.27,70737.28
2026-10-05,Outros Veículos Usados,50000.0,78,919.14,13.1,11.28,72572.92
2026-10-05,Outros Veículos Usados,50000.0,84,877.3,13.1,11.35,74573.2
2026-10-05,Outros Veículos Usados,50000.0,90,839.74,13.1,11.35,76456.6
2026-10-05,Outros Veículos Usados,50000.0,96,808.53,13.1,11.39,78498.88
2026-10-05,Outros Veículos Usados,50000.0,102,780.33,13.1,11.4,80473.66
2026-10-05,Outros Veículos Usados,50000.0,108,755.27,13.1,11.4,82449.16
2026-10-05,Outros Veículos Usados,50000.0,114,735.07,13.1,11.47,84677.98
2026-10-05,Outros Veículos Usados,50000.0,120,715.33,13.1,11.47,86719.6
2026-10-05,Outros Veículos Usados,55000.0,24,2579.55,14.3,11.18,62877.2
2026-10-05,Outros Veículos Usados,55000.0,30,2121.56,13.9,11.18,64614.8
2026-10-05,Outros Veículos Usados,55000.0,36,1804.8,13.1,10.73,65940.8
2026-10-05,Outros Veículos Usados,55000.0,42,1587.88,12.9,10.73,67658.96
2026-10-05,Outros Veículos Usados,55000.0,48,1433.28,13.1,11.0,69765.44
2026-10-05,Outros Veículos Usados,55000.0,54,1307.82,13.0,11.0,71590.28
2026-10-05,Outros Veículos Usados,55000.0,60,1212.36,13.1,11.15,73709.6
2026-10-05,Outros Veículos Usados,55000.0,66,1131.13,13.0,11.15,75622.58
2026-10-05,Outros Veículos Usados,55000.0,72,1067.27,13.1,11.27,77811.44
2026-10-05,Outros Veículos Usados,55000.0,78,1011.05,13.1,11.28,79829.9
2026-10-05,Outros Veículos Usados,55000.0,84,965.03,13.1,11.35,82030.52
2026-10-05,Outros Veículos Usados,55000.0,90,923.72,13.1,11.35,84102.8
2026-10-05,Outros Veículos Usados,55000.0,96,889.38,13.1,11.39,86348.48
2026-10-05,Outros Veículos Usados,55000.0,102,858.36,13.1,11.4,88520.72
2026-10-05,Outros Veículos Usados,55000.0,108,830.8,13.1,11.4,90694.4
2026-10-05,Outros Veículos Usados,55000.0,114,808.58,13.1,11.47,93146.12
2026-10-05,Outros Veículos Usados,55000.0,120,786.87,13.1,11.47,95392.4
2026-10-05,Outros Veículos Usados,60000.0,24,2814.05,14.3,11.18,68593.2
2026-10-05,Outros Veículos Usados,60000.0,30,2314.43,13.9,11.18,70488.9
2026-10-05,Outros Veículos Usados,60000.0,36,1968.87,13.1,10.73,71935.32
2026-10-05,Outros Veículos Usados,60000.0,42,1732.24,12.9,10.73,73810.08
2026-10-05,Outros Veículos Usados,60000.0,48,1563.58,13.1,11.0,76107.84
2026-10-05,Outros Veículos Usados,60000.0,54,1426.72,13.0,11.0,78098.88
2026-10-05,Outros Veículos Usados,60000.0,60,1322.57,13.1,11.15,80410.2
2026-10-05,Outros Veículos Usados,60000.0,66,1233.96,13.0,11.15,82497.36
2026-10-05,Outros Veículos Usados,60000.0,72,1164.29,13.1,11.27,84884.88
2026-10-05,Outros Veículos Usados,60000.0,78,1102.97,13.1,11.28,87087.66
2026-10-05,Outros Veículos Usados,60000.0,84,1052.76,13.1,11.35,89487.84
2026-10-05,Outros Veículos Usados,60000.0,90,1007.69,13.1,11.35,91748.1
2026-10-05,Outros Veículos Usados,60000.0,96,970.23,13.1,11.39,94198.08
2026-10-05,Outros Veículos Usados,60000.0,102,936.4,13.1,11.4,96568.8
2026-10-05,Outros Veículos Usados,60000.0,108,906.32,13.1,11.4,98938.56
2026-10-05,Outros Veículos Usados,60000.0,114,882.08,13.1,11.47,101613.12
2026-10-05,Outros Veículos Usados,60000.0,120,858.4,13.1,11.47,104064.0
2026-10-05,Outros Veículos Usados,65000.0,24,3048.56,14.3,11.18,74309.44
2026-10-05,Outros Veículos Usados,65000.0,30,2507.3,13.9,11.18,76363.0
2026-10-05,Outros Veículos Usados,65000.0,36,2132.95,13.1,10.73,77930.2
2026-10-05,Outros Veículos Usados,65000.0,42,1876.59,12.9,10.73,79960.78
2026-10-05,Outros Veículos Usados,65000.0,48,1693.88,13.1,11.0,82450.24
2026-10-05,Outros Veículos Usados,65000.0,54,1545.61,13.0,11.0,84606.94
2026-10-05,Outros Veículos Usados,65000.0,60,1432.78,13.1,11.15,87110.8
2026-10-05,Outros Veículos Usados,65000.0,66,1336.79,13.0,11.15,89372.14
2026-10-05,Outros Veículos Usados,65000.0,72,1261.32,13.1,11.27,91959.04
2026-10-05,Outros Veículos Usados,65000.0,78,1194.88,13.1,11.28,94344.64
2026-10-05,Outros Veículos Usados,65000.0,84,1140.49,13.1,11.35,96945.16
2026-10-05,Outros Veículos Usados,65000.0,90,1091.66,13.1,11.35,99393.4
2026-10-05,Outros Veículos Usados,65000.0,96,1051.08,13.1,11.39,102047.68
2026-10-05,Outros Veículos Usados,65000.0,102,1014.43,13.1,11.4,104615.86
2026-10-05,Outros Veículos Usados,65000.0,108,981.85,13.1,11.4,107183.8
2026-10-05,Outros Veículos Usados,65000.0,114,955.59,13.1,11.47,110081.26
2026-10-05,Outros Veículos Usados,65000.0,120,929.93,13.1,11.47,112735.6
2026-10-05,Outros Veículos Usados,70000.0,24,3283.06,14.3,11.18,80025.44
2026-10-05,Outros Veículos Usados,70000.0,30,2700.17,13.9,11.18,82237.1
2026-10-05,Outros Veículos Usados,70000.0,36,2297.02,13.1,10.73,83924.72
2026-10-05,Outros Veículos Usados,70000.0,42,2020.94,12.9,10.73,86111.48
2026-10-05,Outros Veículos Usados,70000.0,48,1824.18,13.1,11.0,88792.64
2026-10-05,Outros Veículos Usados,70000.0,54,1664.5,13.0,11.0,91115.0
2026-10-05,Outros Veículos Usados,70000.0,60,1543.0,13.1,11.15,93812.0
2026-10-05,Outros Veículos Usados,70000.0,66,1439.62,13.0,11.15,96246.92
2026-10-05,Outros Veículos Usados,70000.0,72,1358.34,13.1,11.27,99032.48
2026-10-05,Outros Veículos Usados,70000.0,78,1286.79,13.1,11.28,101601.62
2026-10-05,Outros Veículos Usados,70000.0,84,1228.22,13.1,11.35,104402.48
2026-10-05,Outros Veículos Usados,70000.0,90,1175.64,13.1,11.35,107039.6
2026-10-05,Outros Veículos Usados,70000.0,96,1131.94,13.1,11.39,109898.24
2026-10-05,Outros Veículos Usados,70000.0,102,1092.46,13.1,11.4,112662.92
2026-10-05,Outros Veículos Usados,70000.0,108,1057.38,13.1,11.4,115429.04
2026-10-05,Outros Veículos Usados,70000.0,114,1029.1,13.1,11.47,118549.4
2026-10-05,Outros Veículos Usados,70000.0,120,1001.47,13.1,11.47,121408.4
2026-10-05,Outros Veículos Usados,75000.0,24,3517.57,14.3,11.18,85741.68
2026-10-05,Outros Veículos Usados,75000.0,30,2893.03,13.9,11.18,88110.9
2026-10-05,Outros Veículos Usados,75000.0,36,2461.09,13.1,10.73,89919.24
2026-10-05,Outros Veículos Usados,75000.0,42,2165.3,12.9,10.73,92262.6
2026-10-05,Outros Veículos Usados,75000.0,48,1954.48,13.1,11.0,95135.04
2026-10-05,Outros Veículos Usados,75000.0,54,1783.39,13.0,11.0,97623.06
2026-10-05,Outros Veículos Usados,75000.0,60,1653.21,13.1,11.15,100512.6
2026-10-05,Outros Veículos Usados,75000.0,66,1542.45,13.0,11.15,103121.7
2026-10-05,Outros Veículos Usados,75000.0,72,1455.37,13.1,11.27,106106.64
2026-10-05,Outros Veículos Usados,75000.0,78,1378.71,13.1,11.28,108859.38
2026-10-05,Outros Veículos Usados,75000.0,84,1315.95,13.1,11.35,111859.8
2026-10-05,Outros Veículos Usados,75000.0,90,1259.61,13.1,11.35,114684.9
2026-10-05,Outros Veículos Usados,75000.0,96,1212.79,13.1,11.39,117747.84
2026-10-05,Outros Veículos Usados,75000.0,102,1170.5,13.1,11.4,120711.0
2026-10-05,Outros Veículos Usados,75000.0,108,1132.9,13.1,11.4,123673.2
2026-10-05,Outros Veículos Usados,75000.0,114,1102.6,13.1,11.47,127016.4
2026-10-05,Outros Veículos Usados,75000.0,120,1073.0,13.1,11.47,130080.0
2026-10-05,Outros Veículos Novos,5000.0,24,226.05,10.2,7.65,5513.2
2026-10-05,Outros Veículos Novos,5000.0,30,184.35,9.8,7.65,5618.5
2026-10-05,Outros Veículos Novos,5000.0,36,156.59,9.6,7.65,5725.24
2026-10-05,Outros Veículos Novos,5000.0,42,140.31,11.0,9.1,5981.02
2026-10-05,Outros Veículos Novos,5000.0,48,125.52,10.9,9.1,6112.96
2026-10-05,Outros Veículos Novos,5000.0,54,114.05,10.8,9.1,6246.7
2026-10-05,Outros Veículos Novos,5000.0,60,104.91,10.7,9.1,6382.6
2026-10-05,Outros Veículos Novos,5000.0,66,98.55,11.1,9.52,6592.3
2026-10-05,Outros Veículos Novos,5000.0,72,92.63,11.2,9.62,6757.36
2026-10-05,Outros Veículos Novos,5000.0,78,87.43,11.1,9.62,6907.54
2026-10-05,Outros Veículos Novos,5000.0,84,83.01,11.1,9.62,7060.84
2026-10-05,Outros Veículos Novos,10000.0,24,452.09,10.2,7.65,11026.16
2026-10-05,Outros Veículos Novos,10000.0,30,368.7,9.8,7.65,11237.0
2026-10-05,Outros Veículos Novos,10000.0,36,313.18,9.6,7.65,11450.48
2026-10-05,Outros Veículos Novos,10000.0,42,280.61,11.0,9.1,11961.62
2026-10-05,Outros Veículos Novos,10000.0,48,251.04,10.9,9.1,12225.92
2026-10-05,Outros Veículos Novos,10000.0,54,228.11,10.8,9.1,12493.94
2026-10-05,Outros Veículos Novos,10000.0,60,209.82,10.7,9.1,12765.2
2026-10-05,Outros Veículos Novos,10000.0,66,197.1,11.1,9.52,13184.6
2026-10-05,Outros Veículos Novos,10000.0,72,185.26,11.2,9.62,13514.72
2026-10-05,Outros Veículos Novos,10000.0,78,174.87,11.1,9.62,13815.86
2026-10-05,Outros Veículos Novos,10000.0,84,166.01,11.1,9.62,14120.84
2026-10-05,Outros Veículos Novos,10000.0,90,158.85,11.2,9.7,14472.5
2026-10-05,Outros Veículos Novos,10000.0,96,152.54,11.2,9.76,14819.84
2026-10-05,Outros Veículos Novos,10000.0,102,146.73,11.2,9.76,15142.46
2026-10-05,Outros Veículos Novos,10000.0,108,141.6,11.2,9.76,15468.8
2026-10-05,Outros Veículos Novos,10000.0,114,137.05,11.1,9.76,15799.7
2026-10-05,Outros Veículos Novos,10000.0,120,132.98,11.1,9.76,16133.6
2026-10-05,Outros Veículos Novos,15000.0,24,678.14,10.2,7.65,16539.36
2026-10-05,Outros Veículos Novos,15000.0,30,553.05,9.8,7.65,16855.5
2026-10-05,Outros Veículos Novos,15000.0,36,469.77,9.6,7.65,17175.72
2026-10-05,Outros Veículos Novos,15000.0,42,420.92,11.0,9.1,17942.64
2026-10-05,Outros Veículos Novos,15000.0,48,376.56,10.9,9.1,18338.88
2026-10-05,Outros Veículos Novos,15000.0,54,342.16,10.8,9.1,18740.64
2026-10-05,Outros Veículos Novos,15000.0,60,314.73,10.7,9.1,19147.8
2026-10-05,Outros Veículos Novos,15000.0,66,295.65,11.1,9.52,19776.9
2026-10-05,Outros Veículos Novos,15000.0,72,277.89,11.2,9.62,20272.08
2026-10-05,Outros Veículos Novos,15000.0,78,262.3,11.1,9.62,20723.4
2026-10-05,Outros Veículos Novos,15000.0,84,249.02,11.1,9.62,21181.68
2026-10-05,Outros Veículos Novos,15000.0,90,238.28,11.2,9.7,21709.2
2026-10-05,Outros Veículos Novos,15000.0,96,228.8,11.2,9.76,22228.8
2026-10-05,Outros Veículos Novos,15000.0,102,220.09,11.2,9.76,22713.18
2026-10-05,Outros Veículos Novos,15000.0,108,212.4,11.2,9.76,23203.2
2026-10-05,Outros Veículos Novos,15000.0,114,205.57,11.1,9.76,23698.98
2026-10-05,Outros Veículos Novos,15000.0,120,199.47,11.1,9.76,24200.4
2026-10-05,Outros Veículos Novos,20000.0,24,904.18,10.2,7.65,22052.32
2026-10-05,Outros Veículos Novos,20000.0,30,737.4,9.8,7.65,22474.0
2026-10-05,Outros Veículos Novos,20000.0,36,626.36,9.6,7.65,22900.96
2026-10-05,Outros Veículos Novos,20000.0,42,561.22,11.0,9.1,23923.24
2026-10-05,Outros Veículos Novos,20000.0,48,502.08,10.9,9.1,24451.84
2026-10-05,Outros Veículos Novos,20000.0,54,456.22,10.8,9.1,24987.88
2026-10-05,Outros Veículos Novos,20000.0,60,419.65,10.7,9.1,25531.0
2026-10-05,Outros Veículos Novos,20000.0,66,394.2,11.1,9.52,26369.2
2026-10-05,Outros Veículos Novos,20000.0,72,370.52,11.2,9.62,27029.44
2026-10-05,Outros Veículos Novos,20000.0,78,349.74,11.1,9.62,27631.72
2026-10-05,Outros Veículos Novos,20000.0,84,332.02,11.1,9.62,28241.68
2026-10-05,Outros Veículos Novos,20000.0,90,317.7,11.2,9.7,28945.0
2026-10-05,Outros Veículos Novos,20000.0,96,305.07,11.2,9.76,29638.72
2026-10-05,Outros Veículos Novos,20000.0,102,293.45,11.2,9.76,30283.9
2026-10-05,Outros Veículos Novos,20000.0,108,283.2,11.2,9.76,30937.6
2026-10-05,Outros Veículos Novos,20000.0,114,274.1,11.1,9.76,31599.4
2026-10-05,Outros Veículos Novos,20000.0,120,265.97,11.1,9.76,32268.4
2026-10-05,Outros Veículos Novos,25000.0,24,1130.23,10.2,7.65,27565.52
2026-10-05,Outros Veículos Novos,25000.0,30,921.75,9.8,7.65,28092.5
2026-10-05,Outros Veículos Novos,25000.0,36,782.95,9.6,7.65,28626.2
2026-10-05,Outros Veículos Novos,25000.0,42,701.53,11.0,9.1,29904.26
2026-10-05,Outros Veículos Novos,25000.0,48,627.6,10.9,9.1,30564.8
2026-10-05,Outros Veículos Novos,25000.0,54,570.27,10.8,9.1,31234.58
2026-10-05,Outros Veículos Novos,25000.0,60,524.56,10.7,9.1,31913.6
2026-10-05,Outros Veículos Novos,25000.0,66,492.75,11.1,9.52,32961.5
2026-10-05,Outros Veículos Novos,25000.0,72,463.15,11.2,9.62,33786.8
2026-10-05,Outros Veículos Novos,25000.0,78,437.17,11.1,9.62,34539.26
2026-10-05,Outros Veículos Novos,25000.0,84,415.03,11.1,9.62,35302.52
2026-10-05,Outros Veículos Novos,25000.0,90,397.13,11.2,9.7,36181.7
2026-10-05,Outros Veículos Novos,25000.0,96,381.34,11.2,9.76,37048.64
2026-10-05,Outros Veículos Novos,25000.0,102,366.82,11.2,9.76,37855.64
2026-10-05,Outros Veículos Novos,25000.0,108,354.0,11.2,9.76,38672.0
2026-10-05,Outros Veículos Novos,25000.0,114,342.62,11.1,9.76,39498.68
2026-10-05,Outros Veículos Novos,25000.0,120,332.46,11.1,9.76,40335.2
2026-10-05,Outros Veículos Novos,30000.0,24,1356.27,10.2,7.65,33078.48
2026-10-05,Outros Veículos Novos,30000.0,30,1106.1,9.8,7.65,33711.0
2026-10-05,Outros Veículos Novos,30000.0,36,939.54,9.6,7.65,34351.44
2026-10-05,Outros Veículos Novos,30000.0,42,841.84,11.0,9.1,35885.28
2026-10-05,Outros Veículos Novos,30000.0,48,753.12,10.9,9.1,36677.76
2026-10-05,Outros Veículos Novos,30000.0,54,684.32,10.8,9.1,37481.28
2026-10-05,Outros Veículos Novos,30000.0,60,629.47,10.7,9.1,38296.2
2026-10-05,Outros Veículos Novos,30000.0,66,591.3,11.1,9.52,39553.8
2026-10-05,Outros Veículos Novos,30000.0,72,555.78,11.2,9.62,40544.16
2026-10-05,Outros Veículos Novos,30000.0,78,524.61,11.1,9.62,41447.58
2026-10-05,Outros Veículos Novos,30000.0,84,498.04,11.1,9.62,42363.36
2026-10-05,Outros Veículos Novos,30000.0,90,476.55,11.2,9.7,43417.5
2026-10-05,Outros Veículos Novos,30000.0,96,457.61,11.2,9.76,44458.56
2026-10-05,Outros Veículos Novos,30000.0,102,440.18,11.2,9.76,45426.36
2026-10-05,Outros Veículos Novos,30000.0,108,424.8,11.2,9.76,46406.4
2026-10-05,Outros Veículos Novos,30000.0,114,411.14,11.1,9.76,47397.96
2026-10-05,Outros Veículos Novos,30000.0,120,398.95,11.1,9.76,48402.0
2026-10-05,Outros Veículos Novos,35000.0,24,1582.32,10.2,7.65,38591.68
2026-10-05,Outros Veículos Novos,35000.0,30,1290.45,9.8,7.65,39329.5
2026-10-05,Outros Veículos Novos,35000.0,36,1096.13,9.6,7.65,40076.68
2026-10-05,Outros Veículos Novos,35000.0,42,982.14,11.0,9.1,41865.88
2026-10-05,Outros Veículos Novos,35000.0,48,878.64,10.9,9.1,42790.72
2026-10-05,Outros Veículos Novos,35000.0,54,798.38,10.8,9.1,43728.52
2026-10-05,Outros Veículos Novos,35000.0,60,734.38,10.7,9.1,44678.8
2026-10-05,Outros Veículos Novos,35000.0,66,689.85,11.1,9.52,46146.1
2026-10-05,Outros Veículos Novos,35000.0,72,648.4,11.2,9.62,47300.8
2026-10-05,Outros Veículos Novos,35000.0,78,612.04,11.1,9.62,48355.12
2026-10-05,Outros Veículos Novos,35000.0,84,581.04,11.1,9.62,49423.36
2026-10-05,Outros Veículos Novos,35000.0,90,555.98,11.2,9.7,50654.2
2026-10-05,Outros Veículos Novos,35000.0,96,533.88,11.2,9.76,51868.48
2026-10-05,Outros Veículos Novos,35000.0,102,513.55,11.2,9.76,52998.1
2026-10-05,Outros Veículos Novos,35000.0,108,495.6,11.2,9.76,54140.8
2026-10-05,Outros Veículos Novos,35000.0,114,479.67,11.1,9.76,55298.38
2026-10-05,Outros Veículos Novos,35000.0,120,465.44,11.1,9.76,56468.8
2026-10-05,Outros Veículos Novos,40000.0,24,1808.36,10.2,7.65,44104.64
2026-10-05,Outros Veículos Novos,40000.0,30,1474.8,9.8,7.65,44948.0
2026-10-05,Outros Veículos Novos,40000.0,36,1252.72,9.6,7.65,45801.92
2026-10-05,Outros Veículos Novos,40000.0,42,1122.45,11.0,9.1,47846.9
2026-10-05,Outros Veículos Novos,40000.0,48,1004.16,10.9,9.1,48903.68
2026-10-05,Outros Veículos Novos,40000.0,54,912.43,10.8,9.1,49975.22
2026-10-05,Outros Veículos Novos,40000.0,60,839.29,10.7,9.1,51061.4
2026-10-05,Outros Veículos Novos,40000.0,66,788.4,11.1,9.52,52738.4
2026-10-05,Outros Veículos Novos,40000.0,72,741.03,11.2,9.62,54058.16
2026-10-05,Outros Veículos Novos,40000.0,78,699.48,11.1,9.62,55263.44
2026-10-05,Outros Veículos Novos,40000.0,84,664.05,11.1,9.62,56484.2
2026-10-05,Outros Veículos Novos,40000.0,90,635.4,11.2,9.7,57890.0
2026-10-05,Outros Veículos Novos,40000.0,96,610.15,11.2,9.76,59278.4
2026-10-05,Outros Veículos Novos,40000.0,102,586.91,11.2,9.76,60568.82
2026-10-05,Outros Veículos Novos,40000.0,108,566.4,11.2,9.76,61875.2
2026-10-05,Outros Veículos Novos,40000.0,114,548.19,11.1,9.76,63197.66
2026-10-05,Outros Veículos Novos,40000.0,120,531.93,11.1,9.76,64535.6
2026-10-05,Outros Veículos Novos,45000.0,24,2034.41,10.2,7.65,49617.84
2026-10-05,Outros Veículos Novos,45000.0,30,1659.15,9.8,7.65,50566.5
2026-10-05,Outros Veículos Novos,45000.0,36,1409.31,9.6,7.65,51527.16
2026-10-05,Outros Veículos Novos,45000.0,42,1262.75,11.0,9.1,53827.5
2026-10-05,Outros Veículos Novos,45000.0,48,1129.68,10.9,9.1,55016.64
2026-10-05,Outros Veículos Novos,45000.0,54,1026.49,10.8,9.1,56222.46
2026-10-05,Outros Veículos Novos,45000.0,60,944.2,10.7,9.1,57444.0
2026-10-05,Outros Veículos Novos,45000.0,66,886.95,11.1,9.52,59330.7
2026-10-05,Outros Veículos Novos,45000.0,72,833.66,11.2,9.62,60815.52
2026-10-05,Outros Veículos Novos,45000.0,78,786.91,11.1,9.62,62170.98
2026-10-05,Outros Veículos Novos,45000.0,84,747.05,11.1,9.62,63544.2
2026-10-05,Outros Veículos Novos,45000.0,90,714.83,11.2,9.7,65126.7
2026-10-05,Outros Veículos Novos,45000.0,96,686.41,11.2,9.76,66687.36
2026-10-05,Outros Veículos Novos,45000.0,102,660.27,11.2,9.76,68139.54
2026-10-05,Outros Veículos Novos,45000.0,108,637.2,11.2,9.76,69609.6
2026-10-05,Outros Veículos Novos,45000.0,114,616.71,11.1,9.76,71096.94
2026-10-05,Outros Veículos Novos,45000.0,120,598.42,11.1,9.76,72602.4
2026-10-05,Outros Veículos Novos,50000.0,24,2260.45,10.2,7.65,55130.8
2026-10-05,Outros Veículos Novos,50000.0,30,1843.5,9.8,7.65,56185.0
2026-10-05,Outros Veículos Novos,50000.0,36,1565.9,9.6,7.65,57252.4
2026-10-05,Outros Veículos Novos,50000.0,42,1403.06,11.0,9.1,59808.52
2026-10-05,Outros Veículos Novos,50000.0,48,1255.2,10.9,9.1,61129.6
2026-10-05,Outros Veículos Novos,50000.0,54,1140.54,10.8,9.1,62469.16
2026-10-05,Outros Veículos Novos,50000.0,60,1049.12,10.7,9.1,63827.2
2026-10-05,Outros Veículos Novos,50000.0,66,985.5,11.1,9.52,65923.0
2026-10-05,Outros Veículos Novos,50000.0,72,926.29,11.2,9.62,67572.88
2026-10-05,Outros Veículos Novos,50000.0,78,874.35,11.1,9.62,69079.3
2026-10-05,Outros Veículos Novos,50000.0,84,830.06,11.1,9.62,70605.04
2026-10-05,Outros Veículos Novos,50000.0,90,794.25,11.2,9.7,72362.5
2026-10-05,Outros Veículos Novos,50000.0,96,762.68,11.2,9.76,74097.28
2026-10-05,Outros Veículos Novos,50000.0,102,733.64,11.2,9.76,75711.28
2026-10-05,Outros Veículos Novos,50000.0,108,708.0,11.2,9.76,77344.0
2026-10-05,Outros Veículos Novos,50000.0,114,685.24,11.1,9.76,78997.36
2026-10-05,Outros Veículos Novos,50000.0,120,664.91,11.1,9.76,80669.2
2026-10-05,Outros Veículos Novos,55000.0,24,2486.5,10.2,7.65,60644.0
2026-10-05,Outros Veículos Novos,55000.0,30,2027.85,9.8,7.65,61803.5
2026-10-05,Outros Veículos Novos,55000.0,36,1722.49,9.6,7.65,62977.64
2026-10-05,Outros Veículos Novos,55000.0,42,1543.37,11.0,9.1,65789.54
2026-10-05,Outros Veículos Novos,55000.0,48,1380.72,10.9,9.1,67242.56
2026-10-05,Outros Veículos Novos,55000.0,54,1254.59,10.8,9.1,68715.86
2026-10-05,Outros Veículos Novos,55000.0,60,1154.03,10.7,9.1,70209.8
2026-10-05,Outros Veículos Novos,55000.0,66,1084.05,11.1,9.52,72515.3
2026-10-05,Outros Veículos Novos,55000.0,72,1018.92,11.2,9.62,74330.24
2026-10-05,Outros Veículos Novos,55000.0,78,961.78,11.1,9.62,75986.84
2026-10-05,Outros Veículos Novos,55000.0,84,913.07,11.1,9.62,77665.88
2026-10-05,Outros Veículos Novos,55000.0,90,873.68,11.2,9.7,79599.2
2026-10-05,Outros Veículos Novos,55000.0,96,838.95,11.2,9.76,81507.2
2026-10-05,Outros Veículos Novos,55000.0,102,807.0,11.2,9.76,83282.0
2026-10-05,Outros Veículos Novos,55000.0,108,778.8,11.2,9.76,85078.4
2026-10-05,Outros Veículos Novos,55000.0,114,753.76,11.1,9.76,86896.64
2026-10-05,Outros Veículos Novos,55000.0,120,731.41,11.1,9.76,88737.2
2026-10-05,Outros Veículos Novos,60000.0,24,2712.54,10.2,7.65,66156.96
2026-10-05,Outros Veículos Novos,60000.0,30,2212.2,9.8,7.65,67422.0
2026-10-05,Outros Veículos Novos,60000.0,36,1879.07,9.6,7.65,68702.52
2026-10-05,Outros Veículos Novos,60000.0,42,1683.67,11.0,9.1,71770.14
2026-10-05,Outros Veículos Novos,60000.0,48,1506.24,10.9,9.1,73355.52
2026-10-05,Outros Veículos Novos,60000.0,54,1368.65,10.8,9.1,74963.1
2026-10-05,Outros Veículos Novos,60000.0,60,1258.94,10.7,9.1,76592.4
2026-10-05,Outros Veículos Novos,60000.0,66,1182.6,11.1,9.52,79107.6
2026-10-05,Outros Veículos Novos,60000.0,72,1111.55,11.2,9.62,81087.6
2026-10-05,Outros Veículos Novos,60000.0,78,1049.22,11.1,9.62,82895.16
2026-10-05,Outros Veículos Novos,60000.0,84,996.07,11.1,9.62,84725.88
2026-10-05,Outros Veículos Novos,60000.0,90,953.1,11.2,9.7,86835.0
2026-10-05,Outros Veículos Novos,60000.0,96,915.22,11.2,9.76,88917.12
2026-10-05,Outros Veículos Novos,60000.0,102,880.36,11.2,9.76,90852.72
2026-10-05,Outros Veículos Novos,60000.0,108,849.6,11.2,9.76,92812.8
2026-10-05,Outros Veículos Novos,60000.0,114,822.29,11.1,9.76,94797.06
2026-10-05,Outros Veículos Novos,60000.0,120,797.9,11.1,9.76,96804.0
2026-10-05,Outros Veículos Novos,65000.0,24,2938.59,10.2,7.65,71670.16
2026-10-05,Outros Veículos Novos,65000.0,30,2396.55,9.8,7.65,73040.5
2026-10-05,Outros Veículos Novos,65000.0,36,2035.66,9.6,7.65,74427.76
2026-10-05,Outros Veículos Novos,65000.0,42,1823.98,11.0,9.1,77751.16
2026-10-05,Outros Veículos Novos,65000.0,48,1631.76,10.9,9.1,79468.48
2026-10-05,Outros Veículos Novos,65000.0,54,1482.7,10.8,9.1,81209.8
2026-10-05,Outros Veículos Novos,65000.0,60,1363.85,10.7,9.1,82975.0
2026-10-05,Outros Veículos Novos,65000.0,66,1281.15,11.1,9.52,85699.9
2026-10-05,Outros Veículos Novos,65000.0,72,1204.18,11.2,9.62,87844.96
2026-10-05,Outros Veículos Novos,65000.0,78,1136.65,11.1,9.62,89802.7
2026-10-05,Outros Veículos Novos,65000.0,84,1079.08,11.1,9.62,91786.72
2026-10-05,Outros Veículos Novos,65000.0,90,1032.53,11.2,9.7,94071.7
2026-10-05,Outros Veículos Novos,65000.0,96,991.49,11.2,9.76,96327.04
2026-10-05,Outros Veículos Novos,65000.0,102,953.73,11.2,9.76,98424.46
2026-10-05,Outros Veículos Novos,65000.0,108,920.4,11.2,9.76,100547.2
2026-10-05,Outros Veículos Novos,65000.0,114,890.81,11.1,9.76,102696.34
2026-10-05,Outros Veículos Novos,65000.0,120,864.39,11.1,9.76,104870.8
2026-10-05,Outros Veículos Novos,70000.0,24,3164.63,10.2,7.65,77183.12
2026-10-05,Outros Veículos Novos,70000.0,30,2580.9,9.8,7.65,78659.0
2026-10-05,Outros Veículos Novos,70000.0,36,2192.25,9.6,7.65,80153.0
2026-10-05,Outros Veículos Novos,70000.0,42,1964.28,11.0,9.1,83731.76
2026-10-05,Outros Veículos Novos,70000.0,48,1757.28,10.9,9.1,85581.44
2026-10-05,Outros Veículos Novos,70000.0,54,1596.76,10.8,9.1,87457.04
2026-10-05,Outros Veículos Novos,70000.0,60,1468.76,10.7,9.1,89357.6
2026-10-05,Outros Veículos Novos,70000.0,66,1379.69,11.1,9.52,92291.54
2026-10-05,Outros Veículos Novos,70000.0,72,1296.81,11.2,9.62,94602.32
2026-10-05,Outros Veículos Novos,70000.0,78,1224.09,11.1,9.62,96711.02
2026-10-05,Outros Veículos Novos,70000.0,84,1162.08,11.1,9.62,98846.72
2026-10-05,Outros Veículos Novos,70000.0,90,1111.95,11.2,9.7,101307.5
2026-10-05,Outros Veículos Novos,70000.0,96,1067.76,11.2,9.76,103736.96
2026-10-05,Outros Veículos Novos,70000.0,102,1027.09,11.2,9.76,105995.18
2026-10-05,Outros Veículos Novos,70000.0,108,991.2,11.2,9.76,108281.6
2026-10-05,Outros Veículos Novos,70000.0,114,959.33,11.1,9.76,110595.62
2026-10-05,Outros Veículos Novos,70000.0,120,930.88,11.1,9.76,112937.6
2026-10-05,Outros Veículos Novos,75000.0,24,3390.68,10.2,7.65,82696.32
2026-10-05,Outros Veículos Novos,75000.0,30,2765.25,9.8,7.65,84277.5
2026-10-05,Outros Veículos Novos,75000.0,36,2348.84,9.6,7.65,85878.24
2026-10-05,Outros Veículos Novos,75000.0,42,2104.59,11.0,9.1,89712.78
2026-10-05,Outros Veículos Novos,75000.0,48,1882.8,10.9,9.1,91694.4
2026-10-05,Outros Veículos Novos,75000.0,54,1710.81,10.8,9.1,93703.74
2026-10-05,Outros Veículos Novos,75000.0,60,1573.67,10.7,9.1,95740.2
2026-10-05,Outros Veículos Novos,75000.0,66,1478.24,11.1,9.52,98883.84
2026-10-05,Outros Veículos Novos,75000.0,72,1389.44,11.2,9.62,101359.68
2026-10-05,Outros Veículos Novos,75000.0,78,1311.52,11.1,9.62,103618.56
2026-10-05,Outros Veículos Novos,75000.0,84,1245.09,11.1,9.62,105907.56
2026-10-05,Outros Veículos Novos,75000.0,90,1191.38,11.2,9.7,108544.2
2026-10-05,Outros Veículos Novos,75000.0,96,1144.02,11.2,9.76,111145.92
2026-10-05,Outros Veículos Novos,75000.0,102,1100.45,11.2,9.76,113565.9
2026-10-05,Outros Veículos Novos,75000.0,108,1062.0,11.2,9.76,116016.0
2026-10-05,Outros Veículos Novos,75000.0,114,1027.86,11.1,9.76,118496.04
2026-10-05,Outros Veículos Novos,75000.0,120,997.37,11.1,9.76,121004.4
2026-10-05,Viagens,2500.0,12,220.56,15.0,10.25,2690.72
2026-10-05,Viagens,2500.0,18,150.9,13.8,10.25,2760.2
2026-10-05,Viagens,2500.0,24,116.13,13.2,10.25,2831.12
2026-10-05,Viagens,2500.0,30,97.25,14.7,11.85,2961.5
2026-10-05,Viagens,2500.0,36,83.42,14.4,11.85,3047.12
2026-10-05,Viagens,5000.0,12,441.12,15.0,10.25,5381.44
2026-10-05,Viagens,5000.0,18,301.81,13.8,10.25,5520.58
2026-10-05,Viagens,5000.0,24,232.25,13.2,10.25,5662.0
2026-10-05,Viagens,5000.0,30,194.5,14.7,11.85,5923.0
2026-10-05,Viagens,5000.0,36,166.84,14.4,11.85,6094.24
2026-10-05,Viagens,10000.0,12,882.23,15.0,10.25,10762.76
2026-10-05,Viagens,10000.0,18,603.61,13.8,10.25,11040.98
2026-10-05,Viagens,10000.0,24,464.5,13.2,10.25,11324.0
2026-10-05,Viagens,10000.0,30,388.99,14.7,11.85,11845.7
2026-10-05,Viagens,10000.0,36,333.67,14.4,11.85,12188.12
