data_recolha,finalidade,montante_eur,prazo_meses,prestacao_mensal_eur,taeg_pct,tan_pct,mtic_eur
2026-09-05,Pagar Despesas / Férias e Lazer,5000.0,54,124.03,15.3,12.97,6785.62
2026-09-05,Pagar Despesas / Férias e Lazer,5000.0,60,115.24,15.3,13.05,7002.4
2026-09-05,Pagar Despesas / Férias e Lazer,5000.0,66,108.09,15.3,13.11,7221.94
2026-09-05,Pagar Despesas / Férias e Lazer,5000.0,72,102.17,15.3,13.15,7444.24
2026-09-05,Pagar Despesas / Férias e Lazer,5000.0,78,97.25,15.3,13.2,7673.5
2026-09-05,Pagar Despesas / Férias e Lazer,5000.0,84,93.04,15.3,13.23,7903.36
2026-09-05,Pagar Despesas / Férias e Lazer,10000.0,54,248.05,15.3,12.97,13570.7
2026-09-05,Pagar Despesas / Férias e Lazer,10000.0,60,229.35,15.1,12.84,13937.0
2026-09-05,Pagar Despesas / Férias e Lazer,10000.0,66,213.2,14.7,12.56,14247.2
2026-09-05,Pagar Despesas / Férias e Lazer,10000.0,72,200.2,14.4,12.4,14590.4
2026-09-05,Pagar Despesas / Férias e Lazer,10000.0,78,188.18,14.0,12.07,14854.04
2026-09-05,Pagar Despesas / Férias e Lazer,10000.0,84,174.21,12.8,11.12,14809.64
2026-09-05,Pagar Despesas / Férias e Lazer,15000.0,54,372.08,15.3,12.97,20356.32
2026-09-05,Pagar Despesas / Férias e Lazer,15000.0,60,344.02,15.1,12.84,20905.2
2026-09-05,Pagar Despesas / Férias e Lazer,15000.0,66,319.79,14.7,12.56,21370.14
2026-09-05,Pagar Despesas / Férias e Lazer,15000.0,72,300.29,14.4,12.4,21884.88
2026-09-05,Pagar Despesas / Férias e Lazer,15000.0,78,282.27,14.0,12.07,22281.06
2026-09-05,Pagar Despesas / Férias e Lazer,15000.0,84,259.91,12.6,10.95,22096.44
2026-09-05,Pagar Despesas / Férias e Lazer,20000.0,54,496.1,15.3,12.97,27141.4
2026-09-05,Pagar Despesas / Férias e Lazer,20000.0,60,458.69,15.1,12.84,27873.4
2026-09-05,Pagar Despesas / Férias e Lazer,20000.0,66,426.39,14.7,12.56,28493.74
2026-09-05,Pagar Despesas / Férias e Lazer,20000.0,72,400.39,14.4,12.4,29180.08
2026-09-05,Pagar Despesas / Férias e Lazer,20000.0,78,376.36,14.0,12.07,29708.08
2026-09-05,Pagar Despesas / Férias e Lazer,20000.0,84,346.55,12.6,10.95,29462.2
2026-09-05,Pagar Despesas / Férias e Lazer,25000.0,54,620.12,15.3,12.97,33926.48
2026-09-05,Pagar Despesas / Férias e Lazer,25000.0,60,573.37,15.1,12.84,34842.2
2026-09-05,Pagar Despesas / Férias e Lazer,25000.0,66,532.99,14.7,12.56,35617.34
2026-09-05,Pagar Despesas / Férias e Lazer,25000.0,72,500.49,14.4,12.4,36475.28
2026-09-05,Pagar Despesas / Férias e Lazer,25000.0,78,470.45,14.0,12.07,37135.1
2026-09-05,Pagar Despesas / Férias e Lazer,25000.0,84,433.18,12.6,10.95,36827.12
2026-09-05,Pagar Despesas / Férias e Lazer,30000.0,54,744.15,15.3,12.97,40712.1
2026-09-05,Pagar Despesas / Férias e Lazer,30000.0,60,688.04,15.1,12.84,41810.4
2026-09-05,Pagar Despesas / Férias e Lazer,30000.0,66,639.58,14.7,12.56,42740.28
2026-09-05,Pagar Despesas / Férias e Lazer,30000.0,72,600.58,14.4,12.4,43769.76
2026-09-05,Pagar Despesas / Férias e Lazer,30000.0,78,564.54,14.0,12.07,44562.12
2026-09-05,Pagar Despesas / Férias e Lazer,30000.0,84,519.82,12.6,10.95,44192.88
2026-09-05,Pagar Despesas / Férias e Lazer,35000.0,54,868.17,15.3,12.97,47497.18
2026-09-05,Pagar Despesas / Férias e Lazer,35000.0,60,802.71,15.1,12.84,48778.6
2026-09-05,Pagar Despesas / Férias e Lazer,35000.0,66,746.18,14.7,12.56,49863.88
2026-09-05,Pagar Despesas / Férias e Lazer,35000.0,72,700.68,14.4,12.4,51064.96
2026-09-05,Pagar Despesas / Férias e Lazer,35000.0,78,658.62,14.0,12.07,51988.36
2026-09-05,Pagar Despesas / Férias e Lazer,35000.0,84,606.45,12.6,10.95,51557.8
2026-09-05,Pagar Despesas / Férias e Lazer,40000.0,54,992.19,15.3,12.97,54282.26
2026-09-05,Pagar Despesas / Férias e Lazer,40000.0,60,917.38,15.1,12.84,55746.8
2026-09-05,Pagar Despesas / Férias e Lazer,40000.0,66,852.77,14.7,12.56,56986.82
2026-09-05,Pagar Despesas / Férias e Lazer,40000.0,72,800.78,14.4,12.4,58360.16
2026-09-05,Pagar Despesas / Férias e Lazer,40000.0,78,752.71,14.0,12.07,59415.38
2026-09-05,Pagar Despesas / Férias e Lazer,40000.0,84,693.09,12.6,10.95,58923.56
2026-09-05,Pagar Despesas / Férias e Lazer,45000.0,54,1116.22,15.3,12.97,61067.88
2026-09-05,Pagar Despesas / Férias e Lazer,45000.0,60,1032.06,15.1,12.84,62715.6
2026-09-05,Pagar Despesas / Férias e Lazer,45000.0,66,959.37,14.7,12.56,64110.42
2026-09-05,Pagar Despesas / Férias e Lazer,45000.0,72,900.87,14.4,12.4,65654.64
2026-09-05,Pagar Despesas / Férias e Lazer,45000.0,78,846.8,14.0,12.07,66842.4
2026-09-05,Pagar Despesas / Férias e Lazer,45000.0,84,779.73,12.6,10.95,66289.32
2026-09-05,Pagar Despesas / Férias e Lazer,50000.0,54,1240.24,15.3,12.97,67852.96
2026-09-05,Pagar Despesas / Férias e Lazer,50000.0,60,1146.73,15.1,12.84,69683.8
2026-09-05,Pagar Despesas / Férias e Lazer,50000.0,66,1065.97,14.7,12.56,71234.02
2026-09-05,Pagar Despesas / Férias e Lazer,50000.0,72,1000.97,14.4,12.4,72949.84
2026-09-05,Pagar Despesas / Férias e Lazer,50000.0,78,940.89,14.0,12.07,74269.42
2026-09-05,Pagar Despesas / Férias e Lazer,50000.0,84,866.36,12.6,10.95,73654.24
2026-09-05,Lar e Recheio,5000.0,24,236.62,15.3,12.05,5766.88
2026-09-05,Lar e Recheio,5000.0,30,195.79,15.3,12.37,5961.7
2026-09-05,Lar e Recheio,5000.0,36,168.68,15.3,12.58,6160.48
2026-09-05,Lar e Recheio,5000.0,42,149.4,15.3,12.73,6362.8
2026-09-05,Lar e Recheio,5000.0,48,135.05,15.3,12.85,6570.4
2026-09-05,Lar e Recheio,5000.0,54,124.03,15.3,12.97,6785.62
2026-09-05,Lar e Recheio,5000.0,60,115.24,15.3,13.05,7002.4
2026-09-05,Lar e Recheio,5000.0,66,108.09,15.3,13.11,7221.94
2026-09-05,Lar e Recheio,5000.0,72,102.17,15.3,13.15,7444.24
2026-09-05,Lar e Recheio,5000.0,78,97.25,15.3,13.2,7673.5
2026-09-05,Lar e Recheio,5000.0,84,93.04,15.3,13.23,7903.36
2026-09-05,Lar e Recheio,10000.0,24,473.23,15.3,12.05,11533.52
2026-09-05,Lar e Recheio,10000.0,30,391.58,15.3,12.37,11923.4
2026-09-05,Lar e Recheio,10000.0,36,337.35,15.3,12.58,12320.6
2026-09-05,Lar e Recheio,10000.0,42,298.8,15.3,12.73,12725.6
2026-09-05,Lar e Recheio,10000.0,48,270.09,15.3,12.85,13140.32
2026-09-05,Lar e Recheio,10000.0,54,248.05,15.3,12.97,13570.7
2026-09-05,Lar e Recheio,10000.0,60,229.35,15.1,12.84,13937.0
2026-09-05,Lar e Recheio,10000.0,66,213.2,14.7,12.56,14247.2
2026-09-05,Lar e Recheio,10000.0,72,200.2,14.4,12.4,14590.4
2026-09-05,Lar e Recheio,10000.0,78,188.18,14.0,12.07,14854.04
2026-09-05,Lar e Recheio,10000.0,84,174.21,12.8,11.12,14809.64
2026-09-05,Lar e Recheio,15000.0,24,709.84,15.3,12.05,17300.16
2026-09-05,Lar e Recheio,15000.0,30,587.37,15.3,12.37,17885.1
2026-09-05,Lar e Recheio,15000.0,36,506.02,15.3,12.58,18480.72
2026-09-05,Lar e Recheio,15000.0,42,448.19,15.3,12.73,19087.98
2026-09-05,Lar e Recheio,15000.0,48,405.13,15.3,12.85,19710.24
2026-09-05,Lar e Recheio,15000.0,54,372.08,15.3,12.97,20356.32
2026-09-05,Lar e Recheio,15000.0,60,344.02,15.1,12.84,20905.2
2026-09-05,Lar e Recheio,15000.0,66,319.79,14.7,12.56,21370.14
2026-09-05,Lar e Recheio,15000.0,72,300.29,14.4,12.4,21884.88
2026-09-05,Lar e Recheio,15000.0,78,282.27,14.0,12.07,22281.06
2026-09-05,Lar e Recheio,15000.0,84,259.91,12.6,10.95,22096.44
2026-09-05,Lar e Recheio,20000.0,24,946.45,15.3,12.05,23066.8
2026-09-05,Lar e Recheio,20000.0,30,783.15,15.3,12.37,23846.5
2026-09-05,Lar e Recheio,20000.0,36,674.69,15.3,12.58,24640.84
2026-09-05,Lar e Recheio,20000.0,42,597.59,15.3,12.73,25450.78
2026-09-05,Lar e Recheio,20000.0,48,540.18,15.3,12.85,26280.64
2026-09-05,Lar e Recheio,20000.0,54,496.1,15.3,12.97,27141.4
2026-09-05,Lar e Recheio,20000.0,60,458.69,15.1,12.84,27873.4
2026-09-05,Lar e Recheio,20000.0,66,426.39,14.7,12.56,28493.74
2026-09-05,Lar e Recheio,20000.0,72,400.39,14.4,12.4,29180.08
2026-09-05,Lar e Recheio,20000.0,78,376.36,14.0,12.07,29708.08
2026-09-05,Lar e Recheio,20000.0,84,346.55,12.6,10.95,29462.2
2026-09-05,Lar e Recheio,25000.0,24,1183.06,15.3,12.05,28833.44
2026-09-05,Lar e Recheio,25000.0,30,978.94,15.3,12.37,29808.2
2026-09-05,Lar e Recheio,25000.0,36,843.36,15.3,12.58,30800.96
2026-09-05,Lar e Recheio,25000.0,42,746.98,15.3,12.73,31813.16
2026-09-05,Lar e Recheio,25000.0,48,675.22,15.3,12.85,32850.56
2026-09-05,Lar e Recheio,25000.0,54,620.12,15.3,12.97,33926.48
2026-09-05,Lar e Recheio,25000.0,60,573.37,15.1,12.84,34842.2
2026-09-05,Lar e Recheio,25000.0,66,532.99,14.7,12.56,35617.34
2026-09-05,Lar e Recheio,25000.0,72,500.49,14.4,12.4,36475.28
2026-09-05,Lar e Recheio,25000.0,78,470.45,14.0,12.07,37135.1
2026-09-05,Lar e Recheio,25000.0,84,433.18,12.6,10.95,36827.12
2026-09-05,Lar e Recheio,30000.0,24,1419.67,15.3,12.05,34600.08
2026-09-05,Lar e Recheio,30000.0,30,1174.73,15.3,12.37,35769.9
2026-09-05,Lar e Recheio,30000.0,36,1012.03,15.3,12.58,36961.08
2026-09-05,Lar e Recheio,30000.0,42,896.38,15.3,12.73,38175.96
2026-09-05,Lar e Recheio,30000.0,48,810.26,15.3,12.85,39420.48
2026-09-05,Lar e Recheio,30000.0,54,744.15,15.3,12.97,40712.1
2026-09-05,Lar e Recheio,30000.0,60,688.04,15.1,12.84,41810.4
2026-09-05,Lar e Recheio,30000.0,66,639.58,14.7,12.56,42740.28
2026-09-05,Lar e Recheio,30000.0,72,600.58,14.4,12.4,43769.76
2026-09-05,Lar e Recheio,30000.0,78,564.54,14.0,12.07,44562.12
2026-09-05,Lar e Recheio,30000.0,84,519.82,12.6,10.95,44192.88
2026-09-05,Lar e Recheio,35000.0,24,1656.29,15.3,12.05,40366.96
2026-09-05,Lar e Recheio,35000.0,30,1370.51,15.3,12.37,41731.3
2026-09-05,Lar e Recheio,35000.0,36,1180.7,15.3,12.58,43121.2
2026-09-05,Lar e Recheio,35000.0,42,1045.78,15.3,12.73,44538.76
2026-09-05,Lar e Recheio,35000.0,48,945.3,15.3,12.85,45990.4
2026-09-05,Lar e Recheio,35000.0,54,868.17,15.3,12.97,47497.18
2026-09-05,Lar e Recheio,35000.0,60,802.71,15.1,12.84,48778.6
2026-09-05,Lar e Recheio,35000.0,66,746.18,14.7,12.56,49863.88
2026-09-05,Lar e Recheio,35000.0,72,700.68,14.4,12.4,51064.96
2026-09-05,Lar e Recheio,35000.0,78,658.62,14.0,12.07,51988.36
2026-09-05,Lar e Recheio,35000.0,84,606.45,12.6,10.95,51557.8
2026-09-05,Lar e Recheio,40000.0,24,1892.9,15.3,12.05,46133.6
2026-09-05,Lar e Recheio,40000.0,30,1566.3,15.3,12.37,47693.0
2026-09-05,Lar e Recheio,40000.0,36,1349.37,15.3,12.58,49281.32
2026-09-05,Lar e Recheio,40000.0,42,1195.17,15.3,12.73,50901.14
2026-09-05,Lar e Recheio,40000.0,48,1080.35,15.3,12.85,52560.8
2026-09-05,Lar e Recheio,40000.0,54,992.19,15.3,12.97,54282.26
2026-09-05,Lar e Recheio,40000.0,60,917.38,15.1,12.84,55746.8
2026-09-05,Lar e Recheio,40000.0,66,852.77,14.7,12.56,56986.82
2026-09-05,Lar e Recheio,40000.0,72,800.78,14.4,12.4,58360.16
2026-09-05,Lar e Recheio,40000.0,78,752.71,14.0,12.07,59415.38
2026-09-05,Lar e Recheio,40000.0,84,693.09,12.6,10.95,58923.56
2026-09-05,Lar e Recheio,45000.0,24,2129.51,15.3,12.05,51900.24
2026-09-05,Lar e Recheio,45000.0,30,1762.09,15.3,12.37,53654.7
2026-09-05,Lar e Recheio,45000.0,36,1518.04,15.3,12.58,55441.44
2026-09-05,Lar e Recheio,45000.0,42,1344.57,15.3,12.73,57263.94
2026-09-05,Lar e Recheio,45000.0,48,1215.39,15.3,12.85,59130.72
2026-09-05,Lar e Recheio,45000.0,54,1116.22,15.3,12.97,61067.88
2026-09-05,Lar e Recheio,45000.0,60,1032.06,15.1,12.84,62715.6
2026-09-05,Lar e Recheio,45000.0,66,959.37,14.7,12.56,64110.42
2026-09-05,Lar e Recheio,45000.0,72,900.87,14.4,12.4,65654.64
2026-09-05,Lar e Recheio,45000.0,78,846.8,14.0,12.07,66842.4
2026-09-05,Lar e Recheio,45000.0,84,779.73,12.6,10.95,66289.32
2026-09-05,Lar e Recheio,50000.0,24,2366.12,15.3,12.05,57666.88
2026-09-05,Lar e Recheio,50000.0,30,1957.87,15.3,12.37,59616.1
2026-09-05,Lar e Recheio,50000.0,36,1686.71,15.3,12.58,61601.56
2026-09-05,Lar e Recheio,50000.0,42,1493.96,15.3,12.73,63626.32
2026-09-05,Lar e Recheio,50000.0,48,1350.43,15.3,12.85,65700.64
2026-09-05,Lar e Recheio,50000.0,54,1240.24,15.3,12.97,67852.96
2026-09-05,Lar e Recheio,50000.0,60,1146.73,15.1,12.84,69683.8
2026-09-05,Lar e Recheio,50000.0,66,1065.97,14.7,12.56,71234.02
2026-09-05,Lar e Recheio,50000.0,72,1000.97,14.4,12.4,72949.84
2026-09-05,Lar e Recheio,50000.0,78,940.89,14.0,12.07,74269.42
2026-09-05,Lar e Recheio,50000.0,84,866.36,12.6,10.95,73654.24
2026-09-05,Formação,2500.0,24,111.72,8.9,6.55,2725.28
2026-09-05,Formação,2500.0,30,91.24,8.9,6.86,2781.2
2026-09-05,Formação,2500.0,36,77.61,8.9,7.08,2837.96
2026-09-05,Formação,2500.0,42,67.88,8.9,7.22,2894.96
2026-09-05,Formação,2500.0,48,60.61,8.9,7.34,2953.28
2026-09-05,Formação,2500.0,54,54.96,8.9,7.43,3011.84
2026-09-05,Formação,2500.0,60,50.46,8.9,7.5,3071.6
2026-09-05,Formação,2500.0,66,46.8,8.9,7.57,3132.8
2026-09-05,Formação,2500.0,72,43.73,8.9,7.61,3192.56
2026-09-05,Formação,5000.0,24,223.44,8.9,6.55,5450.56
2026-09-05,Formação,5000.0,30,182.47,8.9,6.86,5562.1
2026-09-05,Formação,5000.0,36,155.22,8.9,7.08,5675.92
2026-09-05,Formação,5000.0,42,135.75,8.9,7.22,5789.5
2026-09-05,Formação,5000.0,48,121.21,8.9,7.34,5906.08
2026-09-05,Formação,5000.0,54,109.92,8.9,7.43,6023.68
2026-09-05,Formação,5000.0,60,100.91,8.9,7.5,6142.6
2026-09-05,Formação,5000.0,66,93.59,8.9,7.57,6264.94
2026-09-05,Formação,5000.0,72,87.46,8.9,7.61,6385.12
2026-09-05,Formação,5000.0,78,82.31,8.9,7.65,6508.18
2026-09-05,Formação,5000.0,84,77.93,8.9,7.69,6634.12
2026-09-05,Formação,10000.0,24,446.88,8.9,6.55,10901.12
2026-09-05,Formação,10000.0,30,364.94,8.9,6.86,11124.2
2026-09-05,Formação,10000.0,36,310.44,8.9,7.08,11351.84
2026-09-05,Formação,10000.0,42,271.5,8.9,7.22,11579.0
2026-09-05,Formação,10000.0,48,242.42,8.9,7.34,11812.16
2026-09-05,Formação,10000.0,54,219.84,8.9,7.43,12047.36
2026-09-05,Formação,10000.0,60,201.81,8.9,7.5,12284.6
2026-09-05,Formação,10000.0,66,187.17,8.9,7.57,12529.22
2026-09-05,Formação,10000.0,72,174.92,8.9,7.61,12770.24
2026-09-05,Formação,10000.0,78,164.62,8.9,7.65,13016.36
2026-09-05,Formação,10000.0,84,155.86,8.9,7.69,13268.24
2026-09-05,Formação,10000.0,90,148.27,8.9,7.72,13520.3
2026-09-05,Formação,10000.0,96,141.68,8.9,7.75,13777.28
2026-09-05,Formação,10000.0,102,135.91,8.9,7.78,14038.82
2026-09-05,Formação,10000.0,108,130.77,8.9,7.8,14299.16
2026-09-05,Formação,10000.0,114,126.21,8.9,7.82,14563.94
2026-09-05,Formação,10000.0,120,122.09,8.9,7.83,14826.8
2026-09-05,Formação,15000.0,24,670.32,8.9,6.55,16351.68
2026-09-05,Formação,15000.0,30,547.4,8.9,6.86,16686.0
2026-09-05,Formação,15000.0,36,465.66,8.9,7.08,17027.76
2026-09-05,Formação,15000.0,42,407.24,8.9,7.22,17368.08
2026-09-05,Formação,15000.0,48,363.62,8.9,7.34,17717.76
2026-09-05,Formação,15000.0,54,329.76,8.9,7.43,18071.04
2026-09-05,Formação,15000.0,60,302.72,8.9,7.5,18427.2
2026-09-05,Formação,15000.0,66,280.76,8.9,7.57,18794.16
2026-09-05,Formação,15000.0,72,262.38,8.9,7.61,19155.36
2026-09-05,Formação,15000.0,78,246.93,8.9,7.65,19524.54
2026-09-05,Formação,15000.0,84,233.78,8.9,7.69,19901.52
2026-09-05,Formação,15000.0,90,222.4,8.9,7.72,20280.0
2026-09-05,Formação,15000.0,96,212.51,8.9,7.75,20664.96
2026-09-05,Formação,15000.0,102,203.86,8.9,7.78,21057.72
2026-09-05,Formação,15000.0,108,196.16,8.9,7.8,21449.28
2026-09-05,Formação,15000.0,114,189.32,8.9,7.82,21846.48
2026-09-05,Formação,15000.0,120,183.13,8.9,7.83,22239.6
2026-09-05,Formação,20000.0,24,893.75,8.9,6.55,21802.0
2026-09-05,Formação,20000.0,30,729.87,8.9,6.86,22248.1
2026-09-05,Formação,20000.0,36,620.87,8.9,7.08,22703.32
2026-09-05,Formação,20000.0,42,542.99,8.9,7.22,23157.58
2026-09-05,Formação,20000.0,48,484.83,8.9,7.34,23623.84
2026-09-05,Formação,20000.0,54,439.67,8.9,7.43,24094.18
2026-09-05,Formação,20000.0,60,403.62,8.9,7.5,24569.2
2026-09-05,Formação,20000.0,66,374.34,8.9,7.57,25058.44
2026-09-05,Formação,20000.0,72,349.83,8.9,7.61,25539.76
2026-09-05,Formação,20000.0,78,329.23,8.9,7.65,26031.94
2026-09-05,Formação,20000.0,84,311.71,8.9,7.69,26535.64
2026-09-05,Formação,20000.0,90,296.53,8.9,7.72,27039.7
2026-09-05,Formação,20000.0,96,283.35,8.9,7.75,27553.6
2026-09-05,Formação,20000.0,102,271.81,8.9,7.78,28076.62
2026-09-05,Formação,20000.0,108,261.54,8.9,7.8,28598.32
2026-09-05,Formação,20000.0,114,252.42,8.9,7.82,29127.88
2026-09-05,Formação,20000.0,120,244.18,8.9,7.83,29653.6
2026-09-05,Eficiência Energética,10000.0,84,155.91,8.9,7.7,13272.44
2026-09-05,Eficiência Energética,15000.0,54,329.9,8.9,7.45,18078.6
2026-09-05,Eficiência Energética,15000.0,60,302.72,8.9,7.5,18427.2
2026-09-05,Eficiência Energética,15000.0,66,280.61,8.9,7.55,18784.26
2026-09-05,Eficiência Energética,15000.0,72,262.3,8.9,7.6,19149.6
2026-09-05,Eficiência Energética,15000.0,78,246.93,8.9,7.65,19524.54
2026-09-05,Eficiência Energética,15000.0,84,233.86,8.9,7.7,19908.24
2026-09-05,Eficiência Energética,20000.0,54,439.87,8.9,7.45,24104.98
2026-09-05,Eficiência Energética,20000.0,60,403.62,8.9,7.5,24569.2
2026-09-05,Eficiência Energética,20000.0,66,374.14,8.9,7.55,25045.24
2026-09-05,Eficiência Energética,20000.0,72,349.73,8.9,7.6,25532.56
2026-09-05,Eficiência Energética,20000.0,78,329.23,8.9,7.65,26031.94
2026-09-05,Eficiência Energética,20000.0,84,311.81,8.9,7.7,26544.04
2026-09-05,Eficiência Energética,25000.0,54,549.83,8.9,7.45,30130.82
2026-09-05,Eficiência Energética,25000.0,60,504.53,8.9,7.5,30711.8
2026-09-05,Eficiência Energética,25000.0,66,467.67,8.9,7.55,31306.22
2026-09-05,Eficiência Energética,25000.0,72,437.17,8.9,7.6,31916.24
2026-09-05,Eficiência Energética,25000.0,78,411.54,8.9,7.65,32540.12
2026-09-05,Eficiência Energética,25000.0,84,389.76,8.9,7.7,33179.84
2026-09-05,Eficiência Energética,30000.0,54,659.8,8.9,7.45,36157.2
2026-09-05,Eficiência Energética,30000.0,60,605.43,8.9,7.5,36853.8
2026-09-05,Eficiência Energética,30000.0,66,561.21,8.9,7.55,37567.86
2026-09-05,Eficiência Energética,30000.0,72,524.6,8.9,7.6,38299.2
2026-09-05,Eficiência Energética,30000.0,78,493.85,8.9,7.65,39048.3
2026-09-05,Eficiência Energética,30000.0,84,467.71,8.9,7.7,39815.64
2026-09-05,Eficiência Energética,35000.0,54,769.77,8.9,7.45,42183.58
2026-09-05,Eficiência Energética,35000.0,60,706.33,8.9,7.5,42995.8
2026-09-05,Eficiência Energética,35000.0,66,654.74,8.9,7.55,43828.84
2026-09-05,Eficiência Energética,35000.0,72,612.03,8.9,7.6,44682.16
2026-09-05,Eficiência Energética,35000.0,78,576.16,8.9,7.65,45556.48
2026-09-05,Eficiência Energética,35000.0,84,545.66,8.9,7.7,46451.44
2026-09-05,Eficiência Energética,40000.0,54,879.73,8.9,7.45,48209.42
2026-09-05,Eficiência Energética,40000.0,60,807.24,8.9,7.5,49138.4
2026-09-05,Eficiência Energética,40000.0,66,748.27,8.9,7.55,50089.82
2026-09-05,Eficiência Energética,40000.0,72,699.46,8.9,7.6,51065.12
2026-09-05,Eficiência Energética,40000.0,78,658.46,8.9,7.65,52063.88
2026-09-05,Eficiência Energética,40000.0,84,623.61,8.9,7.7,53087.24
2026-09-05,Eficiência Energética,45000.0,54,989.7,8.9,7.45,54235.8
2026-09-05,Eficiência Energética,45000.0,60,908.14,8.9,7.5,55280.4
2026-09-05,Eficiência Energética,45000.0,66,841.81,8.9,7.55,56351.46
2026-09-05,Eficiência Energética,45000.0,72,786.89,8.9,7.6,57448.08
2026-09-05,Eficiência Energética,45000.0,78,740.77,8.9,7.65,58572.06
2026-09-05,Eficiência Energética,45000.0,84,701.56,8.9,7.7,59723.04
2026-09-05,Eficiência Energética,50000.0,54,1099.66,8.9,7.45,60261.64
2026-09-05,Eficiência Energética,50000.0,60,1009.05,8.9,7.5,61423.0
2026-09-05,Eficiência Energética,50000.0,66,935.34,8.9,7.55,62612.44
2026-09-05,Eficiência Energética,50000.0,72,874.33,8.9,7.6,63831.76
2026-09-05,Eficiência Energética,50000.0,78,823.08,8.9,7.65,65080.24
2026-09-05,Eficiência Energética,50000.0,84,779.52,8.9,7.7,66359.68
2026-09-07,Pagar Despesas / Férias e Lazer,5000.0,54,124.03,15.3,12.97,6785.62
2026-09-07,Pagar Despesas / Férias e Lazer,5000.0,60,115.24,15.3,13.05,7002.4
2026-09-07,Pagar Despesas / Férias e Lazer,5000.0,66,108.09,15.3,13.11,7221.94
2026-09-07,Pagar Despesas / Férias e Lazer,5000.0,72,102.17,15.3,13.15,7444.24
2026-09-07,Pagar Despesas / Férias e Lazer,5000.0,78,97.25,15.3,13.2,7673.5
2026-09-07,Pagar Despesas / Férias e Lazer,5000.0,84,93.04,15.3,13.23,7903.36
2026-09-07,Pagar Despesas / Férias e Lazer,10000.0,54,248.05,15.3,12.97,13570.7
2026-09-07,Pagar Despesas / Férias e Lazer,10000.0,60,229.35,15.1,12.84,13937.0
2026-09-07,Pagar Despesas / Férias e Lazer,10000.0,66,213.2,14.7,12.56,14247.2
2026-09-07,Pagar Despesas / Férias e Lazer,10000.0,72,200.2,14.4,12.4,14590.4
2026-09-07,Pagar Despesas / Férias e Lazer,10000.0,78,188.18,14.0,12.07,14854.04
2026-09-07,Pagar Despesas / Férias e Lazer,10000.0,84,174.21,12.8,11.12,14809.64
2026-09-07,Pagar Despesas / Férias e Lazer,15000.0,54,372.08,15.3,12.97,20356.32
2026-09-07,Pagar Despesas / Férias e Lazer,15000.0,60,344.02,15.1,12.84,20905.2
2026-09-07,Pagar Despesas / Férias e Lazer,15000.0,66,319.79,14.7,12.56,21370.14
2026-09-07,Pagar Despesas / Férias e Lazer,15000.0,72,300.29,14.4,12.4,21884.88
2026-09-07,Pagar Despesas / Férias e Lazer,15000.0,78,282.27,14.0,12.07,22281.06
2026-09-07,Pagar Despesas / Férias e Lazer,15000.0,84,259.91,12.6,10.95,22096.44
2026-09-07,Pagar Despesas / Férias e Lazer,20000.0,54,496.1,15.3,12.97,27141.4
2026-09-07,Pagar Despesas / Férias e Lazer,20000.0,60,458.69,15.1,12.84,27873.4
2026-09-07,Pagar Despesas / Férias e Lazer,20000.0,66,426.39,14.7,12.56,28493.74
2026-09-07,Pagar Despesas / Férias e Lazer,20000.0,72,400.39,14.4,12.4,29180.08
2026-09-07,Pagar Despesas / Férias e Lazer,20000.0,78,376.36,14.0,12.07,29708.08
2026-09-07,Pagar Despesas / Férias e Lazer,20000.0,84,346.55,12.6,10.95,29462.2
2026-09-07,Pagar Despesas / Férias e Lazer,25000.0,54,620.12,15.3,12.97,33926.48
2026-09-07,Pagar Despesas / Férias e Lazer,25000.0,60,573.37,15.1,12.84,34842.2
2026-09-07,Pagar Despesas / Férias e Lazer,25000.0,66,532.99,14.7,12.56,35617.34
2026-09-07,Pagar Despesas / Férias e Lazer,25000.0,72,500.49,14.4,12.4,36475.28
2026-09-07,Pagar Despesas / Férias e Lazer,25000.0,78,470.45,14.0,12.07,37135.1
2026-09-07,Pagar Despesas / Férias e Lazer,25000.0,84,433.18,12.6,10.95,36827.12
2026-09-07,Pagar Despesas / Férias e Lazer,30000.0,54,744.15,15.3,12.97,40712.1
2026-09-07,Pagar Despesas / Férias e Lazer,30000.0,60,688.04,15.1,12.84,41810.4
2026-09-07,Pagar Despesas / Férias e Lazer,30000.0,66,639.58,14.7,12.56,42740.28
2026-09-07,Pagar Despesas / Férias e Lazer,30000.0,72,600.58,14.4,12.4,43769.76
2026-09-07,Pagar Despesas / Férias e Lazer,30000.0,78,564.54,14.0,12.07,44562.12
2026-09-07,Pagar Despesas / Férias e Lazer,30000.0,84,519.82,12.6,10.95,44192.88
2026-09-07,Pagar Despesas / Férias e Lazer,35000.0,54,868.17,15.3,12.97,47497.18
2026-09-07,Pagar Despesas / Férias e Lazer,35000.0,60,802.71,15.1,12.84,48778.6
2026-09-07,Pagar Despesas / Férias e Lazer,35000.0,66,746.18,14.7,12.56,49863.88
2026-09-07,Pagar Despesas / Férias e Lazer,35000.0,72,700.68,14.4,12.4,51064.96
2026-09-07,Pagar Despesas / Férias e Lazer,35000.0,78,658.62,14.0,12.07,51988.36
2026-09-07,Pagar Despesas / Férias e Lazer,35000.0,84,606.45,12.6,10.95,51557.8
2026-09-07,Pagar Despesas / Férias e Lazer,40000.0,54,992.19,15.3,12.97,54282.26
2026-09-07,Pagar Despesas / Férias e Lazer,40000.0,60,917.38,15.1,12.84,55746.8
2026-09-07,Pagar Despesas / Férias e Lazer,40000.0,66,852.77,14.7,12.56,56986.82
2026-09-07,Pagar Despesas / Férias e Lazer,40000.0,72,800.78,14.4,12.4,58360.16
2026-09-07,Pagar Despesas / Férias e Lazer,40000.0,78,752.71,14.0,12.07,59415.38
2026-09-07,Pagar Despesas / Férias e Lazer,40000.0,84,693.09,12.6,10.95,58923.56
2026-09-07,Pagar Despesas / Férias e Lazer,45000.0,54,1116.22,15.3,12.97,61067.88
2026-09-07,Pagar Despesas / Férias e Lazer,45000.0,60,1032.06,15.1,12.84,62715.6
2026-09-07,Pagar Despesas / Férias e Lazer,45000.0,66,959.37,14.7,12.56,64110.42
2026-09-07,Pagar Despesas / Férias e Lazer,45000.0,72,900.87,14.4,12.4,65654.64
2026-09-07,Pagar Despesas / Férias e Lazer,45000.0,78,846.8,14.0,12.07,66842.4
2026-09-07,Pagar Despesas / Férias e Lazer,45000.0,84,779.73,12.6,10.95,66289.32
2026-09-07,Pagar Despesas / Férias e Lazer,50000.0,54,1240.24,15.3,12.97,67852.96
2026-09-07,Pagar Despesas / Férias e Lazer,50000.0,60,1146.73,15.1,12.84,69683.8
2026-09-07,Pagar Despesas / Férias e Lazer,50000.0,66,1065.97,14.7,12.56,71234.02
2026-09-07,Pagar Despesas / Férias e Lazer,50000.0,72,1000.97,14.4,12.4,72949.84
2026-09-07,Pagar Despesas / Férias e Lazer,50000.0,78,940.89,14.0,12.07,74269.42
2026-09-07,Pagar Despesas / Férias e Lazer,50000.0,84,866.36,12.6,10.95,73654.24
2026-09-07,Lar e Recheio,5000.0,24,236.62,15.3,12.05,5766.88
2026-09-07,Lar e Recheio,5000.0,30,195.79,15.3,12.37,5961.7
2026-09-07,Lar e Recheio,5000.0,36,168.68,15.3,12.58,6160.48
2026-09-07,Lar e Recheio,5000.0,42,149.4,15.3,12.73,6362.8
2026-09-07,Lar e Recheio,5000.0,48,135.05,15.3,12.85,6570.4
2026-09-07,Lar e Recheio,5000.0,54,124.03,15.3,12.97,6785.62
2026-09-07,Lar e Recheio,5000.0,60,115.24,15.3,13.05,7002.4
2026-09-07,Lar e Recheio,5000.0,66,108.09,15.3,13.11,7221.94
2026-09-07,Lar e Recheio,5000.0,72,102.17,15.3,13.15,7444.24
2026-09-07,Lar e Recheio,5000.0,78,97.25,15.3,13.2,7673.5
2026-09-07,Lar e Recheio,5000.0,84,93.04,15.3,13.23,7903.36
2026-09-07,Lar e Recheio,10000.0,24,473.23,15.3,12.05,11533.52
2026-09-07,Lar e Recheio,10000.0,30,391.58,15.3,12.37,11923.4
2026-09-07,Lar e Recheio,10000.0,36,337.35,15.3,12.58,12320.6
2026-09-07,Lar e Recheio,10000.0,42,298.8,15.3,12.73,12725.6
2026-09-07,Lar e Recheio,10000.0,48,270.09,15.3,12.85,13140.32
2026-09-07,Lar e Recheio,10000.0,54,248.05,15.3,12.97,13570.7
2026-09-07,Lar e Recheio,10000.0,60,229.35,15.1,12.84,13937.0
2026-09-07,Lar e Recheio,10000.0,66,213.2,14.7,12.56,14247.2
2026-09-07,Lar e Recheio,10000.0,72,200.2,14.4,12.4,14590.4
2026-09-07,Lar e Recheio,10000.0,78,188.18,14.0,12.07,14854.04
2026-09-07,Lar e Recheio,10000.0,84,174.21,12.8,11.12,14809.64
2026-09-07,Lar e Recheio,15000.0,24,709.84,15.3,12.05,17300.16
2026-09-07,Lar e Recheio,15000.0,30,587.37,15.3,12.37,17885.1
2026-09-07,Lar e Recheio,15000.0,36,506.02,15.3,12.58,18480.72
2026-09-07,Lar e Recheio,15000.0,42,448.19,15.3,12.73,19087.98
2026-09-07,Lar e Recheio,15000.0,48,405.13,15.3,12.85,19710.24
2026-09-07,Lar e Recheio,15000.0,54,372.08,15.3,12.97,20356.32
2026-09-07,Lar e Recheio,15000.0,60,344.02,15.1,12.84,20905.2
2026-09-07,Lar e Recheio,15000.0,66,319.79,14.7,12.56,21370.14
2026-09-07,Lar e Recheio,15000.0,72,300.29,14.4,12.4,21884.88
2026-09-07,Lar e Recheio,15000.0,78,282.27,14.0,12.07,22281.06
2026-09-07,Lar e Recheio,15000.0,84,259.91,12.6,10.95,22096.44
2026-09-07,Lar e Recheio,20000.0,24,946.45,15.3,12.05,23066.8
2026-09-07,Lar e Recheio,20000.0,30,783.15,15.3,12.37,23846.5
2026-09-07,Lar e Recheio,20000.0,36,674.69,15.3,12.58,24640.84
2026-09-07,Lar e Recheio,20000.0,42,597.59,15.3,12.73,25450.78
2026-09-07,Lar e Recheio,20000.0,48,540.18,15.3,12.85,26280.64
2026-09-07,Lar e Recheio,20000.0,54,496.1,15.3,12.97,27141.4
2026-09-07,Lar e Recheio,20000.0,60,458.69,15.1,12.84,27873.4
2026-09-07,Lar e Recheio,20000.0,66,426.39,14.7,12.56,28493.74
2026-09-07,Lar e Recheio,20000.0,72,400.39,14.4,12.4,29180.08
2026-09-07,Lar e Recheio,20000.0,78,376.36,14.0,12.07,29708.08
2026-09-07,Lar e Recheio,20000.0,84,346.55,12.6,10.95,29462.2
2026-09-07,Lar e Recheio,25000.0,24,1183.06,15.3,12.05,28833.44
2026-09-07,Lar e Recheio,25000.0,30,978.94,15.3,12.37,29808.2
2026-09-07,Lar e Recheio,25000.0,36,843.36,15.3,12.58,30800.96
2026-09-07,Lar e Recheio,25000.0,42,746.98,15.3,12.73,31813.16
2026-09-07,Lar e Recheio,25000.0,48,675.22,15.3,12.85,32850.56
2026-09-07,Lar e Recheio,25000.0,54,620.12,15.3,12.97,33926.48
2026-09-07,Lar e Recheio,25000.0,60,573.37,15.1,12.84,34842.2
2026-09-07,Lar e Recheio,25000.0,66,532.99,14.7,12.56,35617.34
2026-09-07,Lar e Recheio,25000.0,72,500.49,14.4,12.4,36475.28
2026-09-07,Lar e Recheio,25000.0,78,470.45,14.0,12.07,37135.1
2026-09-07,Lar e Recheio,25000.0,84,433.18,12.6,10.95,36827.12
2026-09-07,Lar e Recheio,30000.0,24,1419.67,15.3,12.05,34600.08
2026-09-07,Lar e Recheio,30000.0,30,1174.73,15.3,12.37,35769.9
2026-09-07,Lar e Recheio,30000.0,36,1012.03,15.3,12.58,36961.08
2026-09-07,Lar e Recheio,30000.0,42,896.38,15.3,12.73,38175.96
2026-09-07,Lar e Recheio,30000.0,48,810.26,15.3,12.85,39420.48
2026-09-07,Lar e Recheio,30000.0,54,744.15,15.3,12.97,40712.1
2026-09-07,Lar e Recheio,30000.0,60,688.04,15.1,12.84,41810.4
2026-09-07,Lar e Recheio,30000.0,66,639.58,14.7,12.56,42740.28
2026-09-07,Lar e Recheio,30000.0,72,600.58,14.4,12.4,43769.76
2026-09-07,Lar e Recheio,30000.0,78,564.54,14.0,12.07,44562.12
2026-09-07,Lar e Recheio,30000.0,84,519.82,12.6,10.95,44192.88
2026-09-07,Lar e Recheio,35000.0,24,1656.29,15.3,12.05,40366.96
2026-09-07,Lar e Recheio,35000.0,30,1370.51,15.3,12.37,41731.3
2026-09-07,Lar e Recheio,35000.0,36,1180.7,15.3,12.58,43121.2
2026-09-07,Lar e Recheio,35000.0,42,1045.78,15.3,12.73,44538.76
2026-09-07,Lar e Recheio,35000.0,48,945.3,15.3,12.85,45990.4
2026-09-07,Lar e Recheio,35000.0,54,868.17,15.3,12.97,47497.18
2026-09-07,Lar e Recheio,35000.0,60,802.71,15.1,12.84,48778.6
2026-09-07,Lar e Recheio,35000.0,66,746.18,14.7,12.56,49863.88
2026-09-07,Lar e Recheio,35000.0,72,700.68,14.4,12.4,51064.96
2026-09-07,Lar e Recheio,35000.0,78,658.62,14.0,12.07,51988.36
2026-09-07,Lar e Recheio,35000.0,84,606.45,12.6,10.95,51557.8
2026-09-07,Lar e Recheio,40000.0,24,1892.9,15.3,12.05,46133.6
2026-09-07,Lar e Recheio,40000.0,30,1566.3,15.3,12.37,47693.0
2026-09-07,Lar e Recheio,40000.0,36,1349.37,15.3,12.58,49281.32
2026-09-07,Lar e Recheio,40000.0,42,1195.17,15.3,12.73,50901.14
2026-09-07,Lar e Recheio,40000.0,48,1080.35,15.3,12.85,52560.8
2026-09-07,Lar e Recheio,40000.0,54,992.19,15.3,12.97,54282.26
2026-09-07,Lar e Recheio,40000.0,60,917.38,15.1,12.84,55746.8
2026-09-07,Lar e Recheio,40000.0,66,852.77,14.7,12.56,56986.82
2026-09-07,Lar e Recheio,40000.0,72,800.78,14.4,12.4,58360.16
2026-09-07,Lar e Recheio,40000.0,78,752.71,14.0,12.07,59415.38
2026-09-07,Lar e Recheio,40000.0,84,693.09,12.6,10.95,58923.56
2026-09-07,Lar e Recheio,45000.0,24,2129.51,15.3,12.05,51900.24
2026-09-07,Lar e Recheio,45000.0,30,1762.09,15.3,12.37,53654.7
2026-09-07,Lar e Recheio,45000.0,36,1518.04,15.3,12.58,55441.44
2026-09-07,Lar e Recheio,45000.0,42,1344.57,15.3,12.73,57263.94
2026-09-07,Lar e Recheio,45000.0,48,1215.39,15.3,12.85,59130.72
2026-09-07,Lar e Recheio,45000.0,54,1116.22,15.3,12.97,61067.88
2026-09-07,Lar e Recheio,45000.0,60,1032.06,15.1,12.84,62715.6
2026-09-07,Lar e Recheio,45000.0,66,959.37,14.7,12.56,64110.42
2026-09-07,Lar e Recheio,45000.0,72,900.87,14.4,12.4,65654.64
2026-09-07,Lar e Recheio,45000.0,78,846.8,14.0,12.07,66842.4
2026-09-07,Lar e Recheio,45000.0,84,779.73,12.6,10.95,66289.32
2026-09-07,Lar e Recheio,50000.0,24,2366.12,15.3,12.05,57666.88
2026-09-07,Lar e Recheio,50000.0,30,1957.87,15.3,12.37,59616.1
2026-09-07,Lar e Recheio,50000.0,36,1686.71,15.3,12.58,61601.56
2026-09-07,Lar e Recheio,50000.0,42,1493.96,15.3,12.73,63626.32
2026-09-07,Lar e Recheio,50000.0,48,1350.43,15.3,12.85,65700.64
2026-09-07,Lar e Recheio,50000.0,54,1240.24,15.3,12.97,67852.96
2026-09-07,Lar e Recheio,50000.0,60,1146.73,15.1,12.84,69683.8
2026-09-07,Lar e Recheio,50000.0,66,1065.97,14.7,12.56,71234.02
2026-09-07,Lar e Recheio,50000.0,72,1000.97,14.4,12.4,72949.84
2026-09-07,Lar e Recheio,50000.0,78,940.89,14.0,12.07,74269.42
2026-09-07,Lar e Recheio,50000.0,84,866.36,12.6,10.95,73654.24
2026-09-07,Formação,2500.0,24,111.72,8.9,6.55,2725.28
2026-09-07,Formação,2500.0,30,91.24,8.9,6.86,2781.2
2026-09-07,Formação,2500.0,36,77.61,8.9,7.08,2837.96
2026-09-07,Formação,2500.0,42,67.88,8.9,7.22,2894.96
2026-09-07,Formação,2500.0,48,60.61,8.9,7.34,2953.28
2026-09-07,Formação,2500.0,54,54.96,8.9,7.43,3011.84
2026-09-07,Formação,2500.0,60,50.46,8.9,7.5,3071.6
2026-09-07,Formação,2500.0,66,46.8,8.9,7.57,3132.8
2026-09-07,Formação,2500.0,72,43.73,8.9,7.61,3192.56
2026-09-07,Formação,5000.0,24,223.44,8.9,6.55,5450.56
2026-09-07,Formação,5000.0,30,182.47,8.9,6.86,5562.1
2026-09-07,Formação,5000.0,36,155.22,8.9,7.08,5675.92
2026-09-07,Formação,5000.0,42,135.75,8.9,7.22,5789.5
2026-09-07,Formação,5000.0,48,121.21,8.9,7.34,5906.08
2026-09-07,Formação,5000.0,54,109.92,8.9,7.43,6023.68
2026-09-07,Formação,5000.0,60,100.91,8.9,7.5,6142.6
2026-09-07,Formação,5000.0,66,93.59,8.9,7.57,6264.94
2026-09-07,Formação,5000.0,72,87.46,8.9,7.61,6385.12
2026-09-07,Formação,5000.0,78,82.31,8.9,7.65,6508.18
2026-09-07,Formação,5000.0,84,77.93,8.9,7.69,6634.12
2026-09-07,Formação,10000.0,24,446.88,8.9,6.55,10901.12
2026-09-07,Formação,10000.0,30,364.94,8.9,6.86,11124.2
2026-09-07,Formação,10000.0,36,310.44,8.9,7.08,11351.84
2026-09-07,Formação,10000.0,42,271.5,8.9,7.22,11579.0
2026-09-07,Formação,10000.0,48,242.42,8.9,7.34,11812.16
2026-09-07,Formação,10000.0,54,219.84,8.9,7.43,12047.36
2026-09-07,Formação,10000.0,60,201.81,8.9,7.5,12284.6
2026-09-07,Formação,10000.0,66,187.17,8.9,7.57,12529.22
2026-09-07,Formação,10000.0,72,174.92,8.9,7.61,12770.24
2026-09-07,Formação,10000.0,78,164.62,8.9,7.65,13016.36
2026-09-07,Formação,10000.0,84,155.86,8.9,7.69,13268.24
2026-09-07,Formação,10000.0,90,148.27,8.9,7.72,13520.3
2026-09-07,Formação,10000.0,96,141.68,8.9,7.75,13777.28
2026-09-07,Formação,10000.0,102,135.91,8.9,7.78,14038.82
2026-09-07,Formação,10000.0,108,130.77,8.9,7.8,14299.16
2026-09-07,Formação,10000.0,114,126.21,8.9,7.82,14563.94
2026-09-07,Formação,10000.0,120,122.09,8.9,7.83,14826.8
2026-09-07,Formação,15000.0,24,670.32,8.9,6.55,16351.68
2026-09-07,Formação,15000.0,30,547.4,8.9,6.86,16686.0
2026-09-07,Formação,15000.0,36,465.66,8.9,7.08,17027.76
2026-09-07,Formação,15000.0,42,407.24,8.9,7.22,17368.08
2026-09-07,Formação,15000.0,48,363.62,8.9,7.34,17717.76
2026-09-07,Formação,15000.0,54,329.76,8.9,7.43,18071.04
2026-09-07,Formação,15000.0,60,302.72,8.9,7.5,18427.2
2026-09-07,Formação,15000.0,66,280.76,8.9,7.57,18794.16
2026-09-07,Formação,15000.0,72,262.38,8.9,7.61,19155.36
2026-09-07,Formação,15000.0,78,246.93,8.9,7.65,19524.54
2026-09-07,Formação,15000.0,84,233.78,8.9,7.69,19901.52
2026-09-07,Formação,15000.0,90,222.4,8.9,7.72,20280.0
2026-09-07,Formação,15000.0,96,212.51,8.9,7.75,20664.96
2026-09-07,Formação,15000.0,102,203.86,8.9,7.78,21057.72
2026-09-07,Formação,15000.0,108,196.16,8.9,7.8,21449.28
2026-09-07,Formação,15000.0,114,189.32,8.9,7.82,21846.48
2026-09-07,Formação,15000.0,120,183.13,8.9,7.83,22239.6
2026-09-07,Formação,20000.0,24,893.75,8.9,6.55,21802.0
2026-09-07,Formação,20000.0,30,729.87,8.9,6.86,22248.1
2026-09-07,Formação,20000.0,36,620.87,8.9,7.08,22703.32
2026-09-07,Formação,20000.0,42,542.99,8.9,7.22,23157.58
2026-09-07,Formação,20000.0,48,484.83,8.9,7.34,23623.84
2026-09-07,Formação,20000.0,54,439.67,8.9,7.43,24094.18
2026-09-07,Formação,20000.0,60,403.62,8.9,7.5,24569.2
2026-09-07,Formação,20000.0,66,374.34,8.9,7.57,25058.44
2026-09-07,Formação,20000.0,72,349.83,8.9,7.61,25539.76
2026-09-07,Formação,20000.0,78,329.23,8.9,7.65,26031.94
2026-09-07,Formação,20000.0,84,311.71,8.9,7.69,26535.64
2026-09-07,Formação,20000.0,90,296.53,8.9,7.72,27039.7
2026-09-07,Formação,20000.0,96,283.35,8.9,7.75,27553.6
2026-09-07,Formação,20000.0,102,271.81,8.9,7.78,28076.62
2026-09-07,Formação,20000.0,108,261.54,8.9,7.8,28598.32
2026-09-07,Formação,20000.0,114,252.42,8.9,7.82,29127.88
2026-09-07,Formação,20000.0,120,244.18,8.9,7.83,29653.6
2026-09-07,Eficiência Energética,10000.0,84,155.91,8.9,7.7,13272.44
2026-09-07,Eficiência Energética,15000.0,54,329.9,8.9,7.45,18078.6
2026-09-07,Eficiência Energética,15000.0,60,302.72,8.9,7.5,18427.2
2026-09-07,Eficiência Energética,15000.0,66,280.61,8.9,7.55,18784.26
2026-09-07,Eficiência Energética,15000.0,72,262.3,8.9,7.6,19149.6
2026-09-07,Eficiência Energética,15000.0,78,246.93,8.9,7.65,19524.54
2026-09-07,Eficiência Energética,15000.0,84,233.86,8.9,7.7,19908.24
2026-09-07,Eficiência Energética,20000.0,54,439.87,8.9,7.45,24104.98
2026-09-07,Eficiência Energética,20000.0,60,403.62,8.9,7.5,24569.2
2026-09-07,Eficiência Energética,20000.0,66,374.14,8.9,7.55,25045.24
2026-09-07,Eficiência Energética,20000.0,72,349.73,8.9,7.6,25532.56
2026-09-07,Eficiência Energética,20000.0,78,329.23,8.9,7.65,26031.94
2026-09-07,Eficiência Energética,20000.0,84,311.81,8.9,7.7,26544.04
2026-09-07,Eficiência Energética,25000.0,54,549.83,8.9,7.45,30130.82
2026-09-07,Eficiência Energética,25000.0,60,504.53,8.9,7.5,30711.8
2026-09-07,Eficiência Energética,25000.0,66,467.67,8.9,7.55,31306.22
2026-09-07,Eficiência Energética,25000.0,72,437.17,8.9,7.6,31916.24
2026-09-07,Eficiência Energética,25000.0,78,411.54,8.9,7.65,32540.12
2026-09-07,Eficiência Energética,25000.0,84,389.76,8.9,7.7,33179.84
2026-09-07,Eficiência Energética,30000.0,54,659.8,8.9,7.45,36157.2
2026-09-07,Eficiência Energética,30000.0,60,605.43,8.9,7.5,36853.8
2026-09-07,Eficiência Energética,30000.0,66,561.21,8.9,7.55,37567.86
2026-09-07,Eficiência Energética,30000.0,72,524.6,8.9,7.6,38299.2
2026-09-07,Eficiência Energética,30000.0,78,493.85,8.9,7.65,39048.3
2026-09-07,Eficiência Energética,30000.0,84,467.71,8.9,7.7,39815.64
2026-09-07,Eficiência Energética,35000.0,54,769.77,8.9,7.45,42183.58
2026-09-07,Eficiência Energética,35000.0,60,706.33,8.9,7.5,42995.8
2026-09-07,Eficiência Energética,35000.0,66,654.74,8.9,7.55,43828.84
2026-09-07,Eficiência Energética,35000.0,72,612.03,8.9,7.6,44682.16
2026-09-07,Eficiência Energética,35000.0,78,576.16,8.9,7.65,45556.48
2026-09-07,Eficiência Energética,35000.0,84,545.66,8.9,7.7,46451.44
2026-09-07,Eficiência Energética,40000.0,54,879.73,8.9,7.45,48209.42
2026-09-07,Eficiência Energética,40000.0,60,807.24,8.9,7.5,49138.4
2026-09-07,Eficiência Energética,40000.0,66,748.27,8.9,7.55,50089.82
2026-09-07,Eficiência Energética,40000.0,72,699.46,8.9,7.6,51065.12
2026-09-07,Eficiência Energética,40000.0,78,658.46,8.9,7.65,52063.88
2026-09-07,Eficiência Energética,40000.0,84,623.61,8.9,7.7,53087.24
2026-09-07,Eficiência Energética,45000.0,54,989.7,8.9,7.45,54235.8
2026-09-07,Eficiência Energética,45000.0,60,908.14,8.9,7.5,55280.4
2026-09-07,Eficiência Energética,45000.0,66,841.81,8.9,7.55,56351.46
2026-09-07,Eficiência Energética,45000.0,72,786.89,8.9,7.6,57448.08
2026-09-07,Eficiência Energética,45000.0,78,740.77,8.9,7.65,58572.06
2026-09-07,Eficiência Energética,45000.0,84,701.56,8.9,7.7,59723.04
2026-09-07,Eficiência Energética,50000.0,54,1099.66,8.9,7.45,60261.64
2026-09-07,Eficiência Energética,50000.0,60,1009.05,8.9,7.5,61423.0
2026-09-07,Eficiência Energética,50000.0,66,935.34,8.9,7.55,62612.44
2026-09-07,Eficiência Energética,50000.0,72,874.33,8.9,7.6,63831.76
2026-09-07,Eficiência Energética,50000.0,78,823.08,8.9,7.65,65080.24
2026-09-07,Eficiência Energética,50000.0,84,779.52,8.9,7.7,66359.68
2026-09-08,Pagar Despesas / Férias e Lazer,5000.0,54,124.03,15.3,12.97,6785.62
2026-09-08,Pagar Despesas / Férias e Lazer,5000.0,60,115.24,15.3,13.05,7002.4
2026-09-08,Pagar Despesas / Férias e Lazer,5000.0,66,108.09,15.3,13.11,7221.94
2026-09-08,Pagar Despesas / Férias e Lazer,5000.0,72,102.17,15.3,13.15,7444.24
2026-09-08,Pagar Despesas / Férias e Lazer,5000.0,78,97.25,15.3,13.2,7673.5
2026-09-08,Pagar Despesas / Férias e Lazer,5000.0,84,93.04,15.3,13.23,7903.36
2026-09-08,Pagar Despesas / Férias e Lazer,10000.0,54,248.05,15.3,12.97,13570.7
2026-09-08,Pagar Despesas / Férias e Lazer,10000.0,60,229.35,15.1,12.84,13937.0
2026-09-08,Pagar Despesas / Férias e Lazer,10000.0,66,213.2,14.7,12.56,14247.2
2026-09-08,Pagar Despesas / Férias e Lazer,10000.0,72,200.2,14.4,12.4,14590.4
2026-09-08,Pagar Despesas / Férias e Lazer,10000.0,78,188.18,14.0,12.07,14854.04
2026-09-08,Pagar Despesas / Férias e Lazer,10000.0,84,174.21,12.8,11.12,14809.64
2026-09-08,Pagar Despesas / Férias e Lazer,15000.0,54,372.08,15.3,12.97,20356.32
2026-09-08,Pagar Despesas / Férias e Lazer,15000.0,60,344.02,15.1,12.84,20905.2
2026-09-08,Pagar Despesas / Férias e Lazer,15000.0,66,319.79,14.7,12.56,21370.14
2026-09-08,Pagar Despesas / Férias e Lazer,15000.0,72,300.29,14.4,12.4,21884.88
2026-09-08,Pagar Despesas / Férias e Lazer,15000.0,78,282.27,14.0,12.07,22281.06
2026-09-08,Pagar Despesas / Férias e Lazer,15000.0,84,259.91,12.6,10.95,22096.44
2026-09-08,Pagar Despesas / Férias e Lazer,20000.0,54,496.1,15.3,12.97,27141.4
2026-09-08,Pagar Despesas / Férias e Lazer,20000.0,60,458.69,15.1,12.84,27873.4
2026-09-08,Pagar Despesas / Férias e Lazer,20000.0,66,426.39,14.7,12.56,28493.74
2026-09-08,Pagar Despesas / Férias e Lazer,20000.0,72,400.39,14.4,12.4,29180.08
2026-09-08,Pagar Despesas / Férias e Lazer,20000.0,78,376.36,14.0,12.07,29708.08
2026-09-08,Pagar Despesas / Férias e Lazer,20000.0,84,346.55,12.6,10.95,29462.2
2026-09-08,Pagar Despesas / Férias e Lazer,25000.0,54,620.12,15.3,12.97,33926.48
2026-09-08,Pagar Despesas / Férias e Lazer,25000.0,60,573.37,15.1,12.84,34842.2
2026-09-08,Pagar Despesas / Férias e Lazer,25000.0,66,532.99,14.7,12.56,35617.34
2026-09-08,Pagar Despesas / Férias e Lazer,25000.0,72,500.49,14.4,12.4,36475.28
2026-09-08,Pagar Despesas / Férias e Lazer,25000.0,78,470.45,14.0,12.07,37135.1
2026-09-08,Pagar Despesas / Férias e Lazer,25000.0,84,433.18,12.6,10.95,36827.12
2026-09-08,Pagar Despesas / Férias e Lazer,30000.0,54,744.15,15.3,12.97,40712.1
2026-09-08,Pagar Despesas / Férias e Lazer,30000.0,60,688.04,15.1,12.84,41810.4
2026-09-08,Pagar Despesas / Férias e Lazer,30000.0,66,639.58,14.7,12.56,42740.28
2026-09-08,Pagar Despesas / Férias e Lazer,30000.0,72,600.58,14.4,12.4,43769.76
2026-09-08,Pagar Despesas / Férias e Lazer,30000.0,78,564.54,14.0,12.07,44562.12
2026-09-08,Pagar Despesas / Férias e Lazer,30000.0,84,519.82,12.6,10.95,44192.88
2026-09-08,Pagar Despesas / Férias e Lazer,35000.0,54,868.17,15.3,12.97,47497.18
2026-09-08,Pagar Despesas / Férias e Lazer,35000.0,60,802.71,15.1,12.84,48778.6
2026-09-08,Pagar Despesas / Férias e Lazer,35000.0,66,746.18,14.7,12.56,49863.88
2026-09-08,Pagar Despesas / Férias e Lazer,35000.0,72,700.68,14.4,12.4,51064.96
2026-09-08,Pagar Despesas / Férias e Lazer,35000.0,78,658.62,14.0,12.07,51988.36
2026-09-08,Pagar Despesas / Férias e Lazer,35000.0,84,606.45,12.6,10.95,51557.8
2026-09-08,Pagar Despesas / Férias e Lazer,40000.0,54,992.19,15.3,12.97,54282.26
2026-09-08,Pagar Despesas / Férias e Lazer,40000.0,60,917.38,15.1,12.84,55746.8
2026-09-08,Pagar Despesas / Férias e Lazer,40000.0,66,852.77,14.7,12.56,56986.82
2026-09-08,Pagar Despesas / Férias e Lazer,40000.0,72,800.78,14.4,12.4,58360.16
2026-09-08,Pagar Despesas / Férias e Lazer,40000.0,78,752.71,14.0,12.07,59415.38
2026-09-08,Pagar Despesas / Férias e Lazer,40000.0,84,693.09,12.6,10.95,58923.56
2026-09-08,Pagar Despesas / Férias e Lazer,45000.0,54,1116.22,15.3,12.97,61067.88
2026-09-08,Pagar Despesas / Férias e Lazer,45000.0,60,1032.06,15.1,12.84,62715.6
2026-09-08,Pagar Despesas / Férias e Lazer,45000.0,66,959.37,14.7,12.56,64110.42
2026-09-08,Pagar Despesas / Férias e Lazer,45000.0,72,900.87,14.4,12.4,65654.64
2026-09-08,Pagar Despesas / Férias e Lazer,45000.0,78,846.8,14.0,12.07,66842.4
2026-09-08,Pagar Despesas / Férias e Lazer,45000.0,84,779.73,12.6,10.95,66289.32
2026-09-08,Pagar Despesas / Férias e Lazer,50000.0,54,1240.24,15.3,12.97,67852.96
2026-09-08,Pagar Despesas / Férias e Lazer,50000.0,60,1146.73,15.1,12.84,69683.8
2026-09-08,Pagar Despesas / Férias e Lazer,50000.0,66,1065.97,14.7,12.56,71234.02
2026-09-08,Pagar Despesas / Férias e Lazer,50000.0,72,1000.97,14.4,12.4,72949.84
2026-09-08,Pagar Despesas / Férias e Lazer,50000.0,78,940.89,14.0,12.07,74269.42
2026-09-08,Pagar Despesas / Férias e Lazer,50000.0,84,866.36,12.6,10.95,73654.24
2026-09-08,Lar e Recheio,5000.0,24,236.62,15.3,12.05,5766.88
2026-09-08,Lar e Recheio,5000.0,30,195.79,15.3,12.37,5961.7
2026-09-08,Lar e Recheio,5000.0,36,168.68,15.3,12.58,6160.48
2026-09-08,Lar e Recheio,5000.0,42,149.4,15.3,12.73,6362.8
2026-09-08,Lar e Recheio,5000.0,48,135.05,15.3,12.85,6570.4
2026-09-08,Lar e Recheio,5000.0,54,124.03,15.3,12.97,6785.62
2026-09-08,Lar e Recheio,5000.0,60,115.24,15.3,13.05,7002.4
2026-09-08,Lar e Recheio,5000.0,66,108.09,15.3,13.11,7221.94
2026-09-08,Lar e Recheio,5000.0,72,102.17,15.3,13.15,7444.24
2026-09-08,Lar e Recheio,5000.0,78,97.25,15.3,13.2,7673.5
2026-09-08,Lar e Recheio,5000.0,84,93.04,15.3,13.23,7903.36
2026-09-08,Lar e Recheio,10000.0,24,473.23,15.3,12.05,11533.52
2026-09-08,Lar e Recheio,10000.0,30,391.58,15.3,12.37,11923.4
2026-09-08,Lar e Recheio,10000.0,36,337.35,15.3,12.58,12320.6
2026-09-08,Lar e Recheio,10000.0,42,298.8,15.3,12.73,12725.6
2026-09-08,Lar e Recheio,10000.0,48,270.09,15.3,12.85,13140.32
2026-09-08,Lar e Recheio,10000.0,54,248.05,15.3,12.97,13570.7
2026-09-08,Lar e Recheio,10000.0,60,229.35,15.1,12.84,13937.0
2026-09-08,Lar e Recheio,10000.0,66,213.2,14.7,12.56,14247.2
2026-09-08,Lar e Recheio,10000.0,72,200.2,14.4,12.4,14590.4
2026-09-08,Lar e Recheio,10000.0,78,188.18,14.0,12.07,14854.04
2026-09-08,Lar e Recheio,10000.0,84,174.21,12.8,11.12,14809.64
2026-09-08,Lar e Recheio,15000.0,24,709.84,15.3,12.05,17300.16
2026-09-08,Lar e Recheio,15000.0,30,587.37,15.3,12.37,17885.1
2026-09-08,Lar e Recheio,15000.0,36,506.02,15.3,12.58,18480.72
2026-09-08,Lar e Recheio,15000.0,42,448.19,15.3,12.73,19087.98
2026-09-08,Lar e Recheio,15000.0,48,405.13,15.3,12.85,19710.24
2026-09-08,Lar e Recheio,15000.0,54,372.08,15.3,12.97,20356.32
2026-09-08,Lar e Recheio,15000.0,60,344.02,15.1,12.84,20905.2
2026-09-08,Lar e Recheio,15000.0,66,319.79,14.7,12.56,21370.14
2026-09-08,Lar e Recheio,15000.0,72,300.29,14.4,12.4,21884.88
2026-09-08,Lar e Recheio,15000.0,78,282.27,14.0,12.07,22281.06
2026-09-08,Lar e Recheio,15000.0,84,259.91,12.6,10.95,22096.44
2026-09-08,Lar e Recheio,20000.0,24,946.45,15.3,12.05,23066.8
2026-09-08,Lar e Recheio,20000.0,30,783.15,15.3,12.37,23846.5
2026-09-08,Lar e Recheio,20000.0,36,674.69,15.3,12.58,24640.84
2026-09-08,Lar e Recheio,20000.0,42,597.59,15.3,12.73,25450.78
2026-09-08,Lar e Recheio,20000.0,48,540.18,15.3,12.85,26280.64
2026-09-08,Lar e Recheio,20000.0,54,496.1,15.3,12.97,27141.4
2026-09-08,Lar e Recheio,20000.0,60,458.69,15.1,12.84,27873.4
2026-09-08,Lar e Recheio,20000.0,66,426.39,14.7,12.56,28493.74
2026-09-08,Lar e Recheio,20000.0,72,400.39,14.4,12.4,29180.08
2026-09-08,Lar e Recheio,20000.0,78,376.36,14.0,12.07,29708.08
2026-09-08,Lar e Recheio,20000.0,84,346.55,12.6,10.95,29462.2
2026-09-08,Lar e Recheio,25000.0,24,1183.06,15.3,12.05,28833.44
2026-09-08,Lar e Recheio,25000.0,30,978.94,15.3,12.37,29808.2
2026-09-08,Lar e Recheio,25000.0,36,843.36,15.3,12.58,30800.96
2026-09-08,Lar e Recheio,25000.0,42,746.98,15.3,12.73,31813.16
2026-09-08,Lar e Recheio,25000.0,48,675.22,15.3,12.85,32850.56
2026-09-08,Lar e Recheio,25000.0,54,620.12,15.3,12.97,33926.48
2026-09-08,Lar e Recheio,25000.0,60,573.37,15.1,12.84,34842.2
2026-09-08,Lar e Recheio,25000.0,66,532.99,14.7,12.56,35617.34
2026-09-08,Lar e Recheio,25000.0,72,500.49,14.4,12.4,36475.28
2026-09-08,Lar e Recheio,25000.0,78,470.45,14.0,12.07,37135.1
2026-09-08,Lar e Recheio,25000.0,84,433.18,12.6,10.95,36827.12
2026-09-08,Lar e Recheio,30000.0,24,1419.67,15.3,12.05,34600.08
2026-09-08,Lar e Recheio,30000.0,30,1174.73,15.3,12.37,35769.9
2026-09-08,Lar e Recheio,30000.0,36,1012.03,15.3,12.58,36961.08
2026-09-08,Lar e Recheio,30000.0,42,896.38,15.3,12.73,38175.96
2026-09-08,Lar e Recheio,30000.0,48,810.26,15.3,12.85,39420.48
2026-09-08,Lar e Recheio,30000.0,54,744.15,15.3,12.97,40712.1
2026-09-08,Lar e Recheio,30000.0,60,688.04,15.1,12.84,41810.4
2026-09-08,Lar e Recheio,30000.0,66,639.58,14.7,12.56,42740.28
2026-09-08,Lar e Recheio,30000.0,72,600.58,14.4,12.4,43769.76
2026-09-08,Lar e Recheio,30000.0,78,564.54,14.0,12.07,44562.12
2026-09-08,Lar e Recheio,30000.0,84,519.82,12.6,10.95,44192.88
2026-09-08,Lar e Recheio,35000.0,24,1656.29,15.3,12.05,40366.96
2026-09-08,Lar e Recheio,35000.0,30,1370.51,15.3,12.37,41731.3
2026-09-08,Lar e Recheio,35000.0,36,1180.7,15.3,12.58,43121.2
2026-09-08,Lar e Recheio,35000.0,42,1045.78,15.3,12.73,44538.76
2026-09-08,Lar e Recheio,35000.0,48,945.3,15.3,12.85,45990.4
2026-09-08,Lar e Recheio,35000.0,54,868.17,15.3,12.97,47497.18
2026-09-08,Lar e Recheio,35000.0,60,802.71,15.1,12.84,48778.6
2026-09-08,Lar e Recheio,35000.0,66,746.18,14.7,12.56,49863.88
2026-09-08,Lar e Recheio,35000.0,72,700.68,14.4,12.4,51064.96
2026-09-08,Lar e Recheio,35000.0,78,658.62,14.0,12.07,51988.36
2026-09-08,Lar e Recheio,35000.0,84,606.45,12.6,10.95,51557.8
2026-09-08,Lar e Recheio,40000.0,24,1892.9,15.3,12.05,46133.6
2026-09-08,Lar e Recheio,40000.0,30,1566.3,15.3,12.37,47693.0
2026-09-08,Lar e Recheio,40000.0,36,1349.37,15.3,12.58,49281.32
2026-09-08,Lar e Recheio,40000.0,42,1195.17,15.3,12.73,50901.14
2026-09-08,Lar e Recheio,40000.0,48,1080.35,15.3,12.85,52560.8
2026-09-08,Lar e Recheio,40000.0,54,992.19,15.3,12.97,54282.26
2026-09-08,Lar e Recheio,40000.0,60,917.38,15.1,12.84,55746.8
2026-09-08,Lar e Recheio,40000.0,66,852.77,14.7,12.56,56986.82
2026-09-08,Lar e Recheio,40000.0,72,800.78,14.4,12.4,58360.16
2026-09-08,Lar e Recheio,40000.0,78,752.71,14.0,12.07,59415.38
2026-09-08,Lar e Recheio,40000.0,84,693.09,12.6,10.95,58923.56
2026-09-08,Lar e Recheio,45000.0,24,2129.51,15.3,12.05,51900.24
2026-09-08,Lar e Recheio,45000.0,30,1762.09,15.3,12.37,53654.7
2026-09-08,Lar e Recheio,45000.0,36,1518.04,15.3,12.58,55441.44
2026-09-08,Lar e Recheio,45000.0,42,1344.57,15.3,12.73,57263.94
2026-09-08,Lar e Recheio,45000.0,48,1215.39,15.3,12.85,59130.72
2026-09-08,Lar e Recheio,45000.0,54,1116.22,15.3,12.97,61067.88
2026-09-08,Lar e Recheio,45000.0,60,1032.06,15.1,12.84,62715.6
2026-09-08,Lar e Recheio,45000.0,66,959.37,14.7,12.56,64110.42
2026-09-08,Lar e Recheio,45000.0,72,900.87,14.4,12.4,65654.64
2026-09-08,Lar e Recheio,45000.0,78,846.8,14.0,12.07,66842.4
2026-09-08,Lar e Recheio,45000.0,84,779.73,12.6,10.95,66289.32
2026-09-08,Lar e Recheio,50000.0,24,2366.12,15.3,12.05,57666.88
2026-09-08,Lar e Recheio,50000.0,30,1957.87,15.3,12.37,59616.1
2026-09-08,Lar e Recheio,50000.0,36,1686.71,15.3,12.58,61601.56
2026-09-08,Lar e Recheio,50000.0,42,1493.96,15.3,12.73,63626.32
2026-09-08,Lar e Recheio,50000.0,48,1350.43,15.3,12.85,65700.64
2026-09-08,Lar e Recheio,50000.0,54,1240.24,15.3,12.97,67852.96
2026-09-08,Lar e Recheio,50000.0,60,1146.73,15.1,12.84,69683.8
2026-09-08,Lar e Recheio,50000.0,66,1065.97,14.7,12.56,71234.02
2026-09-08,Lar e Recheio,50000.0,72,1000.97,14.4,12.4,72949.84
2026-09-08,Lar e Recheio,50000.0,78,940.89,14.0,12.07,74269.42
2026-09-08,Lar e Recheio,50000.0,84,866.36,12.6,10.95,73654.24
2026-09-08,Formação,2500.0,24,111.72,8.9,6.55,2725.28
2026-09-08,Formação,2500.0,30,91.24,8.9,6.86,2781.2
2026-09-08,Formação,2500.0,36,77.61,8.9,7.08,2837.96
2026-09-08,Formação,2500.0,42,67.88,8.9,7.22,2894.96
2026-09-08,Formação,2500.0,48,60.61,8.9,7.34,2953.28
2026-09-08,Formação,2500.0,54,54.96,8.9,7.43,3011.84
2026-09-08,Formação,2500.0,60,50.46,8.9,7.5,3071.6
2026-09-08,Formação,2500.0,66,46.8,8.9,7.57,3132.8
2026-09-08,Formação,2500.0,72,43.73,8.9,7.61,3192.56
2026-09-08,Formação,5000.0,24,223.44,8.9,6.55,5450.56
2026-09-08,Formação,5000.0,30,182.47,8.9,6.86,5562.1
2026-09-08,Formação,5000.0,36,155.22,8.9,7.08,5675.92
2026-09-08,Formação,5000.0,42,135.75,8.9,7.22,5789.5
2026-09-08,Formação,5000.0,48,121.21,8.9,7.34,5906.08
2026-09-08,Formação,5000.0,54,109.92,8.9,7.43,6023.68
2026-09-08,Formação,5000.0,60,100.91,8.9,7.5,6142.6
2026-09-08,Formação,5000.0,66,93.59,8.9,7.57,6264.94
2026-09-08,Formação,5000.0,72,87.46,8.9,7.61,6385.12
2026-09-08,Formação,5000.0,78,82.31,8.9,7.65,6508.18
2026-09-08,Formação,5000.0,84,77.93,8.9,7.69,6634.12
2026-09-08,Formação,10000.0,24,446.88,8.9,6.55,10901.12
2026-09-08,Formação,10000.0,30,364.94,8.9,6.86,11124.2
2026-09-08,Formação,10000.0,36,310.44,8.9,7.08,11351.84
2026-09-08,Formação,10000.0,42,271.5,8.9,7.22,11579.0
2026-09-08,Formação,10000.0,48,242.42,8.9,7.34,11812.16
2026-09-08,Formação,10000.0,54,219.84,8.9,7.43,12047.36
2026-09-08,Formação,10000.0,60,201.81,8.9,7.5,12284.6
2026-09-08,Formação,10000.0,66,187.17,8.9,7.57,12529.22
2026-09-08,Formação,10000.0,72,174.92,8.9,7.61,12770.24
2026-09-08,Formação,10000.0,78,164.62,8.9,7.65,13016.36
2026-09-08,Formação,10000.0,84,155.86,8.9,7.69,13268.24
2026-09-08,Formação,10000.0,90,148.27,8.9,7.72,13520.3
2026-09-08,Formação,10000.0,96,141.68,8.9,7.75,13777.28
2026-09-08,Formação,10000.0,102,135.91,8.9,7.78,14038.82
2026-09-08,Formação,10000.0,108,130.77,8.9,7.8,14299.16
2026-09-08,Formação,10000.0,114,126.21,8.9,7.82,14563.94
2026-09-08,Formação,10000.0,120,122.09,8.9,7.83,14826.8
2026-09-08,Formação,15000.0,24,670.32,8.9,6.55,16351.68
2026-09-08,Formação,15000.0,30,547.4,8.9,6.86,16686.0
2026-09-08,Formação,15000.0,36,465.66,8.9,7.08,17027.76
2026-09-08,Formação,15000.0,42,407.24,8.9,7.22,17368.08
2026-09-08,Formação,15000.0,48,363.62,8.9,7.34,17717.76
2026-09-08,Formação,15000.0,54,329.76,8.9,7.43,18071.04
2026-09-08,Formação,15000.0,60,302.72,8.9,7.5,18427.2
2026-09-08,Formação,15000.0,66,280.76,8.9,7.57,18794.16
2026-09-08,Formação,15000.0,72,262.38,8.9,7.61,19155.36
2026-09-08,Formação,15000.0,78,246.93,8.9,7.65,19524.54
2026-09-08,Formação,15000.0,84,233.78,8.9,7.69,19901.52
2026-09-08,Formação,15000.0,90,222.4,8.9,7.72,20280.0
2026-09-08,Formação,15000.0,96,212.51,8.9,7.75,20664.96
2026-09-08,Formação,15000.0,102,203.86,8.9,7.78,21057.72
2026-09-08,Formação,15000.0,108,196.16,8.9,7.8,21449.28
2026-09-08,Formação,15000.0,114,189.32,8.9,7.82,21846.48
2026-09-08,Formação,15000.0,120,183.13,8.9,7.83,22239.6
2026-09-08,Formação,20000.0,24,893.75,8.9,6.55,21802.0
2026-09-08,Formação,20000.0,30,729.87,8.9,6.86,22248.1
2026-09-08,Formação,20000.0,36,620.87,8.9,7.08,22703.32
2026-09-08,Formação,20000.0,42,542.99,8.9,7.22,23157.58
2026-09-08,Formação,20000.0,48,484.83,8.9,7.34,23623.84
2026-09-08,Formação,20000.0,54,439.67,8.9,7.43,24094.18
2026-09-08,Formação,20000.0,60,403.62,8.9,7.5,24569.2
2026-09-08,Formação,20000.0,66,374.34,8.9,7.57,25058.44
2026-09-08,Formação,20000.0,72,349.83,8.9,7.61,25539.76
2026-09-08,Formação,20000.0,78,329.23,8.9,7.65,26031.94
2026-09-08,Formação,20000.0,84,311.71,8.9,7.69,26535.64
2026-09-08,Formação,20000.0,90,296.53,8.9,7.72,27039.7
2026-09-08,Formação,20000.0,96,283.35,8.9,7.75,27553.6
2026-09-08,Formação,20000.0,102,271.81,8.9,7.78,28076.62
2026-09-08,Formação,20000.0,108,261.54,8.9,7.8,28598.32
2026-09-08,Formação,20000.0,114,252.42,8.9,7.82,29127.88
2026-09-08,Formação,20000.0,120,244.18,8.9,7.83,29653.6
2026-09-08,Eficiência Energética,10000.0,84,155.91,8.9,7.7,13272.44
2026-09-08,Eficiência Energética,15000.0,54,329.9,8.9,7.45,18078.6
2026-09-08,Eficiência Energética,15000.0,60,302.72,8.9,7.5,18427.2
2026-09-08,Eficiência Energética,15000.0,66,280.61,8.9,7.55,18784.26
2026-09-08,Eficiência Energética,15000.0,72,262.3,8.9,7.6,19149.6
2026-09-08,Eficiência Energética,15000.0,78,246.93,8.9,7.65,19524.54
2026-09-08,Eficiência Energética,15000.0,84,233.86,8.9,7.7,19908.24
2026-09-08,Eficiência Energética,20000.0,54,439.87,8.9,7.45,24104.98
2026-09-08,Eficiência Energética,20000.0,60,403.62,8.9,7.5,24569.2
2026-09-08,Eficiência Energética,20000.0,66,374.14,8.9,7.55,25045.24
2026-09-08,Eficiência Energética,20000.0,72,349.73,8.9,7.6,25532.56
2026-09-08,Eficiência Energética,20000.0,78,329.23,8.9,7.65,26031.94
2026-09-08,Eficiência Energética,20000.0,84,311.81,8.9,7.7,26544.04
2026-09-08,Eficiência Energética,25000.0,54,549.83,8.9,7.45,30130.82
2026-09-08,Eficiência Energética,25000.0,60,504.53,8.9,7.5,30711.8
2026-09-08,Eficiência Energética,25000.0,66,467.67,8.9,7.55,31306.22
2026-09-08,Eficiência Energética,25000.0,72,437.17,8.9,7.6,31916.24
2026-09-08,Eficiência Energética,25000.0,78,411.54,8.9,7.65,32540.12
2026-09-08,Eficiência Energética,25000.0,84,389.76,8.9,7.7,33179.84
2026-09-08,Eficiência Energética,30000.0,54,659.8,8.9,7.45,36157.2
2026-09-08,Eficiência Energética,30000.0,60,605.43,8.9,7.5,36853.8
2026-09-08,Eficiência Energética,30000.0,66,561.21,8.9,7.55,37567.86
2026-09-08,Eficiência Energética,30000.0,72,524.6,8.9,7.6,38299.2
2026-09-08,Eficiência Energética,30000.0,78,493.85,8.9,7.65,39048.3
2026-09-08,Eficiência Energética,30000.0,84,467.71,8.9,7.7,39815.64
2026-09-08,Eficiência Energética,35000.0,54,769.77,8.9,7.45,42183.58
2026-09-08,Eficiência Energética,35000.0,60,706.33,8.9,7.5,42995.8
2026-09-08,Eficiência Energética,35000.0,66,654.74,8.9,7.55,43828.84
2026-09-08,Eficiência Energética,35000.0,72,612.03,8.9,7.6,44682.16
2026-09-08,Eficiência Energética,35000.0,78,576.16,8.9,7.65,45556.48
2026-09-08,Eficiência Energética,35000.0,84,545.66,8.9,7.7,46451.44
2026-09-08,Eficiência Energética,40000.0,54,879.73,8.9,7.45,48209.42
2026-09-08,Eficiência Energética,40000.0,60,807.24,8.9,7.5,49138.4
2026-09-08,Eficiência Energética,40000.0,66,748.27,8.9,7.55,50089.82
2026-09-08,Eficiência Energética,40000.0,72,699.46,8.9,7.6,51065.12
2026-09-08,Eficiência Energética,40000.0,78,658.46,8.9,7.65,52063.88
2026-09-08,Eficiência Energética,40000.0,84,623.61,8.9,7.7,53087.24
2026-09-08,Eficiência Energética,45000.0,54,989.7,8.9,7.45,54235.8
2026-09-08,Eficiência Energética,45000.0,60,908.14,8.9,7.5,55280.4
2026-09-08,Eficiência Energética,45000.0,66,841.81,8.9,7.55,56351.46
2026-09-08,Eficiência Energética,45000.0,72,786.89,8.9,7.6,57448.08
2026-09-08,Eficiência Energética,45000.0,78,740.77,8.9,7.65,58572.06
2026-09-08,Eficiência Energética,45000.0,84,701.56,8.9,7.7,59723.04
2026-09-08,Eficiência Energética,50000.0,54,1099.66,8.9,7.45,60261.64
2026-09-08,Eficiência Energética,50000.0,60,1009.05,8.9,7.5,61423.0
2026-09-08,Eficiência Energética,50000.0,66,935.34,8.9,7.55,62612.44
2026-09-08,Eficiência Energética,50000.0,72,874.33,8.9,7.6,63831.76
2026-09-08,Eficiência Energética,50000.0,78,823.08,8.9,7.65,65080.24
2026-09-08,Eficiência Energética,50000.0,84,779.52,8.9,7.7,66359.68
2026-09-09,Pagar Despesas / Férias e Lazer,5000.0,54,124.03,15.3,12.97,6785.62
2026-09-09,Pagar Despesas / Férias e Lazer,5000.0,60,115.24,15.3,13.05,7002.4
2026-09-09,Pagar Despesas / Férias e Lazer,5000.0,66,108.09,15.3,13.11,7221.94
2026-09-09,Pagar Despesas / Férias e Lazer,5000.0,72,102.17,15.3,13.15,7444.24
2026-09-09,Pagar Despesas / Férias e Lazer,5000.0,78,97.25,15.3,13.2,7673.5
2026-09-09,Pagar Despesas / Férias e Lazer,5000.0,84,93.04,15.3,13.23,7903.36
2026-09-09,Pagar Despesas / Férias e Lazer,10000.0,54,248.05,15.3,12.97,13570.7
2026-09-09,Pagar Despesas / Férias e Lazer,10000.0,60,229.35,15.1,12.84,13937.0
2026-09-09,Pagar Despesas / Férias e Lazer,10000.0,66,213.2,14.7,12.56,14247.2
2026-09-09,Pagar Despesas / Férias e Lazer,10000.0,72,200.2,14.4,12.4,14590.4
2026-09-09,Pagar Despesas / Férias e Lazer,10000.0,78,188.18,14.0,12.07,14854.04
2026-09-09,Pagar Despesas / Férias e Lazer,10000.0,84,174.21,12.8,11.12,14809.64
2026-09-09,Pagar Despesas / Férias e Lazer,15000.0,54,372.08,15.3,12.97,20356.32
2026-09-09,Pagar Despesas / Férias e Lazer,15000.0,60,344.02,15.1,12.84,20905.2
2026-09-09,Pagar Despesas / Férias e Lazer,15000.0,66,319.79,14.7,12.56,21370.14
2026-09-09,Pagar Despesas / Férias e Lazer,15000.0,72,300.29,14.4,12.4,21884.88
2026-09-09,Pagar Despesas / Férias e Lazer,15000.0,78,282.27,14.0,12.07,22281.06
2026-09-09,Pagar Despesas / Férias e Lazer,15000.0,84,259.91,12.6,10.95,22096.44
2026-09-09,Pagar Despesas / Férias e Lazer,20000.0,54,496.1,15.3,12.97,27141.4
2026-09-09,Pagar Despesas / Férias e Lazer,20000.0,60,458.69,15.1,12.84,27873.4
2026-09-09,Pagar Despesas / Férias e Lazer,20000.0,66,426.39,14.7,12.56,28493.74
2026-09-09,Pagar Despesas / Férias e Lazer,20000.0,72,400.39,14.4,12.4,29180.08
2026-09-09,Pagar Despesas / Férias e Lazer,20000.0,78,376.36,14.0,12.07,29708.08
2026-09-09,Pagar Despesas / Férias e Lazer,20000.0,84,346.55,12.6,10.95,29462.2
2026-09-09,Pagar Despesas / Férias e Lazer,25000.0,54,620.12,15.3,12.97,33926.48
2026-09-09,Pagar Despesas / Férias e Lazer,25000.0,60,573.37,15.1,12.84,34842.2
2026-09-09,Pagar Despesas / Férias e Lazer,25000.0,66,532.99,14.7,12.56,35617.34
2026-09-09,Pagar Despesas / Férias e Lazer,25000.0,72,500.49,14.4,12.4,36475.28
2026-09-09,Pagar Despesas / Férias e Lazer,25000.0,78,470.45,14.0,12.07,37135.1
2026-09-09,Pagar Despesas / Férias e Lazer,25000.0,84,433.18,12.6,10.95,36827.12
2026-09-09,Pagar Despesas / Férias e Lazer,30000.0,54,744.15,15.3,12.97,40712.1
2026-09-09,Pagar Despesas / Férias e Lazer,30000.0,60,688.04,15.1,12.84,41810.4
2026-09-09,Pagar Despesas / Férias e Lazer,30000.0,66,639.58,14.7,12.56,42740.28
2026-09-09,Pagar Despesas / Férias e Lazer,30000.0,72,600.58,14.4,12.4,43769.76
2026-09-09,Pagar Despesas / Férias e Lazer,30000.0,78,564.54,14.0,12.07,44562.12
2026-09-09,Pagar Despesas / Férias e Lazer,30000.0,84,519.82,12.6,10.95,44192.88
2026-09-09,Pagar Despesas / Férias e Lazer,35000.0,54,868.17,15.3,12.97,47497.18
2026-09-09,Pagar Despesas / Férias e Lazer,35000.0,60,802.71,15.1,12.84,48778.6
2026-09-09,Pagar Despesas / Férias e Lazer,35000.0,66,746.18,14.7,12.56,49863.88
2026-09-09,Pagar Despesas / Férias e Lazer,35000.0,72,700.68,14.4,12.4,51064.96
2026-09-09,Pagar Despesas / Férias e Lazer,35000.0,78,658.62,14.0,12.07,51988.36
2026-09-09,Pagar Despesas / Férias e Lazer,35000.0,84,606.45,12.6,10.95,51557.8
2026-09-09,Pagar Despesas / Férias e Lazer,40000.0,54,992.19,15.3,12.97,54282.26
2026-09-09,Pagar Despesas / Férias e Lazer,40000.0,60,917.38,15.1,12.84,55746.8
2026-09-09,Pagar Despesas / Férias e Lazer,40000.0,66,852.77,14.7,12.56,56986.82
2026-09-09,Pagar Despesas / Férias e Lazer,40000.0,72,800.78,14.4,12.4,58360.16
2026-09-09,Pagar Despesas / Férias e Lazer,40000.0,78,752.71,14.0,12.07,59415.38
2026-09-09,Pagar Despesas / Férias e Lazer,40000.0,84,693.09,12.6,10.95,58923.56
2026-09-09,Pagar Despesas / Férias e Lazer,45000.0,54,1116.22,15.3,12.97,61067.88
2026-09-09,Pagar Despesas / Férias e Lazer,45000.0,60,1032.06,15.1,12.84,62715.6
2026-09-09,Pagar Despesas / Férias e Lazer,45000.0,66,959.37,14.7,12.56,64110.42
2026-09-09,Pagar Despesas / Férias e Lazer,45000.0,72,900.87,14.4,12.4,65654.64
2026-09-09,Pagar Despesas / Férias e Lazer,45000.0,78,846.8,14.0,12.07,66842.4
2026-09-09,Pagar Despesas / Férias e Lazer,45000.0,84,779.73,12.6,10.95,66289.32
2026-09-09,Pagar Despesas / Férias e Lazer,50000.0,54,1240.24,15.3,12.97,67852.96
2026-09-09,Pagar Despesas / Férias e Lazer,50000.0,60,1146.73,15.1,12.84,69683.8
2026-09-09,Pagar Despesas / Férias e Lazer,50000.0,66,1065.97,14.7,12.56,71234.02
2026-09-09,Pagar Despesas / Férias e Lazer,50000.0,72,1000.97,14.4,12.4,72949.84
2026-09-09,Pagar Despesas / Férias e Lazer,50000.0,78,940.89,14.0,12.07,74269.42
2026-09-09,Pagar Despesas / Férias e Lazer,50000.0,84,866.36,12.6,10.95,73654.24
2026-09-09,Lar e Recheio,5000.0,24,236.62,15.3,12.05,5766.88
2026-09-09,Lar e Recheio,5000.0,30,195.79,15.3,12.37,5961.7
2026-09-09,Lar e Recheio,5000.0,36,168.68,15.3,12.58,6160.48
2026-09-09,Lar e Recheio,5000.0,42,149.4,15.3,12.73,6362.8
2026-09-09,Lar e Recheio,5000.0,48,135.05,15.3,12.85,6570.4
2026-09-09,Lar e Recheio,5000.0,54,124.03,15.3,12.97,6785.62
2026-09-09,Lar e Recheio,5000.0,60,115.24,15.3,13.05,7002.4
2026-09-09,Lar e Recheio,5000.0,66,108.09,15.3,13.11,7221.94
2026-09-09,Lar e Recheio,5000.0,72,102.17,15.3,13.15,7444.24
2026-09-09,Lar e Recheio,5000.0,78,97.25,15.3,13.2,7673.5
2026-09-09,Lar e Recheio,5000.0,84,93.04,15.3,13.23,7903.36
2026-09-09,Lar e Recheio,10000.0,24,473.23,15.3,12.05,11533.52
2026-09-09,Lar e Recheio,10000.0,30,391.58,15.3,12.37,11923.4
2026-09-09,Lar e Recheio,10000.0,36,337.35,15.3,12.58,12320.6
2026-09-09,Lar e Recheio,10000.0,42,298.8,15.3,12.73,12725.6
2026-09-09,Lar e Recheio,10000.0,48,270.09,15.3,12.85,13140.32
2026-09-09,Lar e Recheio,10000.0,54,248.05,15.3,12.97,13570.7
2026-09-09,Lar e Recheio,10000.0,60,229.35,15.1,12.84,13937.0
2026-09-09,Lar e Recheio,10000.0,66,213.2,14.7,12.56,14247.2
2026-09-09,Lar e Recheio,10000.0,72,200.2,14.4,12.4,14590.4
2026-09-09,Lar e Recheio,10000.0,78,188.18,14.0,12.07,14854.04
2026-09-09,Lar e Recheio,10000.0,84,174.21,12.8,11.12,14809.64
2026-09-09,Lar e Recheio,15000.0,24,709.84,15.3,12.05,17300.16
2026-09-09,Lar e Recheio,15000.0,30,587.37,15.3,12.37,17885.1
2026-09-09,Lar e Recheio,15000.0,36,506.02,15.3,12.58,18480.72
2026-09-09,Lar e Recheio,15000.0,42,448.19,15.3,12.73,19087.98
2026-09-09,Lar e Recheio,15000.0,48,405.13,15.3,12.85,19710.24
2026-09-09,Lar e Recheio,15000.0,54,372.08,15.3,12.97,20356.32
2026-09-09,Lar e Recheio,15000.0,60,344.02,15.1,12.84,20905.2
2026-09-09,Lar e Recheio,15000.0,66,319.79,14.7,12.56,21370.14
2026-09-09,Lar e Recheio,15000.0,72,300.29,14.4,12.4,21884.88
2026-09-09,Lar e Recheio,15000.0,78,282.27,14.0,12.07,22281.06
2026-09-09,Lar e Recheio,15000.0,84,259.91,12.6,10.95,22096.44
2026-09-09,Lar e Recheio,20000.0,24,946.45,15.3,12.05,23066.8
2026-09-09,Lar e Recheio,20000.0,30,783.15,15.3,12.37,23846.5
2026-09-09,Lar e Recheio,20000.0,36,674.69,15.3,12.58,24640.84
2026-09-09,Lar e Recheio,20000.0,42,597.59,15.3,12.73,25450.78
2026-09-09,Lar e Recheio,20000.0,48,540.18,15.3,12.85,26280.64
2026-09-09,Lar e Recheio,20000.0,54,496.1,15.3,12.97,27141.4
2026-09-09,Lar e Recheio,20000.0,60,458.69,15.1,12.84,27873.4
2026-09-09,Lar e Recheio,20000.0,66,426.39,14.7,12.56,28493.74
2026-09-09,Lar e Recheio,20000.0,72,400.39,14.4,12.4,29180.08
2026-09-09,Lar e Recheio,20000.0,78,376.36,14.0,12.07,29708.08
2026-09-09,Lar e Recheio,20000.0,84,346.55,12.6,10.95,29462.2
2026-09-09,Lar e Recheio,25000.0,24,1183.06,15.3,12.05,28833.44
2026-09-09,Lar e Recheio,25000.0,30,978.94,15.3,12.37,29808.2
2026-09-09,Lar e Recheio,25000.0,36,843.36,15.3,12.58,30800.96
2026-09-09,Lar e Recheio,25000.0,42,746.98,15.3,12.73,31813.16
2026-09-09,Lar e Recheio,25000.0,48,675.22,15.3,12.85,32850.56
2026-09-09,Lar e Recheio,25000.0,54,620.12,15.3,12.97,33926.48
2026-09-09,Lar e Recheio,25000.0,60,573.37,15.1,12.84,34842.2
2026-09-09,Lar e Recheio,25000.0,66,532.99,14.7,12.56,35617.34
2026-09-09,Lar e Recheio,25000.0,72,500.49,14.4,12.4,36475.28
2026-09-09,Lar e Recheio,25000.0,78,470.45,14.0,12.07,37135.1
2026-09-09,Lar e Recheio,25000.0,84,433.18,12.6,10.95,36827.12
2026-09-09,Lar e Recheio,30000.0,24,1419.67,15.3,12.05,34600.08
2026-09-09,Lar e Recheio,30000.0,30,1174.73,15.3,12.37,35769.9
2026-09-09,Lar e Recheio,30000.0,36,1012.03,15.3,12.58,36961.08
2026-09-09,Lar e Recheio,30000.0,42,896.38,15.3,12.73,38175.96
2026-09-09,Lar e Recheio,30000.0,48,810.26,15.3,12.85,39420.48
2026-09-09,Lar e Recheio,30000.0,54,744.15,15.3,12.97,40712.1
2026-09-09,Lar e Recheio,30000.0,60,688.04,15.1,12.84,41810.4
2026-09-09,Lar e Recheio,30000.0,66,639.58,14.7,12.56,42740.28
2026-09-09,Lar e Recheio,30000.0,72,600.58,14.4,12.4,43769.76
2026-09-09,Lar e Recheio,30000.0,78,564.54,14.0,12.07,44562.12
2026-09-09,Lar e Recheio,30000.0,84,519.82,12.6,10.95,44192.88
2026-09-09,Lar e Recheio,35000.0,24,1656.29,15.3,12.05,40366.96
2026-09-09,Lar e Recheio,35000.0,30,1370.51,15.3,12.37,41731.3
2026-09-09,Lar e Recheio,35000.0,36,1180.7,15.3,12.58,43121.2
2026-09-09,Lar e Recheio,35000.0,42,1045.78,15.3,12.73,44538.76
2026-09-09,Lar e Recheio,35000.0,48,945.3,15.3,12.85,45990.4
2026-09-09,Lar e Recheio,35000.0,54,868.17,15.3,12.97,47497.18
2026-09-09,Lar e Recheio,35000.0,60,802.71,15.1,12.84,48778.6
2026-09-09,Lar e Recheio,35000.0,66,746.18,14.7,12.56,49863.88
2026-09-09,Lar e Recheio,35000.0,72,700.68,14.4,12.4,51064.96
2026-09-09,Lar e Recheio,35000.0,78,658.62,14.0,12.07,51988.36
2026-09-09,Lar e Recheio,35000.0,84,606.45,12.6,10.95,51557.8
2026-09-09,Lar e Recheio,40000.0,24,1892.9,15.3,12.05,46133.6
2026-09-09,Lar e Recheio,40000.0,30,1566.3,15.3,12.37,47693.0
2026-09-09,Lar e Recheio,40000.0,36,1349.37,15.3,12.58,49281.32
2026-09-09,Lar e Recheio,40000.0,42,1195.17,15.3,12.73,50901.14
2026-09-09,Lar e Recheio,40000.0,48,1080.35,15.3,12.85,52560.8
2026-09-09,Lar e Recheio,40000.0,54,992.19,15.3,12.97,54282.26
2026-09-09,Lar e Recheio,40000.0,60,917.38,15.1,12.84,55746.8
2026-09-09,Lar e Recheio,40000.0,66,852.77,14.7,12.56,56986.82
2026-09-09,Lar e Recheio,40000.0,72,800.78,14.4,12.4,58360.16
2026-09-09,Lar e Recheio,40000.0,78,752.71,14.0,12.07,59415.38
2026-09-09,Lar e Recheio,40000.0,84,693.09,12.6,10.95,58923.56
2026-09-09,Lar e Recheio,45000.0,24,2129.51,15.3,12.05,51900.24
2026-09-09,Lar e Recheio,45000.0,30,1762.09,15.3,12.37,53654.7
2026-09-09,Lar e Recheio,45000.0,36,1518.04,15.3,12.58,55441.44
2026-09-09,Lar e Recheio,45000.0,42,1344.57,15.3,12.73,57263.94
2026-09-09,Lar e Recheio,45000.0,48,1215.39,15.3,12.85,59130.72
2026-09-09,Lar e Recheio,45000.0,54,1116.22,15.3,12.97,61067.88
2026-09-09,Lar e Recheio,45000.0,60,1032.06,15.1,12.84,62715.6
2026-09-09,Lar e Recheio,45000.0,66,959.37,14.7,12.56,64110.42
2026-09-09,Lar e Recheio,45000.0,72,900.87,14.4,12.4,65654.64
2026-09-09,Lar e Recheio,45000.0,78,846.8,14.0,12.07,66842.4
2026-09-09,Lar e Recheio,45000.0,84,779.73,12.6,10.95,66289.32
2026-09-09,Lar e Recheio,50000.0,24,2366.12,15.3,12.05,57666.88
2026-09-09,Lar e Recheio,50000.0,30,1957.87,15.3,12.37,59616.1
2026-09-09,Lar e Recheio,50000.0,36,1686.71,15.3,12.58,61601.56
2026-09-09,Lar e Recheio,50000.0,42,1493.96,15.3,12.73,63626.32
2026-09-09,Lar e Recheio,50000.0,48,1350.43,15.3,12.85,65700.64
2026-09-09,Lar e Recheio,50000.0,54,1240.24,15.3,12.97,67852.96
2026-09-09,Lar e Recheio,50000.0,60,1146.73,15.1,12.84,69683.8
2026-09-09,Lar e Recheio,50000.0,66,1065.97,14.7,12.56,71234.02
2026-09-09,Lar e Recheio,50000.0,72,1000.97,14.4,12.4,72949.84
2026-09-09,Lar e Recheio,50000.0,78,940.89,14.0,12.07,74269.42
2026-09-09,Lar e Recheio,50000.0,84,866.36,12.6,10.95,73654.24
2026-09-09,Formação,2500.0,24,111.72,8.9,6.55,2725.28
2026-09-09,Formação,2500.0,30,91.24,8.9,6.86,2781.2
2026-09-09,Formação,2500.0,36,77.61,8.9,7.08,2837.96
2026-09-09,Formação,2500.0,42,67.88,8.9,7.22,2894.96
2026-09-09,Formação,2500.0,48,60.61,8.9,7.34,2953.28
2026-09-09,Formação,2500.0,54,54.96,8.9,7.43,3011.84
2026-09-09,Formação,2500.0,60,50.46,8.9,7.5,3071.6
2026-09-09,Formação,2500.0,66,46.8,8.9,7.57,3132.8
2026-09-09,Formação,2500.0,72,43.73,8.9,7.61,3192.56
2026-09-09,Formação,5000.0,24,223.44,8.9,6.55,5450.56
2026-09-09,Formação,5000.0,30,182.47,8.9,6.86,5562.1
2026-09-09,Formação,5000.0,36,155.22,8.9,7.08,5675.92
2026-09-09,Formação,5000.0,42,135.75,8.9,7.22,5789.5
2026-09-09,Formação,5000.0,48,121.21,8.9,7.34,5906.08
2026-09-09,Formação,5000.0,54,109.92,8.9,7.43,6023.68
2026-09-09,Formação,5000.0,60,100.91,8.9,7.5,6142.6
2026-09-09,Formação,5000.0,66,93.59,8.9,7.57,6264.94
2026-09-09,Formação,5000.0,72,87.46,8.9,7.61,6385.12
2026-09-09,Formação,5000.0,78,82.31,8.9,7.65,6508.18
2026-09-09,Formação,5000.0,84,77.93,8.9,7.69,6634.12
2026-09-09,Formação,10000.0,24,446.88,8.9,6.55,10901.12
2026-09-09,Formação,10000.0,30,364.94,8.9,6.86,11124.2
2026-09-09,Formação,10000.0,36,310.44,8.9,7.08,11351.84
2026-09-09,Formação,10000.0,42,271.5,8.9,7.22,11579.0
2026-09-09,Formação,10000.0,48,242.42,8.9,7.34,11812.16
2026-09-09,Formação,10000.0,54,219.84,8.9,7.43,12047.36
2026-09-09,Formação,10000.0,60,201.81,8.9,7.5,12284.6
2026-09-09,Formação,10000.0,66,187.17,8.9,7.57,12529.22
2026-09-09,Formação,10000.0,72,174.92,8.9,7.61,12770.24
2026-09-09,Formação,10000.0,78,164.62,8.9,7.65,13016.36
2026-09-09,Formação,10000.0,84,155.86,8.9,7.69,13268.24
2026-09-09,Formação,10000.0,90,148.27,8.9,7.72,13520.3
2026-09-09,Formação,10000.0,96,141.68,8.9,7.75,13777.28
2026-09-09,Formação,10000.0,102,135.91,8.9,7.78,14038.82
2026-09-09,Formação,10000.0,108,130.77,8.9,7.8,14299.16
2026-09-09,Formação,10000.0,114,126.21,8.9,7.82,14563.94
2026-09-09,Formação,10000.0,120,122.09,8.9,7.83,14826.8
2026-09-09,Formação,15000.0,24,670.32,8.9,6.55,16351.68
2026-09-09,Formação,15000.0,30,547.4,8.9,6.86,16686.0
2026-09-09,Formação,15000.0,36,465.66,8.9,7.08,17027.76
2026-09-09,Formação,15000.0,42,407.24,8.9,7.22,17368.08
2026-09-09,Formação,15000.0,48,363.62,8.9,7.34,17717.76
2026-09-09,Formação,15000.0,54,329.76,8.9,7.43,18071.04
2026-09-09,Formação,15000.0,60,302.72,8.9,7.5,18427.2
2026-09-09,Formação,15000.0,66,280.76,8.9,7.57,18794.16
2026-09-09,Formação,15000.0,72,262.38,8.9,7.61,19155.36
2026-09-09,Formação,15000.0,78,246.93,8.9,7.65,19524.54
2026-09-09,Formação,15000.0,84,233.78,8.9,7.69,19901.52
2026-09-09,Formação,15000.0,90,222.4,8.9,7.72,20280.0
2026-09-09,Formação,15000.0,96,212.51,8.9,7.75,20664.96
2026-09-09,Formação,15000.0,102,203.86,8.9,7.78,21057.72
2026-09-09,Formação,15000.0,108,196.16,8.9,7.8,21449.28
2026-09-09,Formação,15000.0,114,189.32,8.9,7.82,21846.48
2026-09-09,Formação,15000.0,120,183.13,8.9,7.83,22239.6
2026-09-09,Formação,20000.0,24,893.75,8.9,6.55,21802.0
2026-09-09,Formação,20000.0,30,729.87,8.9,6.86,22248.1
2026-09-09,Formação,20000.0,36,620.87,8.9,7.08,22703.32
2026-09-09,Formação,20000.0,42,542.99,8.9,7.22,23157.58
2026-09-09,Formação,20000.0,48,484.83,8.9,7.34,23623.84
2026-09-09,Formação,20000.0,54,439.67,8.9,7.43,24094.18
2026-09-09,Formação,20000.0,60,403.62,8.9,7.5,24569.2
2026-09-09,Formação,20000.0,66,374.34,8.9,7.57,25058.44
2026-09-09,Formação,20000.0,72,349.83,8.9,7.61,25539.76
2026-09-09,Formação,20000.0,78,329.23,8.9,7.65,26031.94
2026-09-09,Formação,20000.0,84,311.71,8.9,7.69,26535.64
2026-09-09,Formação,20000.0,90,296.53,8.9,7.72,27039.7
2026-09-09,Formação,20000.0,96,283.35,8.9,7.75,27553.6
2026-09-09,Formação,20000.0,102,271.81,8.9,7.78,28076.62
2026-09-09,Formação,20000.0,108,261.54,8.9,7.8,28598.32
2026-09-09,Formação,20000.0,114,252.42,8.9,7.82,29127.88
2026-09-09,Formação,20000.0,120,244.18,8.9,7.83,29653.6
2026-09-09,Eficiência Energética,10000.0,84,155.91,8.9,7.7,13272.44
2026-09-09,Eficiência Energética,15000.0,54,329.9,8.9,7.45,18078.6
2026-09-09,Eficiência Energética,15000.0,60,302.72,8.9,7.5,18427.2
2026-09-09,Eficiência Energética,15000.0,66,280.61,8.9,7.55,18784.26
2026-09-09,Eficiência Energética,15000.0,72,262.3,8.9,7.6,19149.6
2026-09-09,Eficiência Energética,15000.0,78,246.93,8.9,7.65,19524.54
2026-09-09,Eficiência Energética,15000.0,84,233.86,8.9,7.7,19908.24
2026-09-09,Eficiência Energética,20000.0,54,439.87,8.9,7.45,24104.98
2026-09-09,Eficiência Energética,20000.0,60,403.62,8.9,7.5,24569.2
2026-09-09,Eficiência Energética,20000.0,66,374.14,8.9,7.55,25045.24
2026-09-09,Eficiência Energética,20000.0,72,349.73,8.9,7.6,25532.56
2026-09-09,Eficiência Energética,20000.0,78,329.23,8.9,7.65,26031.94
2026-09-09,Eficiência Energética,20000.0,84,311.81,8.9,7.7,26544.04
2026-09-09,Eficiência Energética,25000.0,54,549.83,8.9,7.45,30130.82
2026-09-09,Eficiência Energética,25000.0,60,504.53,8.9,7.5,30711.8
2026-09-09,Eficiência Energética,25000.0,66,467.67,8.9,7.55,31306.22
2026-09-09,Eficiência Energética,25000.0,72,437.17,8.9,7.6,31916.24
2026-09-09,Eficiência Energética,25000.0,78,411.54,8.9,7.65,32540.12
2026-09-09,Eficiência Energética,25000.0,84,389.76,8.9,7.7,33179.84
2026-09-09,Eficiência Energética,30000.0,54,659.8,8.9,7.45,36157.2
2026-09-09,Eficiência Energética,30000.0,60,605.43,8.9,7.5,36853.8
2026-09-09,Eficiência Energética,30000.0,66,561.21,8.9,7.55,37567.86
2026-09-09,Eficiência Energética,30000.0,72,524.6,8.9,7.6,38299.2
2026-09-09,Eficiência Energética,30000.0,78,493.85,8.9,7.65,39048.3
2026-09-09,Eficiência Energética,30000.0,84,467.71,8.9,7.7,39815.64
2026-09-09,Eficiência Energética,35000.0,54,769.77,8.9,7.45,42183.58
2026-09-09,Eficiência Energética,35000.0,60,706.33,8.9,7.5,42995.8
2026-09-09,Eficiência Energética,35000.0,66,654.74,8.9,7.55,43828.84
2026-09-09,Eficiência Energética,35000.0,72,612.03,8.9,7.6,44682.16
2026-09-09,Eficiência Energética,35000.0,78,576.16,8.9,7.65,45556.48
2026-09-09,Eficiência Energética,35000.0,84,545.66,8.9,7.7,46451.44
2026-09-09,Eficiência Energética,40000.0,54,879.73,8.9,7.45,48209.42
2026-09-09,Eficiência Energética,40000.0,60,807.24,8.9,7.5,49138.4
2026-09-09,Eficiência Energética,40000.0,66,748.27,8.9,7.55,50089.82
2026-09-09,Eficiência Energética,40000.0,72,699.46,8.9,7.6,51065.12
2026-09-09,Eficiência Energética,40000.0,78,658.46,8.9,7.65,52063.88
2026-09-09,Eficiência Energética,40000.0,84,623.61,8.9,7.7,53087.24
2026-09-09,Eficiência Energética,45000.0,54,989.7,8.9,7.45,54235.8
2026-09-09,Eficiência Energética,45000.0,60,908.14,8.9,7.5,55280.4
2026-09-09,Eficiência Energética,45000.0,66,841.81,8.9,7.55,56351.46
2026-09-09,Eficiência Energética,45000.0,72,786.89,8.9,7.6,57448.08
2026-09-09,Eficiência Energética,45000.0,78,740.77,8.9,7.65,58572.06
2026-09-09,Eficiência Energética,45000.0,84,701.56,8.9,7.7,59723.04
2026-09-09,Eficiência Energética,50000.0,54,1099.66,8.9,7.45,60261.64
2026-09-09,Eficiência Energética,50000.0,60,1009.05,8.9,7.5,61423.0
2026-09-09,Eficiência Energética,50000.0,66,935.34,8.9,7.55,62612.44
2026-09-09,Eficiência Energética,50000.0,72,874.33,8.9,7.6,63831.76
2026-09-09,Eficiência Energética,50000.0,78,823.08,8.9,7.65,65080.24
2026-09-09,Eficiência Energética,50000.0,84,779.52,8.9,7.7,66359.68
2026-09-10,Pagar Despesas / Férias e Lazer,5000.0,54,124.03,15.3,12.97,6785.62
2026-09-10,Pagar Despesas / Férias e Lazer,5000.0,60,115.24,15.3,13.05,7002.4
2026-09-10,Pagar Despesas / Férias e Lazer,5000.0,66,108.09,15.3,13.11,7221.94
2026-09-10,Pagar Despesas / Férias e Lazer,5000.0,72,102.17,15.3,13.15,7444.24
2026-09-10,Pagar Despesas / Férias e Lazer,5000.0,78,97.25,15.3,13.2,7673.5
2026-09-10,Pagar Despesas / Férias e Lazer,5000.0,84,93.04,15.3,13.23,7903.36
2026-09-10,Pagar Despesas / Férias e Lazer,10000.0,54,248.05,15.3,12.97,13570.7
2026-09-10,Pagar Despesas / Férias e Lazer,10000.0,60,229.35,15.1,12.84,13937.0
2026-09-10,Pagar Despesas / Férias e Lazer,10000.0,66,213.2,14.7,12.56,14247.2
2026-09-10,Pagar Despesas / Férias e Lazer,10000.0,72,200.2,14.4,12.4,14590.4
2026-09-10,Pagar Despesas / Férias e Lazer,10000.0,78,188.18,14.0,12.07,14854.04
2026-09-10,Pagar Despesas / Férias e Lazer,10000.0,84,174.21,12.8,11.12,14809.64
2026-09-10,Pagar Despesas / Férias e Lazer,15000.0,54,372.08,15.3,12.97,20356.32
2026-09-10,Pagar Despesas / Férias e Lazer,15000.0,60,344.02,15.1,12.84,20905.2
2026-09-10,Pagar Despesas / Férias e Lazer,15000.0,66,319.79,14.7,12.56,21370.14
2026-09-10,Pagar Despesas / Férias e Lazer,15000.0,72,300.29,14.4,12.4,21884.88
2026-09-10,Pagar Despesas / Férias e Lazer,15000.0,78,282.27,14.0,12.07,22281.06
2026-09-10,Pagar Despesas / Férias e Lazer,15000.0,84,259.91,12.6,10.95,22096.44
2026-09-10,Pagar Despesas / Férias e Lazer,20000.0,54,496.1,15.3,12.97,27141.4
2026-09-10,Pagar Despesas / Férias e Lazer,20000.0,60,458.69,15.1,12.84,27873.4
2026-09-10,Pagar Despesas / Férias e Lazer,20000.0,66,426.39,14.7,12.56,28493.74
2026-09-10,Pagar Despesas / Férias e Lazer,20000.0,72,400.39,14.4,12.4,29180.08
2026-09-10,Pagar Despesas / Férias e Lazer,20000.0,78,376.36,14.0,12.07,29708.08
2026-09-10,Pagar Despesas / Férias e Lazer,20000.0,84,346.55,12.6,10.95,29462.2
2026-09-10,Pagar Despesas / Férias e Lazer,25000.0,54,620.12,15.3,12.97,33926.48
2026-09-10,Pagar Despesas / Férias e Lazer,25000.0,60,573.37,15.1,12.84,34842.2
2026-09-10,Pagar Despesas / Férias e Lazer,25000.0,66,532.99,14.7,12.56,35617.34
2026-09-10,Pagar Despesas / Férias e Lazer,25000.0,72,500.49,14.4,12.4,36475.28
2026-09-10,Pagar Despesas / Férias e Lazer,25000.0,78,470.45,14.0,12.07,37135.1
2026-09-10,Pagar Despesas / Férias e Lazer,25000.0,84,433.18,12.6,10.95,36827.12
2026-09-10,Pagar Despesas / Férias e Lazer,30000.0,54,744.15,15.3,12.97,40712.1
2026-09-10,Pagar Despesas / Férias e Lazer,30000.0,60,688.04,15.1,12.84,41810.4
2026-09-10,Pagar Despesas / Férias e Lazer,30000.0,66,639.58,14.7,12.56,42740.28
2026-09-10,Pagar Despesas / Férias e Lazer,30000.0,72,600.58,14.4,12.4,43769.76
2026-09-10,Pagar Despesas / Férias e Lazer,30000.0,78,564.54,14.0,12.07,44562.12
2026-09-10,Pagar Despesas / Férias e Lazer,30000.0,84,519.82,12.6,10.95,44192.88
2026-09-10,Pagar Despesas / Férias e Lazer,35000.0,54,868.17,15.3,12.97,47497.18
2026-09-10,Pagar Despesas / Férias e Lazer,35000.0,60,802.71,15.1,12.84,48778.6
2026-09-10,Pagar Despesas / Férias e Lazer,35000.0,66,746.18,14.7,12.56,49863.88
2026-09-10,Pagar Despesas / Férias e Lazer,35000.0,72,700.68,14.4,12.4,51064.96
2026-09-10,Pagar Despesas / Férias e Lazer,35000.0,78,658.62,14.0,12.07,51988.36
2026-09-10,Pagar Despesas / Férias e Lazer,35000.0,84,606.45,12.6,10.95,51557.8
2026-09-10,Pagar Despesas / Férias e Lazer,40000.0,54,992.19,15.3,12.97,54282.26
2026-09-10,Pagar Despesas / Férias e Lazer,40000.0,60,917.38,15.1,12.84,55746.8
2026-09-10,Pagar Despesas / Férias e Lazer,40000.0,66,852.77,14.7,12.56,56986.82
2026-09-10,Pagar Despesas / Férias e Lazer,40000.0,72,800.78,14.4,12.4,58360.16
2026-09-10,Pagar Despesas / Férias e Lazer,40000.0,78,752.71,14.0,12.07,59415.38
2026-09-10,Pagar Despesas / Férias e Lazer,40000.0,84,693.09,12.6,10.95,58923.56
2026-09-10,Pagar Despesas / Férias e Lazer,45000.0,54,1116.22,15.3,12.97,61067.88
2026-09-10,Pagar Despesas / Férias e Lazer,45000.0,60,1032.06,15.1,12.84,62715.6
2026-09-10,Pagar Despesas / Férias e Lazer,45000.0,66,959.37,14.7,12.56,64110.42
2026-09-10,Pagar Despesas / Férias e Lazer,45000.0,72,900.87,14.4,12.4,65654.64
2026-09-10,Pagar Despesas / Férias e Lazer,45000.0,78,846.8,14.0,12.07,66842.4
2026-09-10,Pagar Despesas / Férias e Lazer,45000.0,84,779.73,12.6,10.95,66289.32
2026-09-10,Pagar Despesas / Férias e Lazer,50000.0,54,1240.24,15.3,12.97,67852.96
2026-09-10,Pagar Despesas / Férias e Lazer,50000.0,60,1146.73,15.1,12.84,69683.8
2026-09-10,Pagar Despesas / Férias e Lazer,50000.0,66,1065.97,14.7,12.56,71234.02
2026-09-10,Pagar Despesas / Férias e Lazer,50000.0,72,1000.97,14.4,12.4,72949.84
2026-09-10,Pagar Despesas / Férias e Lazer,50000.0,78,940.89,14.0,12.07,74269.42
2026-09-10,Pagar Despesas / Férias e Lazer,50000.0,84,866.36,12.6,10.95,73654.24
2026-09-10,Lar e Recheio,5000.0,24,236.62,15.3,12.05,5766.88
2026-09-10,Lar e Recheio,5000.0,30,195.79,15.3,12.37,5961.7
2026-09-10,Lar e Recheio,5000.0,36,168.68,15.3,12.58,6160.48
2026-09-10,Lar e Recheio,5000.0,42,149.4,15.3,12.73,6362.8
2026-09-10,Lar e Recheio,5000.0,48,135.05,15.3,12.85,6570.4
2026-09-10,Lar e Recheio,5000.0,54,124.03,15.3,12.97,6785.62
2026-09-10,Lar e Recheio,5000.0,60,115.24,15.3,13.05,7002.4
2026-09-10,Lar e Recheio,5000.0,66,108.09,15.3,13.11,7221.94
2026-09-10,Lar e Recheio,5000.0,72,102.17,15.3,13.15,7444.24
2026-09-10,Lar e Recheio,5000.0,78,97.25,15.3,13.2,7673.5
2026-09-10,Lar e Recheio,5000.0,84,93.04,15.3,13.23,7903.36
2026-09-10,Lar e Recheio,10000.0,24,473.23,15.3,12.05,11533.52
2026-09-10,Lar e Recheio,10000.0,30,391.58,15.3,12.37,11923.4
2026-09-10,Lar e Recheio,10000.0,36,337.35,15.3,12.58,12320.6
2026-09-10,Lar e Recheio,10000.0,42,298.8,15.3,12.73,12725.6
2026-09-10,Lar e Recheio,10000.0,48,270.09,15.3,12.85,13140.32
2026-09-10,Lar e Recheio,10000.0,54,248.05,15.3,12.97,13570.7
2026-09-10,Lar e Recheio,10000.0,60,229.35,15.1,12.84,13937.0
2026-09-10,Lar e Recheio,10000.0,66,213.2,14.7,12.56,14247.2
2026-09-10,Lar e Recheio,10000.0,72,200.2,14.4,12.4,14590.4
2026-09-10,Lar e Recheio,10000.0,78,188.18,14.0,12.07,14854.04
2026-09-10,Lar e Recheio,10000.0,84,174.21,12.8,11.12,14809.64
2026-09-10,Lar e Recheio,15000.0,24,709.84,15.3,12.05,17300.16
2026-09-10,Lar e Recheio,15000.0,30,587.37,15.3,12.37,17885.1
2026-09-10,Lar e Recheio,15000.0,36,506.02,15.3,12.58,18480.72
2026-09-10,Lar e Recheio,15000.0,42,448.19,15.3,12.73,19087.98
2026-09-10,Lar e Recheio,15000.0,48,405.13,15.3,12.85,19710.24
2026-09-10,Lar e Recheio,15000.0,54,372.08,15.3,12.97,20356.32
2026-09-10,Lar e Recheio,15000.0,60,344.02,15.1,12.84,20905.2
2026-09-10,Lar e Recheio,15000.0,66,319.79,14.7,12.56,21370.14
2026-09-10,Lar e Recheio,15000.0,72,300.29,14.4,12.4,21884.88
2026-09-10,Lar e Recheio,15000.0,78,282.27,14.0,12.07,22281.06
2026-09-10,Lar e Recheio,15000.0,84,259.91,12.6,10.95,22096.44
2026-09-10,Lar e Recheio,20000.0,24,946.45,15.3,12.05,23066.8
2026-09-10,Lar e Recheio,20000.0,30,783.15,15.3,12.37,23846.5
2026-09-10,Lar e Recheio,20000.0,36,674.69,15.3,12.58,24640.84
2026-09-10,Lar e Recheio,20000.0,42,597.59,15.3,12.73,25450.78
2026-09-10,Lar e Recheio,20000.0,48,540.18,15.3,12.85,26280.64
2026-09-10,Lar e Recheio,20000.0,54,496.1,15.3,12.97,27141.4
2026-09-10,Lar e Recheio,20000.0,60,458.69,15.1,12.84,27873.4
2026-09-10,Lar e Recheio,20000.0,66,426.39,14.7,12.56,28493.74
2026-09-10,Lar e Recheio,20000.0,72,400.39,14.4,12.4,29180.08
2026-09-10,Lar e Recheio,20000.0,78,376.36,14.0,12.07,29708.08
2026-09-10,Lar e Recheio,20000.0,84,346.55,12.6,10.95,29462.2
2026-09-10,Lar e Recheio,25000.0,24,1183.06,15.3,12.05,28833.44
2026-09-10,Lar e Recheio,25000.0,30,978.94,15.3,12.37,29808.2
2026-09-10,Lar e Recheio,25000.0,36,843.36,15.3,12.58,30800.96
2026-09-10,Lar e Recheio,25000.0,42,746.98,15.3,12.73,31813.16
2026-09-10,Lar e Recheio,25000.0,48,675.22,15.3,12.85,32850.56
2026-09-10,Lar e Recheio,25000.0,54,620.12,15.3,12.97,33926.48
2026-09-10,Lar e Recheio,25000.0,60,573.37,15.1,12.84,34842.2
2026-09-10,Lar e Recheio,25000.0,66,532.99,14.7,12.56,35617.34
2026-09-10,Lar e Recheio,25000.0,72,500.49,14.4,12.4,36475.28
2026-09-10,Lar e Recheio,25000.0,78,470.45,14.0,12.07,37135.1
2026-09-10,Lar e Recheio,25000.0,84,433.18,12.6,10.95,36827.12
2026-09-10,Lar e Recheio,30000.0,24,1419.67,15.3,12.05,34600.08
2026-09-10,Lar e Recheio,30000.0,30,1174.73,15.3,12.37,35769.9
2026-09-10,Lar e Recheio,30000.0,36,1012.03,15.3,12.58,36961.08
2026-09-10,Lar e Recheio,30000.0,42,896.38,15.3,12.73,38175.96
2026-09-10,Lar e Recheio,30000.0,48,810.26,15.3,12.85,39420.48
2026-09-10,Lar e Recheio,30000.0,54,744.15,15.3,12.97,40712.1
2026-09-10,Lar e Recheio,30000.0,60,688.04,15.1,12.84,41810.4
2026-09-10,Lar e Recheio,30000.0,66,639.58,14.7,12.56,42740.28
2026-09-10,Lar e Recheio,30000.0,72,600.58,14.4,12.4,43769.76
2026-09-10,Lar e Recheio,30000.0,78,564.54,14.0,12.07,44562.12
2026-09-10,Lar e Recheio,30000.0,84,519.82,12.6,10.95,44192.88
2026-09-10,Lar e Recheio,35000.0,24,1656.29,15.3,12.05,40366.96
2026-09-10,Lar e Recheio,35000.0,30,1370.51,15.3,12.37,41731.3
2026-09-10,Lar e Recheio,35000.0,36,1180.7,15.3,12.58,43121.2
2026-09-10,Lar e Recheio,35000.0,42,1045.78,15.3,12.73,44538.76
2026-09-10,Lar e Recheio,35000.0,48,945.3,15.3,12.85,45990.4
2026-09-10,Lar e Recheio,35000.0,54,868.17,15.3,12.97,47497.18
2026-09-10,Lar e Recheio,35000.0,60,802.71,15.1,12.84,48778.6
2026-09-10,Lar e Recheio,35000.0,66,746.18,14.7,12.56,49863.88
2026-09-10,Lar e Recheio,35000.0,72,700.68,14.4,12.4,51064.96
2026-09-10,Lar e Recheio,35000.0,78,658.62,14.0,12.07,51988.36
2026-09-10,Lar e Recheio,35000.0,84,606.45,12.6,10.95,51557.8
2026-09-10,Lar e Recheio,40000.0,24,1892.9,15.3,12.05,46133.6
2026-09-10,Lar e Recheio,40000.0,30,1566.3,15.3,12.37,47693.0
2026-09-10,Lar e Recheio,40000.0,36,1349.37,15.3,12.58,49281.32
2026-09-10,Lar e Recheio,40000.0,42,1195.17,15.3,12.73,50901.14
2026-09-10,Lar e Recheio,40000.0,48,1080.35,15.3,12.85,52560.8
2026-09-10,Lar e Recheio,40000.0,54,992.19,15.3,12.97,54282.26
2026-09-10,Lar e Recheio,40000.0,60,917.38,15.1,12.84,55746.8
2026-09-10,Lar e Recheio,40000.0,66,852.77,14.7,12.56,56986.82
2026-09-10,Lar e Recheio,40000.0,72,800.78,14.4,12.4,58360.16
2026-09-10,Lar e Recheio,40000.0,78,752.71,14.0,12.07,59415.38
2026-09-10,Lar e Recheio,40000.0,84,693.09,12.6,10.95,58923.56
2026-09-10,Lar e Recheio,45000.0,24,2129.51,15.3,12.05,51900.24
2026-09-10,Lar e Recheio,45000.0,30,1762.09,15.3,12.37,53654.7
2026-09-10,Lar e Recheio,45000.0,36,1518.04,15.3,12.58,55441.44
2026-09-10,Lar e Recheio,45000.0,42,1344.57,15.3,12.73,57263.94
2026-09-10,Lar e Recheio,45000.0,48,1215.39,15.3,12.85,59130.72
2026-09-10,Lar e Recheio,45000.0,54,1116.22,15.3,12.97,61067.88
2026-09-10,Lar e Recheio,45000.0,60,1032.06,15.1,12.84,62715.6
2026-09-10,Lar e Recheio,45000.0,66,959.37,14.7,12.56,64110.42
2026-09-10,Lar e Recheio,45000.0,72,900.87,14.4,12.4,65654.64
2026-09-10,Lar e Recheio,45000.0,78,846.8,14.0,12.07,66842.4
2026-09-10,Lar e Recheio,45000.0,84,779.73,12.6,10.95,66289.32
2026-09-10,Lar e Recheio,50000.0,24,2366.12,15.3,12.05,57666.88
2026-09-10,Lar e Recheio,50000.0,30,1957.87,15.3,12.37,59616.1
2026-09-10,Lar e Recheio,50000.0,36,1686.71,15.3,12.58,61601.56
2026-09-10,Lar e Recheio,50000.0,42,1493.96,15.3,12.73,63626.32
2026-09-10,Lar e Recheio,50000.0,48,1350.43,15.3,12.85,65700.64
2026-09-10,Lar e Recheio,50000.0,54,1240.24,15.3,12.97,67852.96
2026-09-10,Lar e Recheio,50000.0,60,1146.73,15.1,12.84,69683.8
2026-09-10,Lar e Recheio,50000.0,66,1065.97,14.7,12.56,71234.02
2026-09-10,Lar e Recheio,50000.0,72,1000.97,14.4,12.4,72949.84
2026-09-10,Lar e Recheio,50000.0,78,940.89,14.0,12.07,74269.42
2026-09-10,Lar e Recheio,50000.0,84,866.36,12.6,10.95,73654.24
2026-09-10,Formação,2500.0,24,111.72,8.9,6.55,2725.28
2026-09-10,Formação,2500.0,30,91.24,8.9,6.86,2781.2
2026-09-10,Formação,2500.0,36,77.61,8.9,7.08,2837.96
2026-09-10,Formação,2500.0,42,67.88,8.9,7.22,2894.96
2026-09-10,Formação,2500.0,48,60.61,8.9,7.34,2953.28
2026-09-10,Formação,2500.0,54,54.96,8.9,7.43,3011.84
2026-09-10,Formação,2500.0,60,50.46,8.9,7.5,3071.6
2026-09-10,Formação,2500.0,66,46.8,8.9,7.57,3132.8
2026-09-10,Formação,2500.0,72,43.73,8.9,7.61,3192.56
2026-09-10,Formação,5000.0,24,223.44,8.9,6.55,5450.56
2026-09-10,Formação,5000.0,30,182.47,8.9,6.86,5562.1
2026-09-10,Formação,5000.0,36,155.22,8.9,7.08,5675.92
2026-09-10,Formação,5000.0,42,135.75,8.9,7.22,5789.5
2026-09-10,Formação,5000.0,48,121.21,8.9,7.34,5906.08
2026-09-10,Formação,5000.0,54,109.92,8.9,7.43,6023.68
2026-09-10,Formação,5000.0,60,100.91,8.9,7.5,6142.6
2026-09-10,Formação,5000.0,66,93.59,8.9,7.57,6264.94
2026-09-10,Formação,5000.0,72,87.46,8.9,7.61,6385.12
2026-09-10,Formação,5000.0,78,82.31,8.9,7.65,6508.18
2026-09-10,Formação,5000.0,84,77.93,8.9,7.69,6634.12
2026-09-10,Formação,10000.0,24,446.88,8.9,6.55,10901.12
2026-09-10,Formação,10000.0,30,364.94,8.9,6.86,11124.2
2026-09-10,Formação,10000.0,36,310.44,8.9,7.08,11351.84
2026-09-10,Formação,10000.0,42,271.5,8.9,7.22,11579.0
2026-09-10,Formação,10000.0,48,242.42,8.9,7.34,11812.16
2026-09-10,Formação,10000.0,54,219.84,8.9,7.43,12047.36
2026-09-10,Formação,10000.0,60,201.81,8.9,7.5,12284.6
2026-09-10,Formação,10000.0,66,187.17,8.9,7.57,12529.22
2026-09-10,Formação,10000.0,72,174.92,8.9,7.61,12770.24
2026-09-10,Formação,10000.0,78,164.62,8.9,7.65,13016.36
2026-09-10,Formação,10000.0,84,155.86,8.9,7.69,13268.24
2026-09-10,Formação,10000.0,90,148.27,8.9,7.72,13520.3
2026-09-10,Formação,10000.0,96,141.68,8.9,7.75,13777.28
2026-09-10,Formação,10000.0,102,135.91,8.9,7.78,14038.82
2026-09-10,Formação,10000.0,108,130.77,8.9,7.8,14299.16
2026-09-10,Formação,10000.0,114,126.21,8.9,7.82,14563.94
2026-09-10,Formação,10000.0,120,122.09,8.9,7.83,14826.8
2026-09-10,Formação,15000.0,24,670.32,8.9,6.55,16351.68
2026-09-10,Formação,15000.0,30,547.4,8.9,6.86,16686.0
2026-09-10,Formação,15000.0,36,465.66,8.9,7.08,17027.76
2026-09-10,Formação,15000.0,42,407.24,8.9,7.22,17368.08
2026-09-10,Formação,15000.0,48,363.62,8.9,7.34,17717.76
2026-09-10,Formação,15000.0,54,329.76,8.9,7.43,18071.04
2026-09-10,Formação,15000.0,60,302.72,8.9,7.5,18427.2
2026-09-10,Formação,15000.0,66,280.76,8.9,7.57,18794.16
2026-09-10,Formação,15000.0,72,262.38,8.9,7.61,19155.36
2026-09-10,Formação,15000.0,78,246.93,8.9,7.65,19524.54
2026-09-10,Formação,15000.0,84,233.78,8.9,7.69,19901.52
2026-09-10,Formação,15000.0,90,222.4,8.9,7.72,20280.0
2026-09-10,Formação,15000.0,96,212.51,8.9,7.75,20664.96
2026-09-10,Formação,15000.0,102,203.86,8.9,7.78,21057.72
2026-09-10,Formação,15000.0,108,196.16,8.9,7.8,21449.28
2026-09-10,Formação,15000.0,114,189.32,8.9,7.82,21846.48
2026-09-10,Formação,15000.0,120,183.13,8.9,7.83,22239.6
2026-09-10,Formação,20000.0,24,893.75,8.9,6.55,21802.0
2026-09-10,Formação,20000.0,30,729.87,8.9,6.86,22248.1
2026-09-10,Formação,20000.0,36,620.87,8.9,7.08,22703.32
2026-09-10,Formação,20000.0,42,542.99,8.9,7.22,23157.58
2026-09-10,Formação,20000.0,48,484.83,8.9,7.34,23623.84
2026-09-10,Formação,20000.0,54,439.67,8.9,7.43,24094.18
2026-09-10,Formação,20000.0,60,403.62,8.9,7.5,24569.2
2026-09-10,Formação,20000.0,66,374.34,8.9,7.57,25058.44
2026-09-10,Formação,20000.0,72,349.83,8.9,7.61,25539.76
2026-09-10,Formação,20000.0,78,329.23,8.9,7.65,26031.94
2026-09-10,Formação,20000.0,84,311.71,8.9,7.69,26535.64
2026-09-10,Formação,20000.0,90,296.53,8.9,7.72,27039.7
2026-09-10,Formação,20000.0,96,283.35,8.9,7.75,27553.6
2026-09-10,Formação,20000.0,102,271.81,8.9,7.78,28076.62
2026-09-10,Formação,20000.0,108,261.54,8.9,7.8,28598.32
2026-09-10,Formação,20000.0,114,252.42,8.9,7.82,29127.88
2026-09-10,Formação,20000.0,120,244.18,8.9,7.83,29653.6
2026-09-10,Eficiência Energética,10000.0,84,155.91,8.9,7.7,13272.44
2026-09-10,Eficiência Energética,15000.0,54,329.9,8.9,7.45,18078.6
2026-09-10,Eficiência Energética,15000.0,60,302.72,8.9,7.5,18427.2
2026-09-10,Eficiência Energética,15000.0,66,280.61,8.9,7.55,18784.26
2026-09-10,Eficiência Energética,15000.0,72,262.3,8.9,7.6,19149.6
2026-09-10,Eficiência Energética,15000.0,78,246.93,8.9,7.65,19524.54
2026-09-10,Eficiência Energética,15000.0,84,233.86,8.9,7.7,19908.24
2026-09-10,Eficiência Energética,20000.0,54,439.87,8.9,7.45,24104.98
2026-09-10,Eficiência Energética,20000.0,60,403.62,8.9,7.5,24569.2
2026-09-10,Eficiência Energética,20000.0,66,374.14,8.9,7.55,25045.24
2026-09-10,Eficiência Energética,20000.0,72,349.73,8.9,7.6,25532.56
2026-09-10,Eficiência Energética,20000.0,78,329.23,8.9,7.65,26031.94
2026-09-10,Eficiência Energética,20000.0,84,311.81,8.9,7.7,26544.04
2026-09-10,Eficiência Energética,25000.0,54,549.83,8.9,7.45,30130.82
2026-09-10,Eficiência Energética,25000.0,60,504.53,8.9,7.5,30711.8
2026-09-10,Eficiência Energética,25000.0,66,467.67,8.9,7.55,31306.22
2026-09-10,Eficiência Energética,25000.0,72,437.17,8.9,7.6,31916.24
2026-09-10,Eficiência Energética,25000.0,78,411.54,8.9,7.65,32540.12
2026-09-10,Eficiência Energética,25000.0,84,389.76,8.9,7.7,33179.84
2026-09-10,Eficiência Energética,30000.0,54,659.8,8.9,7.45,36157.2
2026-09-10,Eficiência Energética,30000.0,60,605.43,8.9,7.5,36853.8
2026-09-10,Eficiência Energética,30000.0,66,561.21,8.9,7.55,37567.86
2026-09-10,Eficiência Energética,30000.0,72,524.6,8.9,7.6,38299.2
2026-09-10,Eficiência Energética,30000.0,78,493.85,8.9,7.65,39048.3
2026-09-10,Eficiência Energética,30000.0,84,467.71,8.9,7.7,39815.64
2026-09-10,Eficiência Energética,35000.0,54,769.77,8.9,7.45,42183.58
2026-09-10,Eficiência Energética,35000.0,60,706.33,8.9,7.5,42995.8
2026-09-10,Eficiência Energética,35000.0,66,654.74,8.9,7.55,43828.84
2026-09-10,Eficiência Energética,35000.0,72,612.03,8.9,7.6,44682.16
2026-09-10,Eficiência Energética,35000.0,78,576.16,8.9,7.65,45556.48
2026-09-10,Eficiência Energética,35000.0,84,545.66,8.9,7.7,46451.44
2026-09-10,Eficiência Energética,40000.0,54,879.73,8.9,7.45,48209.42
2026-09-10,Eficiência Energética,40000.0,60,807.24,8.9,7.5,49138.4
2026-09-10,Eficiência Energética,40000.0,66,748.27,8.9,7.55,50089.82
2026-09-10,Eficiência Energética,40000.0,72,699.46,8.9,7.6,51065.12
2026-09-10,Eficiência Energética,40000.0,78,658.46,8.9,7.65,52063.88
2026-09-10,Eficiência Energética,40000.0,84,623.61,8.9,7.7,53087.24
2026-09-10,Eficiência Energética,45000.0,54,989.7,8.9,7.45,54235.8
2026-09-10,Eficiência Energética,45000.0,60,908.14,8.9,7.5,55280.4
2026-09-10,Eficiência Energética,45000.0,66,841.81,8.9,7.55,56351.46
2026-09-10,Eficiência Energética,45000.0,72,786.89,8.9,7.6,57448.08
2026-09-10,Eficiência Energética,45000.0,78,740.77,8.9,7.65,58572.06
2026-09-10,Eficiência Energética,45000.0,84,701.56,8.9,7.7,59723.04
2026-09-10,Eficiência Energética,50000.0,54,1099.66,8.9,7.45,60261.64
2026-09-10,Eficiência Energética,50000.0,60,1009.05,8.9,7.5,61423.0
2026-09-10,Eficiência Energética,50000.0,66,935.34,8.9,7.55,62612.44
2026-09-10,Eficiência Energética,50000.0,72,874.33,8.9,7.6,63831.76
2026-09-10,Eficiência Energética,50000.0,78,823.08,8.9,7.65,65080.24
2026-09-10,Eficiência Energética,50000.0,84,779.52,8.9,7.7,66359.68
2026-09-11,Pagar Despesas / Férias e Lazer,5000.0,54,124.03,15.3,12.97,6785.62
2026-09-11,Pagar Despesas / Férias e Lazer,5000.0,60,115.24,15.3,13.05,7002.4
2026-09-11,Pagar Despesas / Férias e Lazer,5000.0,66,108.09,15.3,13.11,7221.94
2026-09-11,Pagar Despesas / Férias e Lazer,5000.0,72,102.17,15.3,13.15,7444.24
2026-09-11,Pagar Despesas / Férias e Lazer,5000.0,78,97.25,15.3,13.2,7673.5
2026-09-11,Pagar Despesas / Férias e Lazer,5000.0,84,93.04,15.3,13.23,7903.36
2026-09-11,Pagar Despesas / Férias e Lazer,10000.0,54,248.05,15.3,12.97,13570.7
2026-09-11,Pagar Despesas / Férias e Lazer,10000.0,60,229.35,15.1,12.84,13937.0
2026-09-11,Pagar Despesas / Férias e Lazer,10000.0,66,213.2,14.7,12.56,14247.2
2026-09-11,Pagar Despesas / Férias e Lazer,10000.0,72,200.2,14.4,12.4,14590.4
2026-09-11,Pagar Despesas / Férias e Lazer,10000.0,78,188.18,14.0,12.07,14854.04
2026-09-11,Pagar Despesas / Férias e Lazer,10000.0,84,174.21,12.8,11.12,14809.64
2026-09-11,Pagar Despesas / Férias e Lazer,15000.0,54,372.08,15.3,12.97,20356.32
2026-09-11,Pagar Despesas / Férias e Lazer,15000.0,60,344.02,15.1,12.84,20905.2
2026-09-11,Pagar Despesas / Férias e Lazer,15000.0,66,319.79,14.7,12.56,21370.14
2026-09-11,Pagar Despesas / Férias e Lazer,15000.0,72,300.29,14.4,12.4,21884.88
2026-09-11,Pagar Despesas / Férias e Lazer,15000.0,78,282.27,14.0,12.07,22281.06
2026-09-11,Pagar Despesas / Férias e Lazer,15000.0,84,259.91,12.6,10.95,22096.44
2026-09-11,Pagar Despesas / Férias e Lazer,20000.0,54,496.1,15.3,12.97,27141.4
2026-09-11,Pagar Despesas / Férias e Lazer,20000.0,60,458.69,15.1,12.84,27873.4
2026-09-11,Pagar Despesas / Férias e Lazer,20000.0,66,426.39,14.7,12.56,28493.74
2026-09-11,Pagar Despesas / Férias e Lazer,20000.0,72,400.39,14.4,12.4,29180.08
2026-09-11,Pagar Despesas / Férias e Lazer,20000.0,78,376.36,14.0,12.07,29708.08
2026-09-11,Pagar Despesas / Férias e Lazer,20000.0,84,346.55,12.6,10.95,29462.2
2026-09-11,Pagar Despesas / Férias e Lazer,25000.0,54,620.12,15.3,12.97,33926.48
2026-09-11,Pagar Despesas / Férias e Lazer,25000.0,60,573.37,15.1,12.84,34842.2
2026-09-11,Pagar Despesas / Férias e Lazer,25000.0,66,532.99,14.7,12.56,35617.34
2026-09-11,Pagar Despesas / Férias e Lazer,25000.0,72,500.49,14.4,12.4,36475.28
2026-09-11,Pagar Despesas / Férias e Lazer,25000.0,78,470.45,14.0,12.07,37135.1
2026-09-11,Pagar Despesas / Férias e Lazer,25000.0,84,433.18,12.6,10.95,36827.12
2026-09-11,Pagar Despesas / Férias e Lazer,30000.0,54,744.15,15.3,12.97,40712.1
2026-09-11,Pagar Despesas / Férias e Lazer,30000.0,60,688.04,15.1,12.84,41810.4
2026-09-11,Pagar Despesas / Férias e Lazer,30000.0,66,639.58,14.7,12.56,42740.28
2026-09-11,Pagar Despesas / Férias e Lazer,30000.0,72,600.58,14.4,12.4,43769.76
2026-09-11,Pagar Despesas / Férias e Lazer,30000.0,78,564.54,14.0,12.07,44562.12
2026-09-11,Pagar Despesas / Férias e Lazer,30000.0,84,519.82,12.6,10.95,44192.88
2026-09-11,Pagar Despesas / Férias e Lazer,35000.0,54,868.17,15.3,12.97,47497.18
2026-09-11,Pagar Despesas / Férias e Lazer,35000.0,60,802.71,15.1,12.84,48778.6
2026-09-11,Pagar Despesas / Férias e Lazer,35000.0,66,746.18,14.7,12.56,49863.88
2026-09-11,Pagar Despesas / Férias e Lazer,35000.0,72,700.68,14.4,12.4,51064.96
2026-09-11,Pagar Despesas / Férias e Lazer,35000.0,78,658.62,14.0,12.07,51988.36
2026-09-11,Pagar Despesas / Férias e Lazer,35000.0,84,606.45,12.6,10.95,51557.8
2026-09-11,Pagar Despesas / Férias e Lazer,40000.0,54,992.19,15.3,12.97,54282.26
2026-09-11,Pagar Despesas / Férias e Lazer,40000.0,60,917.38,15.1,12.84,55746.8
2026-09-11,Pagar Despesas / Férias e Lazer,40000.0,66,852.77,14.7,12.56,56986.82
2026-09-11,Pagar Despesas / Férias e Lazer,40000.0,72,800.78,14.4,12.4,58360.16
2026-09-11,Pagar Despesas / Férias e Lazer,40000.0,78,752.71,14.0,12.07,59415.38
2026-09-11,Pagar Despesas / Férias e Lazer,40000.0,84,693.09,12.6,10.95,58923.56
2026-09-11,Pagar Despesas / Férias e Lazer,45000.0,54,1116.22,15.3,12.97,61067.88
2026-09-11,Pagar Despesas / Férias e Lazer,45000.0,60,1032.06,15.1,12.84,62715.6
2026-09-11,Pagar Despesas / Férias e Lazer,45000.0,66,959.37,14.7,12.56,64110.42
2026-09-11,Pagar Despesas / Férias e Lazer,45000.0,72,900.87,14.4,12.4,65654.64
2026-09-11,Pagar Despesas / Férias e Lazer,45000.0,78,846.8,14.0,12.07,66842.4
2026-09-11,Pagar Despesas / Férias e Lazer,45000.0,84,779.73,12.6,10.95,66289.32
2026-09-11,Pagar Despesas / Férias e Lazer,50000.0,54,1240.24,15.3,12.97,67852.96
2026-09-11,Pagar Despesas / Férias e Lazer,50000.0,60,1146.73,15.1,12.84,69683.8
2026-09-11,Pagar Despesas / Férias e Lazer,50000.0,66,1065.97,14.7,12.56,71234.02
2026-09-11,Pagar Despesas / Férias e Lazer,50000.0,72,1000.97,14.4,12.4,72949.84
2026-09-11,Pagar Despesas / Férias e Lazer,50000.0,78,940.89,14.0,12.07,74269.42
2026-09-11,Pagar Despesas / Férias e Lazer,50000.0,84,866.36,12.6,10.95,73654.24
2026-09-11,Lar e Recheio,5000.0,24,236.62,15.3,12.05,5766.88
2026-09-11,Lar e Recheio,5000.0,30,195.79,15.3,12.37,5961.7
2026-09-11,Lar e Recheio,5000.0,36,168.68,15.3,12.58,6160.48
2026-09-11,Lar e Recheio,5000.0,42,149.4,15.3,12.73,6362.8
2026-09-11,Lar e Recheio,5000.0,48,135.05,15.3,12.85,6570.4
2026-09-11,Lar e Recheio,5000.0,54,124.03,15.3,12.97,6785.62
2026-09-11,Lar e Recheio,5000.0,60,115.24,15.3,13.05,7002.4
2026-09-11,Lar e Recheio,5000.0,66,108.09,15.3,13.11,7221.94
2026-09-11,Lar e Recheio,5000.0,72,102.17,15.3,13.15,7444.24
2026-09-11,Lar e Recheio,5000.0,78,97.25,15.3,13.2,7673.5
2026-09-11,Lar e Recheio,5000.0,84,93.04,15.3,13.23,7903.36
2026-09-11,Lar e Recheio,10000.0,24,473.23,15.3,12.05,11533.52
2026-09-11,Lar e Recheio,10000.0,30,391.58,15.3,12.37,11923.4
2026-09-11,Lar e Recheio,10000.0,36,337.35,15.3,12.58,12320.6
2026-09-11,Lar e Recheio,10000.0,42,298.8,15.3,12.73,12725.6
2026-09-11,Lar e Recheio,10000.0,48,270.09,15.3,12.85,13140.32
2026-09-11,Lar e Recheio,10000.0,54,248.05,15.3,12.97,13570.7
2026-09-11,Lar e Recheio,10000.0,60,229.35,15.1,12.84,13937.0
2026-09-11,Lar e Recheio,10000.0,66,213.2,14.7,12.56,14247.2
2026-09-11,Lar e Recheio,10000.0,72,200.2,14.4,12.4,14590.4
2026-09-11,Lar e Recheio,10000.0,78,188.18,14.0,12.07,14854.04
2026-09-11,Lar e Recheio,10000.0,84,174.21,12.8,11.12,14809.64
2026-09-11,Lar e Recheio,15000.0,24,709.84,15.3,12.05,17300.16
2026-09-11,Lar e Recheio,15000.0,30,587.37,15.3,12.37,17885.1
2026-09-11,Lar e Recheio,15000.0,36,506.02,15.3,12.58,18480.72
2026-09-11,Lar e Recheio,15000.0,42,448.19,15.3,12.73,19087.98
2026-09-11,Lar e Recheio,15000.0,48,405.13,15.3,12.85,19710.24
2026-09-11,Lar e Recheio,15000.0,54,372.08,15.3,12.97,20356.32
2026-09-11,Lar e Recheio,15000.0,60,344.02,15.1,12.84,20905.2
2026-09-11,Lar e Recheio,15000.0,66,319.79,14.7,12.56,21370.14
2026-09-11,Lar e Recheio,15000.0,72,300.29,14.4,12.4,21884.88
2026-09-11,Lar e Recheio,15000.0,78,282.27,14.0,12.07,22281.06
2026-09-11,Lar e Recheio,15000.0,84,259.91,12.6,10.95,22096.44
2026-09-11,Lar e Recheio,20000.0,24,946.45,15.3,12.05,23066.8
2026-09-11,Lar e Recheio,20000.0,30,783.15,15.3,12.37,23846.5
2026-09-11,Lar e Recheio,20000.0,36,674.69,15.3,12.58,24640.84
2026-09-11,Lar e Recheio,20000.0,42,597.59,15.3,12.73,25450.78
2026-09-11,Lar e Recheio,20000.0,48,540.18,15.3,12.85,26280.64
2026-09-11,Lar e Recheio,20000.0,54,496.1,15.3,12.97,27141.4
2026-09-11,Lar e Recheio,20000.0,60,458.69,15.1,12.84,27873.4
2026-09-11,Lar e Recheio,20000.0,66,426.39,14.7,12.56,28493.74
2026-09-11,Lar e Recheio,20000.0,72,400.39,14.4,12.4,29180.08
2026-09-11,Lar e Recheio,20000.0,78,376.36,14.0,12.07,29708.08
2026-09-11,Lar e Recheio,20000.0,84,346.55,12.6,10.95,29462.2
2026-09-11,Lar e Recheio,25000.0,24,1183.06,15.3,12.05,28833.44
2026-09-11,Lar e Recheio,25000.0,30,978.94,15.3,12.37,29808.2
2026-09-11,Lar e Recheio,25000.0,36,843.36,15.3,12.58,30800.96
2026-09-11,Lar e Recheio,25000.0,42,746.98,15.3,12.73,31813.16
2026-09-11,Lar e Recheio,25000.0,48,675.22,15.3,12.85,32850.56
2026-09-11,Lar e Recheio,25000.0,54,620.12,15.3,12.97,33926.48
2026-09-11,Lar e Recheio,25000.0,60,573.37,15.1,12.84,34842.2
2026-09-11,Lar e Recheio,25000.0,66,532.99,14.7,12.56,35617.34
2026-09-11,Lar e Recheio,25000.0,72,500.49,14.4,12.4,36475.28
2026-09-11,Lar e Recheio,25000.0,78,470.45,14.0,12.07,37135.1
2026-09-11,Lar e Recheio,25000.0,84,433.18,12.6,10.95,36827.12
2026-09-11,Lar e Recheio,30000.0,24,1419.67,15.3,12.05,34600.08
2026-09-11,Lar e Recheio,30000.0,30,1174.73,15.3,12.37,35769.9
2026-09-11,Lar e Recheio,30000.0,36,1012.03,15.3,12.58,36961.08
2026-09-11,Lar e Recheio,30000.0,42,896.38,15.3,12.73,38175.96
2026-09-11,Lar e Recheio,30000.0,48,810.26,15.3,12.85,39420.48
2026-09-11,Lar e Recheio,30000.0,54,744.15,15.3,12.97,40712.1
2026-09-11,Lar e Recheio,30000.0,60,688.04,15.1,12.84,41810.4
2026-09-11,Lar e Recheio,30000.0,66,639.58,14.7,12.56,42740.28
2026-09-11,Lar e Recheio,30000.0,72,600.58,14.4,12.4,43769.76
2026-09-11,Lar e Recheio,30000.0,78,564.54,14.0,12.07,44562.12
2026-09-11,Lar e Recheio,30000.0,84,519.82,12.6,10.95,44192.88
2026-09-11,Lar e Recheio,35000.0,24,1656.29,15.3,12.05,40366.96
2026-09-11,Lar e Recheio,35000.0,30,1370.51,15.3,12.37,41731.3
2026-09-11,Lar e Recheio,35000.0,36,1180.7,15.3,12.58,43121.2
2026-09-11,Lar e Recheio,35000.0,42,1045.78,15.3,12.73,44538.76
2026-09-11,Lar e Recheio,35000.0,48,945.3,15.3,12.85,45990.4
2026-09-11,Lar e Recheio,35000.0,54,868.17,15.3,12.97,47497.18
2026-09-11,Lar e Recheio,35000.0,60,802.71,15.1,12.84,48778.6
2026-09-11,Lar e Recheio,35000.0,66,746.18,14.7,12.56,49863.88
2026-09-11,Lar e Recheio,35000.0,72,700.68,14.4,12.4,51064.96
2026-09-11,Lar e Recheio,35000.0,78,658.62,14.0,12.07,51988.36
2026-09-11,Lar e Recheio,35000.0,84,606.45,12.6,10.95,51557.8
2026-09-11,Lar e Recheio,40000.0,24,1892.9,15.3,12.05,46133.6
2026-09-11,Lar e Recheio,40000.0,30,1566.3,15.3,12.37,47693.0
2026-09-11,Lar e Recheio,40000.0,36,1349.37,15.3,12.58,49281.32
2026-09-11,Lar e Recheio,40000.0,42,1195.17,15.3,12.73,50901.14
2026-09-11,Lar e Recheio,40000.0,48,1080.35,15.3,12.85,52560.8
2026-09-11,Lar e Recheio,40000.0,54,992.19,15.3,12.97,54282.26
2026-09-11,Lar e Recheio,40000.0,60,917.38,15.1,12.84,55746.8
2026-09-11,Lar e Recheio,40000.0,66,852.77,14.7,12.56,56986.82
2026-09-11,Lar e Recheio,40000.0,72,800.78,14.4,12.4,58360.16
2026-09-11,Lar e Recheio,40000.0,78,752.71,14.0,12.07,59415.38
2026-09-11,Lar e Recheio,40000.0,84,693.09,12.6,10.95,58923.56
2026-09-11,Lar e Recheio,45000.0,24,2129.51,15.3,12.05,51900.24
2026-09-11,Lar e Recheio,45000.0,30,1762.09,15.3,12.37,53654.7
2026-09-11,Lar e Recheio,45000.0,36,1518.04,15.3,12.58,55441.44
2026-09-11,Lar e Recheio,45000.0,42,1344.57,15.3,12.73,57263.94
2026-09-11,Lar e Recheio,45000.0,48,1215.39,15.3,12.85,59130.72
2026-09-11,Lar e Recheio,45000.0,54,1116.22,15.3,12.97,61067.88
2026-09-11,Lar e Recheio,45000.0,60,1032.06,15.1,12.84,62715.6
2026-09-11,Lar e Recheio,45000.0,66,959.37,14.7,12.56,64110.42
2026-09-11,Lar e Recheio,45000.0,72,900.87,14.4,12.4,65654.64
2026-09-11,Lar e Recheio,45000.0,78,846.8,14.0,12.07,66842.4
2026-09-11,Lar e Recheio,45000.0,84,779.73,12.6,10.95,66289.32
2026-09-11,Lar e Recheio,50000.0,24,2366.12,15.3,12.05,57666.88
2026-09-11,Lar e Recheio,50000.0,30,1957.87,15.3,12.37,59616.1
2026-09-11,Lar e Recheio,50000.0,36,1686.71,15.3,12.58,61601.56
2026-09-11,Lar e Recheio,50000.0,42,1493.96,15.3,12.73,63626.32
2026-09-11,Lar e Recheio,50000.0,48,1350.43,15.3,12.85,65700.64
2026-09-11,Lar e Recheio,50000.0,54,1240.24,15.3,12.97,67852.96
2026-09-11,Lar e Recheio,50000.0,60,1146.73,15.1,12.84,69683.8
2026-09-11,Lar e Recheio,50000.0,66,1065.97,14.7,12.56,71234.02
2026-09-11,Lar e Recheio,50000.0,72,1000.97,14.4,12.4,72949.84
2026-09-11,Lar e Recheio,50000.0,78,940.89,14.0,12.07,74269.42
2026-09-11,Lar e Recheio,50000.0,84,866.36,12.6,10.95,73654.24
2026-09-11,Formação,2500.0,24,111.72,8.9,6.55,2725.28
2026-09-11,Formação,2500.0,30,91.24,8.9,6.86,2781.2
2026-09-11,Formação,2500.0,36,77.61,8.9,7.08,2837.96
2026-09-11,Formação,2500.0,42,67.88,8.9,7.22,2894.96
2026-09-11,Formação,2500.0,48,60.61,8.9,7.34,2953.28
2026-09-11,Formação,2500.0,54,54.96,8.9,7.43,3011.84
2026-09-11,Formação,2500.0,60,50.46,8.9,7.5,3071.6
2026-09-11,Formação,2500.0,66,46.8,8.9,7.57,3132.8
2026-09-11,Formação,2500.0,72,43.73,8.9,7.61,3192.56
2026-09-11,Formação,5000.0,24,223.44,8.9,6.55,5450.56
2026-09-11,Formação,5000.0,30,182.47,8.9,6.86,5562.1
2026-09-11,Formação,5000.0,36,155.22,8.9,7.08,5675.92
2026-09-11,Formação,5000.0,42,135.75,8.9,7.22,5789.5
2026-09-11,Formação,5000.0,48,121.21,8.9,7.34,5906.08
2026-09-11,Formação,5000.0,54,109.92,8.9,7.43,6023.68
2026-09-11,Formação,5000.0,60,100.91,8.9,7.5,6142.6
2026-09-11,Formação,5000.0,66,93.59,8.9,7.57,6264.94
2026-09-11,Formação,5000.0,72,87.46,8.9,7.61,6385.12
2026-09-11,Formação,5000.0,78,82.31,8.9,7.65,6508.18
2026-09-11,Formação,5000.0,84,77.93,8.9,7.69,6634.12
2026-09-11,Formação,10000.0,24,446.88,8.9,6.55,10901.12
2026-09-11,Formação,10000.0,30,364.94,8.9,6.86,11124.2
2026-09-11,Formação,10000.0,36,310.44,8.9,7.08,11351.84
2026-09-11,Formação,10000.0,42,271.5,8.9,7.22,11579.0
2026-09-11,Formação,10000.0,48,242.42,8.9,7.34,11812.16
2026-09-11,Formação,10000.0,54,219.84,8.9,7.43,12047.36
2026-09-11,Formação,10000.0,60,201.81,8.9,7.5,12284.6
2026-09-11,Formação,10000.0,66,187.17,8.9,7.57,12529.22
2026-09-11,Formação,10000.0,72,174.92,8.9,7.61,12770.24
2026-09-11,Formação,10000.0,78,164.62,8.9,7.65,13016.36
2026-09-11,Formação,10000.0,84,155.86,8.9,7.69,13268.24
2026-09-11,Formação,10000.0,90,148.27,8.9,7.72,13520.3
2026-09-11,Formação,10000.0,96,141.68,8.9,7.75,13777.28
2026-09-11,Formação,10000.0,102,135.91,8.9,7.78,14038.82
2026-09-11,Formação,10000.0,108,130.77,8.9,7.8,14299.16
2026-09-11,Formação,10000.0,114,126.21,8.9,7.82,14563.94
2026-09-11,Formação,10000.0,120,122.09,8.9,7.83,14826.8
2026-09-11,Formação,15000.0,24,670.32,8.9,6.55,16351.68
2026-09-11,Formação,15000.0,30,547.4,8.9,6.86,16686.0
2026-09-11,Formação,15000.0,36,465.66,8.9,7.08,17027.76
2026-09-11,Formação,15000.0,42,407.24,8.9,7.22,17368.08
2026-09-11,Formação,15000.0,48,363.62,8.9,7.34,17717.76
2026-09-11,Formação,15000.0,54,329.76,8.9,7.43,18071.04
2026-09-11,Formação,15000.0,60,302.72,8.9,7.5,18427.2
2026-09-11,Formação,15000.0,66,280.76,8.9,7.57,18794.16
2026-09-11,Formação,15000.0,72,262.38,8.9,7.61,19155.36
2026-09-11,Formação,15000.0,78,246.93,8.9,7.65,19524.54
2026-09-11,Formação,15000.0,84,233.78,8.9,7.69,19901.52
2026-09-11,Formação,15000.0,90,222.4,8.9,7.72,20280.0
2026-09-11,Formação,15000.0,96,212.51,8.9,7.75,20664.96
2026-09-11,Formação,15000.0,102,203.86,8.9,7.78,21057.72
2026-09-11,Formação,15000.0,108,196.16,8.9,7.8,21449.28
2026-09-11,Formação,15000.0,114,189.32,8.9,7.82,21846.48
2026-09-11,Formação,15000.0,120,183.13,8.9,7.83,22239.6
2026-09-11,Formação,20000.0,24,893.75,8.9,6.55,21802.0
2026-09-11,Formação,20000.0,30,729.87,8.9,6.86,22248.1
2026-09-11,Formação,20000.0,36,620.87,8.9,7.08,22703.32
2026-09-11,Formação,20000.0,42,542.99,8.9,7.22,23157.58
2026-09-11,Formação,20000.0,48,484.83,8.9,7.34,23623.84
2026-09-11,Formação,20000.0,54,439.67,8.9,7.43,24094.18
2026-09-11,Formação,20000.0,60,403.62,8.9,7.5,24569.2
2026-09-11,Formação,20000.0,66,374.34,8.9,7.57,25058.44
2026-09-11,Formação,20000.0,72,349.83,8.9,7.61,25539.76
2026-09-11,Formação,20000.0,78,329.23,8.9,7.65,26031.94
2026-09-11,Formação,20000.0,84,311.71,8.9,7.69,26535.64
2026-09-11,Formação,20000.0,90,296.53,8.9,7.72,27039.7
2026-09-11,Formação,20000.0,96,283.35,8.9,7.75,27553.6
2026-09-11,Formação,20000.0,102,271.81,8.9,7.78,28076.62
2026-09-11,Formação,20000.0,108,261.54,8.9,7.8,28598.32
2026-09-11,Formação,20000.0,114,252.42,8.9,7.82,29127.88
2026-09-11,Formação,20000.0,120,244.18,8.9,7.83,29653.6
2026-09-11,Eficiência Energética,10000.0,84,155.91,8.9,7.7,13272.44
2026-09-11,Eficiência Energética,15000.0,54,329.9,8.9,7.45,18078.6
2026-09-11,Eficiência Energética,15000.0,60,302.72,8.9,7.5,18427.2
2026-09-11,Eficiência Energética,15000.0,66,280.61,8.9,7.55,18784.26
2026-09-11,Eficiência Energética,15000.0,72,262.3,8.9,7.6,19149.6
2026-09-11,Eficiência Energética,15000.0,78,246.93,8.9,7.65,19524.54
2026-09-11,Eficiência Energética,15000.0,84,233.86,8.9,7.7,19908.24
2026-09-11,Eficiência Energética,20000.0,54,439.87,8.9,7.45,24104.98
2026-09-11,Eficiência Energética,20000.0,60,403.62,8.9,7.5,24569.2
2026-09-11,Eficiência Energética,20000.0,66,374.14,8.9,7.55,25045.24
2026-09-11,Eficiência Energética,20000.0,72,349.73,8.9,7.6,25532.56
2026-09-11,Eficiência Energética,20000.0,78,329.23,8.9,7.65,26031.94
2026-09-11,Eficiência Energética,20000.0,84,311.81,8.9,7.7,26544.04
2026-09-11,Eficiência Energética,25000.0,54,549.83,8.9,7.45,30130.82
2026-09-11,Eficiência Energética,25000.0,60,504.53,8.9,7.5,30711.8
2026-09-11,Eficiência Energética,25000.0,66,467.67,8.9,7.55,31306.22
2026-09-11,Eficiência Energética,25000.0,72,437.17,8.9,7.6,31916.24
2026-09-11,Eficiência Energética,25000.0,78,411.54,8.9,7.65,32540.12
2026-09-11,Eficiência Energética,25000.0,84,389.76,8.9,7.7,33179.84
2026-09-11,Eficiência Energética,30000.0,54,659.8,8.9,7.45,36157.2
2026-09-11,Eficiência Energética,30000.0,60,605.43,8.9,7.5,36853.8
2026-09-11,Eficiência Energética,30000.0,66,561.21,8.9,7.55,37567.86
2026-09-11,Eficiência Energética,30000.0,72,524.6,8.9,7.6,38299.2
2026-09-11,Eficiência Energética,30000.0,78,493.85,8.9,7.65,39048.3
2026-09-11,Eficiência Energética,30000.0,84,467.71,8.9,7.7,39815.64
2026-09-11,Eficiência Energética,35000.0,54,769.77,8.9,7.45,42183.58
2026-09-11,Eficiência Energética,35000.0,60,706.33,8.9,7.5,42995.8
2026-09-11,Eficiência Energética,35000.0,66,654.74,8.9,7.55,43828.84
2026-09-11,Eficiência Energética,35000.0,72,612.03,8.9,7.6,44682.16
2026-09-11,Eficiência Energética,35000.0,78,576.16,8.9,7.65,45556.48
2026-09-11,Eficiência Energética,35000.0,84,545.66,8.9,7.7,46451.44
2026-09-11,Eficiência Energética,40000.0,54,879.73,8.9,7.45,48209.42
2026-09-11,Eficiência Energética,40000.0,60,807.24,8.9,7.5,49138.4
2026-09-11,Eficiência Energética,40000.0,66,748.27,8.9,7.55,50089.82
2026-09-11,Eficiência Energética,40000.0,72,699.46,8.9,7.6,51065.12
2026-09-11,Eficiência Energética,40000.0,78,658.46,8.9,7.65,52063.88
2026-09-11,Eficiência Energética,40000.0,84,623.61,8.9,7.7,53087.24
2026-09-11,Eficiência Energética,45000.0,54,989.7,8.9,7.45,54235.8
2026-09-11,Eficiência Energética,45000.0,60,908.14,8.9,7.5,55280.4
2026-09-11,Eficiência Energética,45000.0,66,841.81,8.9,7.55,56351.46
2026-09-11,Eficiência Energética,45000.0,72,786.89,8.9,7.6,57448.08
2026-09-11,Eficiência Energética,45000.0,78,740.77,8.9,7.65,58572.06
2026-09-11,Eficiência Energética,45000.0,84,701.56,8.9,7.7,59723.04
2026-09-11,Eficiência Energética,50000.0,54,1099.66,8.9,7.45,60261.64
2026-09-11,Eficiência Energética,50000.0,60,1009.05,8.9,7.5,61423.0
2026-09-11,Eficiência Energética,50000.0,66,935.34,8.9,7.55,62612.44
2026-09-11,Eficiência Energética,50000.0,72,874.33,8.9,7.6,63831.76
2026-09-11,Eficiência Energética,50000.0,78,823.08,8.9,7.65,65080.24
2026-09-11,Eficiência Energética,50000.0,84,779.52,8.9,7.7,66359.68
2026-09-14,Pagar Despesas / Férias e Lazer,5000.0,54,124.03,15.3,12.97,6785.62
2026-09-14,Pagar Despesas / Férias e Lazer,5000.0,60,115.24,15.3,13.05,7002.4
2026-09-14,Pagar Despesas / Férias e Lazer,5000.0,66,108.09,15.3,13.11,7221.94
2026-09-14,Pagar Despesas / Férias e Lazer,5000.0,72,102.17,15.3,13.15,7444.24
2026-09-14,Pagar Despesas / Férias e Lazer,5000.0,78,97.25,15.3,13.2,7673.5
2026-09-14,Pagar Despesas / Férias e Lazer,5000.0,84,93.04,15.3,13.23,7903.36
2026-09-14,Pagar Despesas / Férias e Lazer,10000.0,54,248.05,15.3,12.97,13570.7
2026-09-14,Pagar Despesas / Férias e Lazer,10000.0,60,229.35,15.1,12.84,13937.0
2026-09-14,Pagar Despesas / Férias e Lazer,10000.0,66,213.2,14.7,12.56,14247.2
2026-09-14,Pagar Despesas / Férias e Lazer,10000.0,72,200.2,14.4,12.4,14590.4
2026-09-14,Pagar Despesas / Férias e Lazer,10000.0,78,188.18,14.0,12.07,14854.04
2026-09-14,Pagar Despesas / Férias e Lazer,10000.0,84,174.21,12.8,11.12,14809.64
2026-09-14,Pagar Despesas / Férias e Lazer,15000.0,54,372.08,15.3,12.97,20356.32
2026-09-14,Pagar Despesas / Férias e Lazer,15000.0,60,344.02,15.1,12.84,20905.2
2026-09-14,Pagar Despesas / Férias e Lazer,15000.0,66,319.79,14.7,12.56,21370.14
2026-09-14,Pagar Despesas / Férias e Lazer,15000.0,72,300.29,14.4,12.4,21884.88
2026-09-14,Pagar Despesas / Férias e Lazer,15000.0,78,282.27,14.0,12.07,22281.06
2026-09-14,Pagar Despesas / Férias e Lazer,15000.0,84,259.91,12.6,10.95,22096.44
2026-09-14,Pagar Despesas / Férias e Lazer,20000.0,54,496.1,15.3,12.97,27141.4
2026-09-14,Pagar Despesas / Férias e Lazer,20000.0,60,458.69,15.1,12.84,27873.4
2026-09-14,Pagar Despesas / Férias e Lazer,20000.0,66,426.39,14.7,12.56,28493.74
2026-09-14,Pagar Despesas / Férias e Lazer,20000.0,72,400.39,14.4,12.4,29180.08
2026-09-14,Pagar Despesas / Férias e Lazer,20000.0,78,376.36,14.0,12.07,29708.08
2026-09-14,Pagar Despesas / Férias e Lazer,20000.0,84,346.55,12.6,10.95,29462.2
2026-09-14,Pagar Despesas / Férias e Lazer,25000.0,54,620.12,15.3,12.97,33926.48
2026-09-14,Pagar Despesas / Férias e Lazer,25000.0,60,573.37,15.1,12.84,34842.2
2026-09-14,Pagar Despesas / Férias e Lazer,25000.0,66,532.99,14.7,12.56,35617.34
2026-09-14,Pagar Despesas / Férias e Lazer,25000.0,72,500.49,14.4,12.4,36475.28
2026-09-14,Pagar Despesas / Férias e Lazer,25000.0,78,470.45,14.0,12.07,37135.1
2026-09-14,Pagar Despesas / Férias e Lazer,25000.0,84,433.18,12.6,10.95,36827.12
2026-09-14,Pagar Despesas / Férias e Lazer,30000.0,54,744.15,15.3,12.97,40712.1
2026-09-14,Pagar Despesas / Férias e Lazer,30000.0,60,688.04,15.1,12.84,41810.4
2026-09-14,Pagar Despesas / Férias e Lazer,30000.0,66,639.58,14.7,12.56,42740.28
2026-09-14,Pagar Despesas / Férias e Lazer,30000.0,72,600.58,14.4,12.4,43769.76
2026-09-14,Pagar Despesas / Férias e Lazer,30000.0,78,564.54,14.0,12.07,44562.12
2026-09-14,Pagar Despesas / Férias e Lazer,30000.0,84,519.82,12.6,10.95,44192.88
2026-09-14,Pagar Despesas / Férias e Lazer,35000.0,54,868.17,15.3,12.97,47497.18
2026-09-14,Pagar Despesas / Férias e Lazer,35000.0,60,802.71,15.1,12.84,48778.6
2026-09-14,Pagar Despesas / Férias e Lazer,35000.0,66,746.18,14.7,12.56,49863.88
2026-09-14,Pagar Despesas / Férias e Lazer,35000.0,72,700.68,14.4,12.4,51064.96
2026-09-14,Pagar Despesas / Férias e Lazer,35000.0,78,658.62,14.0,12.07,51988.36
2026-09-14,Pagar Despesas / Férias e Lazer,35000.0,84,606.45,12.6,10.95,51557.8
2026-09-14,Pagar Despesas / Férias e Lazer,40000.0,54,992.19,15.3,12.97,54282.26
2026-09-14,Pagar Despesas / Férias e Lazer,40000.0,60,917.38,15.1,12.84,55746.8
2026-09-14,Pagar Despesas / Férias e Lazer,40000.0,66,852.77,14.7,12.56,56986.82
2026-09-14,Pagar Despesas / Férias e Lazer,40000.0,72,800.78,14.4,12.4,58360.16
2026-09-14,Pagar Despesas / Férias e Lazer,40000.0,78,752.71,14.0,12.07,59415.38
2026-09-14,Pagar Despesas / Férias e Lazer,40000.0,84,693.09,12.6,10.95,58923.56
2026-09-14,Pagar Despesas / Férias e Lazer,45000.0,54,1116.22,15.3,12.97,61067.88
2026-09-14,Pagar Despesas / Férias e Lazer,45000.0,60,1032.06,15.1,12.84,62715.6
2026-09-14,Pagar Despesas / Férias e Lazer,45000.0,66,959.37,14.7,12.56,64110.42
2026-09-14,Pagar Despesas / Férias e Lazer,45000.0,72,900.87,14.4,12.4,65654.64
2026-09-14,Pagar Despesas / Férias e Lazer,45000.0,78,846.8,14.0,12.07,66842.4
2026-09-14,Pagar Despesas / Férias e Lazer,45000.0,84,779.73,12.6,10.95,66289.32
2026-09-14,Pagar Despesas / Férias e Lazer,50000.0,54,1240.24,15.3,12.97,67852.96
2026-09-14,Pagar Despesas / Férias e Lazer,50000.0,60,1146.73,15.1,12.84,69683.8
2026-09-14,Pagar Despesas / Férias e Lazer,50000.0,66,1065.97,14.7,12.56,71234.02
2026-09-14,Pagar Despesas / Férias e Lazer,50000.0,72,1000.97,14.4,12.4,72949.84
2026-09-14,Pagar Despesas / Férias e Lazer,50000.0,78,940.89,14.0,12.07,74269.42
2026-09-14,Pagar Despesas / Férias e Lazer,50000.0,84,866.36,12.6,10.95,73654.24
2026-09-14,Lar e Recheio,5000.0,24,236.62,15.3,12.05,5766.88
2026-09-14,Lar e Recheio,5000.0,30,195.79,15.3,12.37,5961.7
2026-09-14,Lar e Recheio,5000.0,36,168.68,15.3,12.58,6160.48
2026-09-14,Lar e Recheio,5000.0,42,149.4,15.3,12.73,6362.8
2026-09-14,Lar e Recheio,5000.0,48,135.05,15.3,12.85,6570.4
2026-09-14,Lar e Recheio,5000.0,54,124.03,15.3,12.97,6785.62
2026-09-14,Lar e Recheio,5000.0,60,115.24,15.3,13.05,7002.4
2026-09-14,Lar e Recheio,5000.0,66,108.09,15.3,13.11,7221.94
2026-09-14,Lar e Recheio,5000.0,72,102.17,15.3,13.15,7444.24
2026-09-14,Lar e Recheio,5000.0,78,97.25,15.3,13.2,7673.5
2026-09-14,Lar e Recheio,5000.0,84,93.04,15.3,13.23,7903.36
2026-09-14,Lar e Recheio,10000.0,24,473.23,15.3,12.05,11533.52
2026-09-14,Lar e Recheio,10000.0,30,391.58,15.3,12.37,11923.4
2026-09-14,Lar e Recheio,10000.0,36,337.35,15.3,12.58,12320.6
2026-09-14,Lar e Recheio,10000.0,42,298.8,15.3,12.73,12725.6
2026-09-14,Lar e Recheio,10000.0,48,270.09,15.3,12.85,13140.32
2026-09-14,Lar e Recheio,10000.0,54,248.05,15.3,12.97,13570.7
2026-09-14,Lar e Recheio,10000.0,60,229.35,15.1,12.84,13937.0
2026-09-14,Lar e Recheio,10000.0,66,213.2,14.7,12.56,14247.2
2026-09-14,Lar e Recheio,10000.0,72,200.2,14.4,12.4,14590.4
2026-09-14,Lar e Recheio,10000.0,78,188.18,14.0,12.07,14854.04
2026-09-14,Lar e Recheio,10000.0,84,174.21,12.8,11.12,14809.64
2026-09-14,Lar e Recheio,15000.0,24,709.84,15.3,12.05,17300.16
2026-09-14,Lar e Recheio,15000.0,30,587.37,15.3,12.37,17885.1
2026-09-14,Lar e Recheio,15000.0,36,506.02,15.3,12.58,18480.72
2026-09-14,Lar e Recheio,15000.0,42,448.19,15.3,12.73,19087.98
2026-09-14,Lar e Recheio,15000.0,48,405.13,15.3,12.85,19710.24
2026-09-14,Lar e Recheio,15000.0,54,372.08,15.3,12.97,20356.32
2026-09-14,Lar e Recheio,15000.0,60,344.02,15.1,12.84,20905.2
2026-09-14,Lar e Recheio,15000.0,66,319.79,14.7,12.56,21370.14
2026-09-14,Lar e Recheio,15000.0,72,300.29,14.4,12.4,21884.88
2026-09-14,Lar e Recheio,15000.0,78,282.27,14.0,12.07,22281.06
2026-09-14,Lar e Recheio,15000.0,84,259.91,12.6,10.95,22096.44
2026-09-14,Lar e Recheio,20000.0,24,946.45,15.3,12.05,23066.8
2026-09-14,Lar e Recheio,20000.0,30,783.15,15.3,12.37,23846.5
2026-09-14,Lar e Recheio,20000.0,36,674.69,15.3,12.58,24640.84
2026-09-14,Lar e Recheio,20000.0,42,597.59,15.3,12.73,25450.78
2026-09-14,Lar e Recheio,20000.0,48,540.18,15.3,12.85,26280.64
2026-09-14,Lar e Recheio,20000.0,54,496.1,15.3,12.97,27141.4
2026-09-14,Lar e Recheio,20000.0,60,458.69,15.1,12.84,27873.4
2026-09-14,Lar e Recheio,20000.0,66,426.39,14.7,12.56,28493.74
2026-09-14,Lar e Recheio,20000.0,72,400.39,14.4,12.4,29180.08
2026-09-14,Lar e Recheio,20000.0,78,376.36,14.0,12.07,29708.08
2026-09-14,Lar e Recheio,20000.0,84,346.55,12.6,10.95,29462.2
2026-09-14,Lar e Recheio,25000.0,24,1183.06,15.3,12.05,28833.44
2026-09-14,Lar e Recheio,25000.0,30,978.94,15.3,12.37,29808.2
2026-09-14,Lar e Recheio,25000.0,36,843.36,15.3,12.58,30800.96
2026-09-14,Lar e Recheio,25000.0,42,746.98,15.3,12.73,31813.16
2026-09-14,Lar e Recheio,25000.0,48,675.22,15.3,12.85,32850.56
2026-09-14,Lar e Recheio,25000.0,54,620.12,15.3,12.97,33926.48
2026-09-14,Lar e Recheio,25000.0,60,573.37,15.1,12.84,34842.2
2026-09-14,Lar e Recheio,25000.0,66,532.99,14.7,12.56,35617.34
2026-09-14,Lar e Recheio,25000.0,72,500.49,14.4,12.4,36475.28
2026-09-14,Lar e Recheio,25000.0,78,470.45,14.0,12.07,37135.1
2026-09-14,Lar e Recheio,25000.0,84,433.18,12.6,10.95,36827.12
2026-09-14,Lar e Recheio,30000.0,24,1419.67,15.3,12.05,34600.08
2026-09-14,Lar e Recheio,30000.0,30,1174.73,15.3,12.37,35769.9
2026-09-14,Lar e Recheio,30000.0,36,1012.03,15.3,12.58,36961.08
2026-09-14,Lar e Recheio,30000.0,42,896.38,15.3,12.73,38175.96
2026-09-14,Lar e Recheio,30000.0,48,810.26,15.3,12.85,39420.48
2026-09-14,Lar e Recheio,30000.0,54,744.15,15.3,12.97,40712.1
2026-09-14,Lar e Recheio,30000.0,60,688.04,15.1,12.84,41810.4
2026-09-14,Lar e Recheio,30000.0,66,639.58,14.7,12.56,42740.28
2026-09-14,Lar e Recheio,30000.0,72,600.58,14.4,12.4,43769.76
2026-09-14,Lar e Recheio,30000.0,78,564.54,14.0,12.07,44562.12
2026-09-14,Lar e Recheio,30000.0,84,519.82,12.6,10.95,44192.88
2026-09-14,Lar e Recheio,35000.0,24,1656.29,15.3,12.05,40366.96
2026-09-14,Lar e Recheio,35000.0,30,1370.51,15.3,12.37,41731.3
2026-09-14,Lar e Recheio,35000.0,36,1180.7,15.3,12.58,43121.2
2026-09-14,Lar e Recheio,35000.0,42,1045.78,15.3,12.73,44538.76
2026-09-14,Lar e Recheio,35000.0,48,945.3,15.3,12.85,45990.4
2026-09-14,Lar e Recheio,35000.0,54,868.17,15.3,12.97,47497.18
2026-09-14,Lar e Recheio,35000.0,60,802.71,15.1,12.84,48778.6
2026-09-14,Lar e Recheio,35000.0,66,746.18,14.7,12.56,49863.88
2026-09-14,Lar e Recheio,35000.0,72,700.68,14.4,12.4,51064.96
2026-09-14,Lar e Recheio,35000.0,78,658.62,14.0,12.07,51988.36
2026-09-14,Lar e Recheio,35000.0,84,606.45,12.6,10.95,51557.8
2026-09-14,Lar e Recheio,40000.0,24,1892.9,15.3,12.05,46133.6
2026-09-14,Lar e Recheio,40000.0,30,1566.3,15.3,12.37,47693.0
2026-09-14,Lar e Recheio,40000.0,36,1349.37,15.3,12.58,49281.32
2026-09-14,Lar e Recheio,40000.0,42,1195.17,15.3,12.73,50901.14
2026-09-14,Lar e Recheio,40000.0,48,1080.35,15.3,12.85,52560.8
2026-09-14,Lar e Recheio,40000.0,54,992.19,15.3,12.97,54282.26
2026-09-14,Lar e Recheio,40000.0,60,917.38,15.1,12.84,55746.8
2026-09-14,Lar e Recheio,40000.0,66,852.77,14.7,12.56,56986.82
2026-09-14,Lar e Recheio,40000.0,72,800.78,14.4,12.4,58360.16
2026-09-14,Lar e Recheio,40000.0,78,752.71,14.0,12.07,59415.38
2026-09-14,Lar e Recheio,40000.0,84,693.09,12.6,10.95,58923.56
2026-09-14,Lar e Recheio,45000.0,24,2129.51,15.3,12.05,51900.24
2026-09-14,Lar e Recheio,45000.0,30,1762.09,15.3,12.37,53654.7
2026-09-14,Lar e Recheio,45000.0,36,1518.04,15.3,12.58,55441.44
2026-09-14,Lar e Recheio,45000.0,42,1344.57,15.3,12.73,57263.94
2026-09-14,Lar e Recheio,45000.0,48,1215.39,15.3,12.85,59130.72
2026-09-14,Lar e Recheio,45000.0,54,1116.22,15.3,12.97,61067.88
2026-09-14,Lar e Recheio,45000.0,60,1032.06,15.1,12.84,62715.6
2026-09-14,Lar e Recheio,45000.0,66,959.37,14.7,12.56,64110.42
2026-09-14,Lar e Recheio,45000.0,72,900.87,14.4,12.4,65654.64
2026-09-14,Lar e Recheio,45000.0,78,846.8,14.0,12.07,66842.4
2026-09-14,Lar e Recheio,45000.0,84,779.73,12.6,10.95,66289.32
2026-09-14,Lar e Recheio,50000.0,24,2366.12,15.3,12.05,57666.88
2026-09-14,Lar e Recheio,50000.0,30,1957.87,15.3,12.37,59616.1
2026-09-14,Lar e Recheio,50000.0,36,1686.71,15.3,12.58,61601.56
2026-09-14,Lar e Recheio,50000.0,42,1493.96,15.3,12.73,63626.32
2026-09-14,Lar e Recheio,50000.0,48,1350.43,15.3,12.85,65700.64
2026-09-14,Lar e Recheio,50000.0,54,1240.24,15.3,12.97,67852.96
2026-09-14,Lar e Recheio,50000.0,60,1146.73,15.1,12.84,69683.8
2026-09-14,Lar e Recheio,50000.0,66,1065.97,14.7,12.56,71234.02
2026-09-14,Lar e Recheio,50000.0,72,1000.97,14.4,12.4,72949.84
2026-09-14,Lar e Recheio,50000.0,78,940.89,14.0,12.07,74269.42
2026-09-14,Lar e Recheio,50000.0,84,866.36,12.6,10.95,73654.24
2026-09-14,Formação,2500.0,24,111.72,8.9,6.55,2725.28
2026-09-14,Formação,2500.0,30,91.24,8.9,6.86,2781.2
2026-09-14,Formação,2500.0,36,77.61,8.9,7.08,2837.96
2026-09-14,Formação,2500.0,42,67.88,8.9,7.22,2894.96
2026-09-14,Formação,2500.0,48,60.61,8.9,7.34,2953.28
2026-09-14,Formação,2500.0,54,54.96,8.9,7.43,3011.84
2026-09-14,Formação,2500.0,60,50.46,8.9,7.5,3071.6
2026-09-14,Formação,2500.0,66,46.8,8.9,7.57,3132.8
2026-09-14,Formação,2500.0,72,43.73,8.9,7.61,3192.56
2026-09-14,Formação,5000.0,24,223.44,8.9,6.55,5450.56
2026-09-14,Formação,5000.0,30,182.47,8.9,6.86,5562.1
2026-09-14,Formação,5000.0,36,155.22,8.9,7.08,5675.92
2026-09-14,Formação,5000.0,42,135.75,8.9,7.22,5789.5
2026-09-14,Formação,5000.0,48,121.21,8.9,7.34,5906.08
2026-09-14,Formação,5000.0,54,109.92,8.9,7.43,6023.68
2026-09-14,Formação,5000.0,60,100.91,8.9,7.5,6142.6
2026-09-14,Formação,5000.0,66,93.59,8.9,7.57,6264.94
2026-09-14,Formação,5000.0,72,87.46,8.9,7.61,6385.12
2026-09-14,Formação,5000.0,78,82.31,8.9,7.65,6508.18
2026-09-14,Formação,5000.0,84,77.93,8.9,7.69,6634.12
2026-09-14,Formação,10000.0,24,446.88,8.9,6.55,10901.12
2026-09-14,Formação,10000.0,30,364.94,8.9,6.86,11124.2
2026-09-14,Formação,10000.0,36,310.44,8.9,7.08,11351.84
2026-09-14,Formação,10000.0,42,271.5,8.9,7.22,11579.0
2026-09-14,Formação,10000.0,48,242.42,8.9,7.34,11812.16
2026-09-14,Formação,10000.0,54,219.84,8.9,7.43,12047.36
2026-09-14,Formação,10000.0,60,201.81,8.9,7.5,12284.6
2026-09-14,Formação,10000.0,66,187.17,8.9,7.57,12529.22
2026-09-14,Formação,10000.0,72,174.92,8.9,7.61,12770.24
2026-09-14,Formação,10000.0,78,164.62,8.9,7.65,13016.36
2026-09-14,Formação,10000.0,84,155.86,8.9,7.69,13268.24
2026-09-14,Formação,10000.0,90,148.27,8.9,7.72,13520.3
2026-09-14,Formação,10000.0,96,141.68,8.9,7.75,13777.28
2026-09-14,Formação,10000.0,102,135.91,8.9,7.78,14038.82
2026-09-14,Formação,10000.0,108,130.77,8.9,7.8,14299.16
2026-09-14,Formação,10000.0,114,126.21,8.9,7.82,14563.94
2026-09-14,Formação,10000.0,120,122.09,8.9,7.83,14826.8
2026-09-14,Formação,15000.0,24,670.32,8.9,6.55,16351.68
2026-09-14,Formação,15000.0,30,547.4,8.9,6.86,16686.0
2026-09-14,Formação,15000.0,36,465.66,8.9,7.08,17027.76
2026-09-14,Formação,15000.0,42,407.24,8.9,7.22,17368.08
2026-09-14,Formação,15000.0,48,363.62,8.9,7.34,17717.76
2026-09-14,Formação,15000.0,54,329.76,8.9,7.43,18071.04
2026-09-14,Formação,15000.0,60,302.72,8.9,7.5,18427.2
2026-09-14,Formação,15000.0,66,280.76,8.9,7.57,18794.16
2026-09-14,Formação,15000.0,72,262.38,8.9,7.61,19155.36
2026-09-14,Formação,15000.0,78,246.93,8.9,7.65,19524.54
2026-09-14,Formação,15000.0,84,233.78,8.9,7.69,19901.52
2026-09-14,Formação,15000.0,90,222.4,8.9,7.72,20280.0
2026-09-14,Formação,15000.0,96,212.51,8.9,7.75,20664.96
2026-09-14,Formação,15000.0,102,203.86,8.9,7.78,21057.72
2026-09-14,Formação,15000.0,108,196.16,8.9,7.8,21449.28
2026-09-14,Formação,15000.0,114,189.32,8.9,7.82,21846.48
2026-09-14,Formação,15000.0,120,183.13,8.9,7.83,22239.6
2026-09-14,Formação,20000.0,24,893.75,8.9,6.55,21802.0
2026-09-14,Formação,20000.0,30,729.87,8.9,6.86,22248.1
2026-09-14,Formação,20000.0,36,620.87,8.9,7.08,22703.32
2026-09-14,Formação,20000.0,42,542.99,8.9,7.22,23157.58
2026-09-14,Formação,20000.0,48,484.83,8.9,7.34,23623.84
2026-09-14,Formação,20000.0,54,439.67,8.9,7.43,24094.18
2026-09-14,Formação,20000.0,60,403.62,8.9,7.5,24569.2
2026-09-14,Formação,20000.0,66,374.34,8.9,7.57,25058.44
2026-09-14,Formação,20000.0,72,349.83,8.9,7.61,25539.76
2026-09-14,Formação,20000.0,78,329.23,8.9,7.65,26031.94
2026-09-14,Formação,20000.0,84,311.71,8.9,7.69,26535.64
2026-09-14,Formação,20000.0,90,296.53,8.9,7.72,27039.7
2026-09-14,Formação,20000.0,96,283.35,8.9,7.75,27553.6
2026-09-14,Formação,20000.0,102,271.81,8.9,7.78,28076.62
2026-09-14,Formação,20000.0,108,261.54,8.9,7.8,28598.32
2026-09-14,Formação,20000.0,114,252.42,8.9,7.82,29127.88
2026-09-14,Formação,20000.0,120,244.18,8.9,7.83,29653.6
2026-09-14,Eficiência Energética,10000.0,84,155.91,8.9,7.7,13272.44
2026-09-14,Eficiência Energética,15000.0,54,329.9,8.9,7.45,18078.6
2026-09-14,Eficiência Energética,15000.0,60,302.72,8.9,7.5,18427.2
2026-09-14,Eficiência Energética,15000.0,66,280.61,8.9,7.55,18784.26
2026-09-14,Eficiência Energética,15000.0,72,262.3,8.9,7.6,19149.6
2026-09-14,Eficiência Energética,15000.0,78,246.93,8.9,7.65,19524.54
2026-09-14,Eficiência Energética,15000.0,84,233.86,8.9,7.7,19908.24
2026-09-14,Eficiência Energética,20000.0,54,439.87,8.9,7.45,24104.98
2026-09-14,Eficiência Energética,20000.0,60,403.62,8.9,7.5,24569.2
2026-09-14,Eficiência Energética,20000.0,66,374.14,8.9,7.55,25045.24
2026-09-14,Eficiência Energética,20000.0,72,349.73,8.9,7.6,25532.56
2026-09-14,Eficiência Energética,20000.0,78,329.23,8.9,7.65,26031.94
2026-09-14,Eficiência Energética,20000.0,84,311.81,8.9,7.7,26544.04
2026-09-14,Eficiência Energética,25000.0,54,549.83,8.9,7.45,30130.82
2026-09-14,Eficiência Energética,25000.0,60,504.53,8.9,7.5,30711.8
2026-09-14,Eficiência Energética,25000.0,66,467.67,8.9,7.55,31306.22
2026-09-14,Eficiência Energética,25000.0,72,437.17,8.9,7.6,31916.24
2026-09-14,Eficiência Energética,25000.0,78,411.54,8.9,7.65,32540.12
2026-09-14,Eficiência Energética,25000.0,84,389.76,8.9,7.7,33179.84
2026-09-14,Eficiência Energética,30000.0,54,659.8,8.9,7.45,36157.2
2026-09-14,Eficiência Energética,30000.0,60,605.43,8.9,7.5,36853.8
2026-09-14,Eficiência Energética,30000.0,66,561.21,8.9,7.55,37567.86
2026-09-14,Eficiência Energética,30000.0,72,524.6,8.9,7.6,38299.2
2026-09-14,Eficiência Energética,30000.0,78,493.85,8.9,7.65,39048.3
2026-09-14,Eficiência Energética,30000.0,84,467.71,8.9,7.7,39815.64
2026-09-14,Eficiência Energética,35000.0,54,769.77,8.9,7.45,42183.58
2026-09-14,Eficiência Energética,35000.0,60,706.33,8.9,7.5,42995.8
2026-09-14,Eficiência Energética,35000.0,66,654.74,8.9,7.55,43828.84
2026-09-14,Eficiência Energética,35000.0,72,612.03,8.9,7.6,44682.16
2026-09-14,Eficiência Energética,35000.0,78,576.16,8.9,7.65,45556.48
2026-09-14,Eficiência Energética,35000.0,84,545.66,8.9,7.7,46451.44
2026-09-14,Eficiência Energética,40000.0,54,879.73,8.9,7.45,48209.42
2026-09-14,Eficiência Energética,40000.0,60,807.24,8.9,7.5,49138.4
2026-09-14,Eficiência Energética,40000.0,66,748.27,8.9,7.55,50089.82
2026-09-14,Eficiência Energética,40000.0,72,699.46,8.9,7.6,51065.12
2026-09-14,Eficiência Energética,40000.0,78,658.46,8.9,7.65,52063.88
2026-09-14,Eficiência Energética,40000.0,84,623.61,8.9,7.7,53087.24
2026-09-14,Eficiência Energética,45000.0,54,989.7,8.9,7.45,54235.8
2026-09-14,Eficiência Energética,45000.0,60,908.14,8.9,7.5,55280.4
2026-09-14,Eficiência Energética,45000.0,66,841.81,8.9,7.55,56351.46
2026-09-14,Eficiência Energética,45000.0,72,786.89,8.9,7.6,57448.08
2026-09-14,Eficiência Energética,45000.0,78,740.77,8.9,7.65,58572.06
2026-09-14,Eficiência Energética,45000.0,84,701.56,8.9,7.7,59723.04
2026-09-14,Eficiência Energética,50000.0,54,1099.66,8.9,7.45,60261.64
2026-09-14,Eficiência Energética,50000.0,60,1009.05,8.9,7.5,61423.0
2026-09-14,Eficiência Energética,50000.0,66,935.34,8.9,7.55,62612.44
2026-09-14,Eficiência Energética,50000.0,72,874.33,8.9,7.6,63831.76
2026-09-14,Eficiência Energética,50000.0,78,823.08,8.9,7.65,65080.24
2026-09-14,Eficiência Energética,50000.0,84,779.52,8.9,7.7,66359.68
2026-09-15,Pagar Despesas / Férias e Lazer,5000.0,54,124.03,15.3,12.97,6785.62
2026-09-15,Pagar Despesas / Férias e Lazer,5000.0,60,115.24,15.3,13.05,7002.4
2026-09-15,Pagar Despesas / Férias e Lazer,5000.0,66,108.09,15.3,13.11,7221.94
2026-09-15,Pagar Despesas / Férias e Lazer,5000.0,72,102.17,15.3,13.15,7444.24
2026-09-15,Pagar Despesas / Férias e Lazer,5000.0,78,97.25,15.3,13.2,7673.5
2026-09-15,Pagar Despesas / Férias e Lazer,5000.0,84,93.04,15.3,13.23,7903.36
2026-09-15,Pagar Despesas / Férias e Lazer,10000.0,54,248.05,15.3,12.97,13570.7
2026-09-15,Pagar Despesas / Férias e Lazer,10000.0,60,229.35,15.1,12.84,13937.0
2026-09-15,Pagar Despesas / Férias e Lazer,10000.0,66,213.2,14.7,12.56,14247.2
2026-09-15,Pagar Despesas / Férias e Lazer,10000.0,72,200.2,14.4,12.4,14590.4
2026-09-15,Pagar Despesas / Férias e Lazer,10000.0,78,188.18,14.0,12.07,14854.04
2026-09-15,Pagar Despesas / Férias e Lazer,10000.0,84,174.21,12.8,11.12,14809.64
2026-09-15,Pagar Despesas / Férias e Lazer,15000.0,54,372.08,15.3,12.97,20356.32
2026-09-15,Pagar Despesas / Férias e Lazer,15000.0,60,344.02,15.1,12.84,20905.2
2026-09-15,Pagar Despesas / Férias e Lazer,15000.0,66,319.79,14.7,12.56,21370.14
2026-09-15,Pagar Despesas / Férias e Lazer,15000.0,72,300.29,14.4,12.4,21884.88
2026-09-15,Pagar Despesas / Férias e Lazer,15000.0,78,282.27,14.0,12.07,22281.06
2026-09-15,Pagar Despesas / Férias e Lazer,15000.0,84,259.91,12.6,10.95,22096.44
2026-09-15,Pagar Despesas / Férias e Lazer,20000.0,54,496.1,15.3,12.97,27141.4
2026-09-15,Pagar Despesas / Férias e Lazer,20000.0,60,458.69,15.1,12.84,27873.4
2026-09-15,Pagar Despesas / Férias e Lazer,20000.0,66,426.39,14.7,12.56,28493.74
2026-09-15,Pagar Despesas / Férias e Lazer,20000.0,72,400.39,14.4,12.4,29180.08
2026-09-15,Pagar Despesas / Férias e Lazer,20000.0,78,376.36,14.0,12.07,29708.08
2026-09-15,Pagar Despesas / Férias e Lazer,20000.0,84,346.55,12.6,10.95,29462.2
2026-09-15,Pagar Despesas / Férias e Lazer,25000.0,54,620.12,15.3,12.97,33926.48
2026-09-15,Pagar Despesas / Férias e Lazer,25000.0,60,573.37,15.1,12.84,34842.2
2026-09-15,Pagar Despesas / Férias e Lazer,25000.0,66,532.99,14.7,12.56,35617.34
2026-09-15,Pagar Despesas / Férias e Lazer,25000.0,72,500.49,14.4,12.4,36475.28
2026-09-15,Pagar Despesas / Férias e Lazer,25000.0,78,470.45,14.0,12.07,37135.1
2026-09-15,Pagar Despesas / Férias e Lazer,25000.0,84,433.18,12.6,10.95,36827.12
2026-09-15,Pagar Despesas / Férias e Lazer,30000.0,54,744.15,15.3,12.97,40712.1
2026-09-15,Pagar Despesas / Férias e Lazer,30000.0,60,688.04,15.1,12.84,41810.4
2026-09-15,Pagar Despesas / Férias e Lazer,30000.0,66,639.58,14.7,12.56,42740.28
2026-09-15,Pagar Despesas / Férias e Lazer,30000.0,72,600.58,14.4,12.4,43769.76
2026-09-15,Pagar Despesas / Férias e Lazer,30000.0,78,564.54,14.0,12.07,44562.12
2026-09-15,Pagar Despesas / Férias e Lazer,30000.0,84,519.82,12.6,10.95,44192.88
2026-09-15,Pagar Despesas / Férias e Lazer,35000.0,54,868.17,15.3,12.97,47497.18
2026-09-15,Pagar Despesas / Férias e Lazer,35000.0,60,802.71,15.1,12.84,48778.6
2026-09-15,Pagar Despesas / Férias e Lazer,35000.0,66,746.18,14.7,12.56,49863.88
2026-09-15,Pagar Despesas / Férias e Lazer,35000.0,72,700.68,14.4,12.4,51064.96
2026-09-15,Pagar Despesas / Férias e Lazer,35000.0,78,658.62,14.0,12.07,51988.36
2026-09-15,Pagar Despesas / Férias e Lazer,35000.0,84,606.45,12.6,10.95,51557.8
2026-09-15,Pagar Despesas / Férias e Lazer,40000.0,54,992.19,15.3,12.97,54282.26
2026-09-15,Pagar Despesas / Férias e Lazer,40000.0,60,917.38,15.1,12.84,55746.8
2026-09-15,Pagar Despesas / Férias e Lazer,40000.0,66,852.77,14.7,12.56,56986.82
2026-09-15,Pagar Despesas / Férias e Lazer,40000.0,72,800.78,14.4,12.4,58360.16
2026-09-15,Pagar Despesas / Férias e Lazer,40000.0,78,752.71,14.0,12.07,59415.38
2026-09-15,Pagar Despesas / Férias e Lazer,40000.0,84,693.09,12.6,10.95,58923.56
2026-09-15,Pagar Despesas / Férias e Lazer,45000.0,54,1116.22,15.3,12.97,61067.88
2026-09-15,Pagar Despesas / Férias e Lazer,45000.0,60,1032.06,15.1,12.84,62715.6
2026-09-15,Pagar Despesas / Férias e Lazer,45000.0,66,959.37,14.7,12.56,64110.42
2026-09-15,Pagar Despesas / Férias e Lazer,45000.0,72,900.87,14.4,12.4,65654.64
2026-09-15,Pagar Despesas / Férias e Lazer,45000.0,78,846.8,14.0,12.07,66842.4
2026-09-15,Pagar Despesas / Férias e Lazer,45000.0,84,779.73,12.6,10.95,66289.32
2026-09-15,Pagar Despesas / Férias e Lazer,50000.0,54,1240.24,15.3,12.97,67852.96
2026-09-15,Pagar Despesas / Férias e Lazer,50000.0,60,1146.73,15.1,12.84,69683.8
2026-09-15,Pagar Despesas / Férias e Lazer,50000.0,66,1065.97,14.7,12.56,71234.02
2026-09-15,Pagar Despesas / Férias e Lazer,50000.0,72,1000.97,14.4,12.4,72949.84
2026-09-15,Pagar Despesas / Férias e Lazer,50000.0,78,940.89,14.0,12.07,74269.42
2026-09-15,Pagar Despesas / Férias e Lazer,50000.0,84,866.36,12.6,10.95,73654.24
2026-09-15,Lar e Recheio,5000.0,24,236.62,15.3,12.05,5766.88
2026-09-15,Lar e Recheio,5000.0,30,195.79,15.3,12.37,5961.7
2026-09-15,Lar e Recheio,5000.0,36,168.68,15.3,12.58,6160.48
2026-09-15,Lar e Recheio,5000.0,42,149.4,15.3,12.73,6362.8
2026-09-15,Lar e Recheio,5000.0,48,135.05,15.3,12.85,6570.4
2026-09-15,Lar e Recheio,5000.0,54,124.03,15.3,12.97,6785.62
2026-09-15,Lar e Recheio,5000.0,60,115.24,15.3,13.05,7002.4
2026-09-15,Lar e Recheio,5000.0,66,108.09,15.3,13.11,7221.94
2026-09-15,Lar e Recheio,5000.0,72,102.17,15.3,13.15,7444.24
2026-09-15,Lar e Recheio,5000.0,78,97.25,15.3,13.2,7673.5
2026-09-15,Lar e Recheio,5000.0,84,93.04,15.3,13.23,7903.36
2026-09-15,Lar e Recheio,10000.0,24,473.23,15.3,12.05,11533.52
2026-09-15,Lar e Recheio,10000.0,30,391.58,15.3,12.37,11923.4
2026-09-15,Lar e Recheio,10000.0,36,337.35,15.3,12.58,12320.6
2026-09-15,Lar e Recheio,10000.0,42,298.8,15.3,12.73,12725.6
2026-09-15,Lar e Recheio,10000.0,48,270.09,15.3,12.85,13140.32
2026-09-15,Lar e Recheio,10000.0,54,248.05,15.3,12.97,13570.7
2026-09-15,Lar e Recheio,10000.0,60,229.35,15.1,12.84,13937.0
2026-09-15,Lar e Recheio,10000.0,66,213.2,14.7,12.56,14247.2
2026-09-15,Lar e Recheio,10000.0,72,200.2,14.4,12.4,14590.4
2026-09-15,Lar e Recheio,10000.0,78,188.18,14.0,12.07,14854.04
2026-09-15,Lar e Recheio,10000.0,84,174.21,12.8,11.12,14809.64
2026-09-15,Lar e Recheio,15000.0,24,709.84,15.3,12.05,17300.16
2026-09-15,Lar e Recheio,15000.0,30,587.37,15.3,12.37,17885.1
2026-09-15,Lar e Recheio,15000.0,36,506.02,15.3,12.58,18480.72
2026-09-15,Lar e Recheio,15000.0,42,448.19,15.3,12.73,19087.98
2026-09-15,Lar e Recheio,15000.0,48,405.13,15.3,12.85,19710.24
2026-09-15,Lar e Recheio,15000.0,54,372.08,15.3,12.97,20356.32
2026-09-15,Lar e Recheio,15000.0,60,344.02,15.1,12.84,20905.2
2026-09-15,Lar e Recheio,15000.0,66,319.79,14.7,12.56,21370.14
2026-09-15,Lar e Recheio,15000.0,72,300.29,14.4,12.4,21884.88
2026-09-15,Lar e Recheio,15000.0,78,282.27,14.0,12.07,22281.06
2026-09-15,Lar e Recheio,15000.0,84,259.91,12.6,10.95,22096.44
2026-09-15,Lar e Recheio,20000.0,24,946.45,15.3,12.05,23066.8
2026-09-15,Lar e Recheio,20000.0,30,783.15,15.3,12.37,23846.5
2026-09-15,Lar e Recheio,20000.0,36,674.69,15.3,12.58,24640.84
2026-09-15,Lar e Recheio,20000.0,42,597.59,15.3,12.73,25450.78
2026-09-15,Lar e Recheio,20000.0,48,540.18,15.3,12.85,26280.64
2026-09-15,Lar e Recheio,20000.0,54,496.1,15.3,12.97,27141.4
2026-09-15,Lar e Recheio,20000.0,60,458.69,15.1,12.84,27873.4
2026-09-15,Lar e Recheio,20000.0,66,426.39,14.7,12.56,28493.74
2026-09-15,Lar e Recheio,20000.0,72,400.39,14.4,12.4,29180.08
2026-09-15,Lar e Recheio,20000.0,78,376.36,14.0,12.07,29708.08
2026-09-15,Lar e Recheio,20000.0,84,346.55,12.6,10.95,29462.2
2026-09-15,Lar e Recheio,25000.0,24,1183.06,15.3,12.05,28833.44
2026-09-15,Lar e Recheio,25000.0,30,978.94,15.3,12.37,29808.2
2026-09-15,Lar e Recheio,25000.0,36,843.36,15.3,12.58,30800.96
2026-09-15,Lar e Recheio,25000.0,42,746.98,15.3,12.73,31813.16
2026-09-15,Lar e Recheio,25000.0,48,675.22,15.3,12.85,32850.56
2026-09-15,Lar e Recheio,25000.0,54,620.12,15.3,12.97,33926.48
2026-09-15,Lar e Recheio,25000.0,60,573.37,15.1,12.84,34842.2
2026-09-15,Lar e Recheio,25000.0,66,532.99,14.7,12.56,35617.34
2026-09-15,Lar e Recheio,25000.0,72,500.49,14.4,12.4,36475.28
2026-09-15,Lar e Recheio,25000.0,78,470.45,14.0,12.07,37135.1
2026-09-15,Lar e Recheio,25000.0,84,433.18,12.6,10.95,36827.12
2026-09-15,Lar e Recheio,30000.0,24,1419.67,15.3,12.05,34600.08
2026-09-15,Lar e Recheio,30000.0,30,1174.73,15.3,12.37,35769.9
2026-09-15,Lar e Recheio,30000.0,36,1012.03,15.3,12.58,36961.08
2026-09-15,Lar e Recheio,30000.0,42,896.38,15.3,12.73,38175.96
2026-09-15,Lar e Recheio,30000.0,48,810.26,15.3,12.85,39420.48
2026-09-15,Lar e Recheio,30000.0,54,744.15,15.3,12.97,40712.1
2026-09-15,Lar e Recheio,30000.0,60,688.04,15.1,12.84,41810.4
2026-09-15,Lar e Recheio,30000.0,66,639.58,14.7,12.56,42740.28
2026-09-15,Lar e Recheio,30000.0,72,600.58,14.4,12.4,43769.76
2026-09-15,Lar e Recheio,30000.0,78,564.54,14.0,12.07,44562.12
2026-09-15,Lar e Recheio,30000.0,84,519.82,12.6,10.95,44192.88
2026-09-15,Lar e Recheio,35000.0,24,1656.29,15.3,12.05,40366.96
2026-09-15,Lar e Recheio,35000.0,30,1370.51,15.3,12.37,41731.3
2026-09-15,Lar e Recheio,35000.0,36,1180.7,15.3,12.58,43121.2
2026-09-15,Lar e Recheio,35000.0,42,1045.78,15.3,12.73,44538.76
2026-09-15,Lar e Recheio,35000.0,48,945.3,15.3,12.85,45990.4
2026-09-15,Lar e Recheio,35000.0,54,868.17,15.3,12.97,47497.18
2026-09-15,Lar e Recheio,35000.0,60,802.71,15.1,12.84,48778.6
2026-09-15,Lar e Recheio,35000.0,66,746.18,14.7,12.56,49863.88
2026-09-15,Lar e Recheio,35000.0,72,700.68,14.4,12.4,51064.96
2026-09-15,Lar e Recheio,35000.0,78,658.62,14.0,12.07,51988.36
2026-09-15,Lar e Recheio,35000.0,84,606.45,12.6,10.95,51557.8
2026-09-15,Lar e Recheio,40000.0,24,1892.9,15.3,12.05,46133.6
2026-09-15,Lar e Recheio,40000.0,30,1566.3,15.3,12.37,47693.0
2026-09-15,Lar e Recheio,40000.0,36,1349.37,15.3,12.58,49281.32
2026-09-15,Lar e Recheio,40000.0,42,1195.17,15.3,12.73,50901.14
2026-09-15,Lar e Recheio,40000.0,48,1080.35,15.3,12.85,52560.8
2026-09-15,Lar e Recheio,40000.0,54,992.19,15.3,12.97,54282.26
2026-09-15,Lar e Recheio,40000.0,60,917.38,15.1,12.84,55746.8
2026-09-15,Lar e Recheio,40000.0,66,852.77,14.7,12.56,56986.82
2026-09-15,Lar e Recheio,40000.0,72,800.78,14.4,12.4,58360.16
2026-09-15,Lar e Recheio,40000.0,78,752.71,14.0,12.07,59415.38
2026-09-15,Lar e Recheio,40000.0,84,693.09,12.6,10.95,58923.56
2026-09-15,Lar e Recheio,45000.0,24,2129.51,15.3,12.05,51900.24
2026-09-15,Lar e Recheio,45000.0,30,1762.09,15.3,12.37,53654.7
2026-09-15,Lar e Recheio,45000.0,36,1518.04,15.3,12.58,55441.44
2026-09-15,Lar e Recheio,45000.0,42,1344.57,15.3,12.73,57263.94
2026-09-15,Lar e Recheio,45000.0,48,1215.39,15.3,12.85,59130.72
2026-09-15,Lar e Recheio,45000.0,54,1116.22,15.3,12.97,61067.88
2026-09-15,Lar e Recheio,45000.0,60,1032.06,15.1,12.84,62715.6
2026-09-15,Lar e Recheio,45000.0,66,959.37,14.7,12.56,64110.42
2026-09-15,Lar e Recheio,45000.0,72,900.87,14.4,12.4,65654.64
2026-09-15,Lar e Recheio,45000.0,78,846.8,14.0,12.07,66842.4
2026-09-15,Lar e Recheio,45000.0,84,779.73,12.6,10.95,66289.32
2026-09-15,Lar e Recheio,50000.0,24,2366.12,15.3,12.05,57666.88
2026-09-15,Lar e Recheio,50000.0,30,1957.87,15.3,12.37,59616.1
2026-09-15,Lar e Recheio,50000.0,36,1686.71,15.3,12.58,61601.56
2026-09-15,Lar e Recheio,50000.0,42,1493.96,15.3,12.73,63626.32
2026-09-15,Lar e Recheio,50000.0,48,1350.43,15.3,12.85,65700.64
2026-09-15,Lar e Recheio,50000.0,54,1240.24,15.3,12.97,67852.96
2026-09-15,Lar e Recheio,50000.0,60,1146.73,15.1,12.84,69683.8
2026-09-15,Lar e Recheio,50000.0,66,1065.97,14.7,12.56,71234.02
2026-09-15,Lar e Recheio,50000.0,72,1000.97,14.4,12.4,72949.84
2026-09-15,Lar e Recheio,50000.0,78,940.89,14.0,12.07,74269.42
2026-09-15,Lar e Recheio,50000.0,84,866.36,12.6,10.95,73654.24
2026-09-15,Formação,2500.0,24,111.72,8.9,6.55,2725.28
2026-09-15,Formação,2500.0,30,91.24,8.9,6.86,2781.2
2026-09-15,Formação,2500.0,36,77.61,8.9,7.08,2837.96
2026-09-15,Formação,2500.0,42,67.88,8.9,7.22,2894.96
2026-09-15,Formação,2500.0,48,60.61,8.9,7.34,2953.28
2026-09-15,Formação,2500.0,54,54.96,8.9,7.43,3011.84
2026-09-15,Formação,2500.0,60,50.46,8.9,7.5,3071.6
2026-09-15,Formação,2500.0,66,46.8,8.9,7.57,3132.8
2026-09-15,Formação,2500.0,72,43.73,8.9,7.61,3192.56
2026-09-15,Formação,5000.0,24,223.44,8.9,6.55,5450.56
2026-09-15,Formação,5000.0,30,182.47,8.9,6.86,5562.1
2026-09-15,Formação,5000.0,36,155.22,8.9,7.08,5675.92
2026-09-15,Formação,5000.0,42,135.75,8.9,7.22,5789.5
2026-09-15,Formação,5000.0,48,121.21,8.9,7.34,5906.08
2026-09-15,Formação,5000.0,54,109.92,8.9,7.43,6023.68
2026-09-15,Formação,5000.0,60,100.91,8.9,7.5,6142.6
2026-09-15,Formação,5000.0,66,93.59,8.9,7.57,6264.94
2026-09-15,Formação,5000.0,72,87.46,8.9,7.61,6385.12
2026-09-15,Formação,5000.0,78,82.31,8.9,7.65,6508.18
2026-09-15,Formação,5000.0,84,77.93,8.9,7.69,6634.12
2026-09-15,Formação,10000.0,24,446.88,8.9,6.55,10901.12
2026-09-15,Formação,10000.0,30,364.94,8.9,6.86,11124.2
2026-09-15,Formação,10000.0,36,310.44,8.9,7.08,11351.84
2026-09-15,Formação,10000.0,42,271.5,8.9,7.22,11579.0
2026-09-15,Formação,10000.0,48,242.42,8.9,7.34,11812.16
2026-09-15,Formação,10000.0,54,219.84,8.9,7.43,12047.36
2026-09-15,Formação,10000.0,60,201.81,8.9,7.5,12284.6
2026-09-15,Formação,10000.0,66,187.17,8.9,7.57,12529.22
2026-09-15,Formação,10000.0,72,174.92,8.9,7.61,12770.24
2026-09-15,Formação,10000.0,78,164.62,8.9,7.65,13016.36
2026-09-15,Formação,10000.0,84,155.86,8.9,7.69,13268.24
2026-09-15,Formação,10000.0,90,148.27,8.9,7.72,13520.3
2026-09-15,Formação,10000.0,96,141.68,8.9,7.75,13777.28
2026-09-15,Formação,10000.0,102,135.91,8.9,7.78,14038.82
2026-09-15,Formação,10000.0,108,130.77,8.9,7.8,14299.16
2026-09-15,Formação,10000.0,114,126.21,8.9,7.82,14563.94
2026-09-15,Formação,10000.0,120,122.09,8.9,7.83,14826.8
2026-09-15,Formação,15000.0,24,670.32,8.9,6.55,16351.68
2026-09-15,Formação,15000.0,30,547.4,8.9,6.86,16686.0
2026-09-15,Formação,15000.0,36,465.66,8.9,7.08,17027.76
2026-09-15,Formação,15000.0,42,407.24,8.9,7.22,17368.08
2026-09-15,Formação,15000.0,48,363.62,8.9,7.34,17717.76
2026-09-15,Formação,15000.0,54,329.76,8.9,7.43,18071.04
2026-09-15,Formação,15000.0,60,302.72,8.9,7.5,18427.2
2026-09-15,Formação,15000.0,66,280.76,8.9,7.57,18794.16
2026-09-15,Formação,15000.0,72,262.38,8.9,7.61,19155.36
2026-09-15,Formação,15000.0,78,246.93,8.9,7.65,19524.54
2026-09-15,Formação,15000.0,84,233.78,8.9,7.69,19901.52
2026-09-15,Formação,15000.0,90,222.4,8.9,7.72,20280.0
2026-09-15,Formação,15000.0,96,212.51,8.9,7.75,20664.96
2026-09-15,Formação,15000.0,102,203.86,8.9,7.78,21057.72
2026-09-15,Formação,15000.0,108,196.16,8.9,7.8,21449.28
2026-09-15,Formação,15000.0,114,189.32,8.9,7.82,21846.48
2026-09-15,Formação,15000.0,120,183.13,8.9,7.83,22239.6
2026-09-15,Formação,20000.0,24,893.75,8.9,6.55,21802.0
2026-09-15,Formação,20000.0,30,729.87,8.9,6.86,22248.1
2026-09-15,Formação,20000.0,36,620.87,8.9,7.08,22703.32
2026-09-15,Formação,20000.0,42,542.99,8.9,7.22,23157.58
2026-09-15,Formação,20000.0,48,484.83,8.9,7.34,23623.84
2026-09-15,Formação,20000.0,54,439.67,8.9,7.43,24094.18
2026-09-15,Formação,20000.0,60,403.62,8.9,7.5,24569.2
2026-09-15,Formação,20000.0,66,374.34,8.9,7.57,25058.44
2026-09-15,Formação,20000.0,72,349.83,8.9,7.61,25539.76
2026-09-15,Formação,20000.0,78,329.23,8.9,7.65,26031.94
2026-09-15,Formação,20000.0,84,311.71,8.9,7.69,26535.64
2026-09-15,Formação,20000.0,90,296.53,8.9,7.72,27039.7
2026-09-15,Formação,20000.0,96,283.35,8.9,7.75,27553.6
2026-09-15,Formação,20000.0,102,271.81,8.9,7.78,28076.62
2026-09-15,Formação,20000.0,108,261.54,8.9,7.8,28598.32
2026-09-15,Formação,20000.0,114,252.42,8.9,7.82,29127.88
2026-09-15,Formação,20000.0,120,244.18,8.9,7.83,29653.6
2026-09-15,Eficiência Energética,10000.0,84,155.91,8.9,7.7,13272.44
2026-09-15,Eficiência Energética,15000.0,54,329.9,8.9,7.45,18078.6
2026-09-15,Eficiência Energética,15000.0,60,302.72,8.9,7.5,18427.2
2026-09-15,Eficiência Energética,15000.0,66,280.61,8.9,7.55,18784.26
2026-09-15,Eficiência Energética,15000.0,72,262.3,8.9,7.6,19149.6
2026-09-15,Eficiência Energética,15000.0,78,246.93,8.9,7.65,19524.54
2026-09-15,Eficiência Energética,15000.0,84,233.86,8.9,7.7,19908.24
2026-09-15,Eficiência Energética,20000.0,54,439.87,8.9,7.45,24104.98
2026-09-15,Eficiência Energética,20000.0,60,403.62,8.9,7.5,24569.2
2026-09-15,Eficiência Energética,20000.0,66,374.14,8.9,7.55,25045.24
2026-09-15,Eficiência Energética,20000.0,72,349.73,8.9,7.6,25532.56
2026-09-15,Eficiência Energética,20000.0,78,329.23,8.9,7.65,26031.94
2026-09-15,Eficiência Energética,20000.0,84,311.81,8.9,7.7,26544.04
2026-09-15,Eficiência Energética,25000.0,54,549.83,8.9,7.45,30130.82
2026-09-15,Eficiência Energética,25000.0,60,504.53,8.9,7.5,30711.8
2026-09-15,Eficiência Energética,25000.0,66,467.67,8.9,7.55,31306.22
2026-09-15,Eficiência Energética,25000.0,72,437.17,8.9,7.6,31916.24
2026-09-15,Eficiência Energética,25000.0,78,411.54,8.9,7.65,32540.12
2026-09-15,Eficiência Energética,25000.0,84,389.76,8.9,7.7,33179.84
2026-09-15,Eficiência Energética,30000.0,54,659.8,8.9,7.45,36157.2
2026-09-15,Eficiência Energética,30000.0,60,605.43,8.9,7.5,36853.8
2026-09-15,Eficiência Energética,30000.0,66,561.21,8.9,7.55,37567.86
2026-09-15,Eficiência Energética,30000.0,72,524.6,8.9,7.6,38299.2
2026-09-15,Eficiência Energética,30000.0,78,493.85,8.9,7.65,39048.3
2026-09-15,Eficiência Energética,30000.0,84,467.71,8.9,7.7,39815.64
2026-09-15,Eficiência Energética,35000.0,54,769.77,8.9,7.45,42183.58
2026-09-15,Eficiência Energética,35000.0,60,706.33,8.9,7.5,42995.8
2026-09-15,Eficiência Energética,35000.0,66,654.74,8.9,7.55,43828.84
2026-09-15,Eficiência Energética,35000.0,72,612.03,8.9,7.6,44682.16
2026-09-15,Eficiência Energética,35000.0,78,576.16,8.9,7.65,45556.48
2026-09-15,Eficiência Energética,35000.0,84,545.66,8.9,7.7,46451.44
2026-09-15,Eficiência Energética,40000.0,54,879.73,8.9,7.45,48209.42
2026-09-15,Eficiência Energética,40000.0,60,807.24,8.9,7.5,49138.4
2026-09-15,Eficiência Energética,40000.0,66,748.27,8.9,7.55,50089.82
2026-09-15,Eficiência Energética,40000.0,72,699.46,8.9,7.6,51065.12
2026-09-15,Eficiência Energética,40000.0,78,658.46,8.9,7.65,52063.88
2026-09-15,Eficiência Energética,40000.0,84,623.61,8.9,7.7,53087.24
2026-09-15,Eficiência Energética,45000.0,54,989.7,8.9,7.45,54235.8
2026-09-15,Eficiência Energética,45000.0,60,908.14,8.9,7.5,55280.4
2026-09-15,Eficiência Energética,45000.0,66,841.81,8.9,7.55,56351.46
2026-09-15,Eficiência Energética,45000.0,72,786.89,8.9,7.6,57448.08
2026-09-15,Eficiência Energética,45000.0,78,740.77,8.9,7.65,58572.06
2026-09-15,Eficiência Energética,45000.0,84,701.56,8.9,7.7,59723.04
2026-09-15,Eficiência Energética,50000.0,54,1099.66,8.9,7.45,60261.64
2026-09-15,Eficiência Energética,50000.0,60,1009.05,8.9,7.5,61423.0
2026-09-15,Eficiência Energética,50000.0,66,935.34,8.9,7.55,62612.44
2026-09-15,Eficiência Energética,50000.0,72,874.33,8.9,7.6,63831.76
2026-09-15,Eficiência Energética,50000.0,78,823.08,8.9,7.65,65080.24
2026-09-15,Eficiência Energética,50000.0,84,779.52,8.9,7.7,66359.68
2026-09-16,Pagar Despesas / Férias e Lazer,5000.0,54,124.03,15.3,12.97,6785.62
2026-09-16,Pagar Despesas / Férias e Lazer,5000.0,60,115.24,15.3,13.05,7002.4
2026-09-16,Pagar Despesas / Férias e Lazer,5000.0,66,108.09,15.3,13.11,7221.94
2026-09-16,Pagar Despesas / Férias e Lazer,5000.0,72,102.17,15.3,13.15,7444.24
2026-09-16,Pagar Despesas / Férias e Lazer,5000.0,78,97.25,15.3,13.2,7673.5
2026-09-16,Pagar Despesas / Férias e Lazer,5000.0,84,93.04,15.3,13.23,7903.36
2026-09-16,Pagar Despesas / Férias e Lazer,10000.0,54,248.05,15.3,12.97,13570.7
2026-09-16,Pagar Despesas / Férias e Lazer,10000.0,60,229.35,15.1,12.84,13937.0
2026-09-16,Pagar Despesas / Férias e Lazer,10000.0,66,213.2,14.7,12.56,14247.2
2026-09-16,Pagar Despesas / Férias e Lazer,10000.0,72,200.2,14.4,12.4,14590.4
2026-09-16,Pagar Despesas / Férias e Lazer,10000.0,78,188.18,14.0,12.07,14854.04
2026-09-16,Pagar Despesas / Férias e Lazer,10000.0,84,174.21,12.8,11.12,14809.64
2026-09-16,Pagar Despesas / Férias e Lazer,15000.0,54,372.08,15.3,12.97,20356.32
2026-09-16,Pagar Despesas / Férias e Lazer,15000.0,60,344.02,15.1,12.84,20905.2
2026-09-16,Pagar Despesas / Férias e Lazer,15000.0,66,319.79,14.7,12.56,21370.14
2026-09-16,Pagar Despesas / Férias e Lazer,15000.0,72,300.29,14.4,12.4,21884.88
2026-09-16,Pagar Despesas / Férias e Lazer,15000.0,78,282.27,14.0,12.07,22281.06
2026-09-16,Pagar Despesas / Férias e Lazer,15000.0,84,259.91,12.6,10.95,22096.44
2026-09-16,Pagar Despesas / Férias e Lazer,20000.0,54,496.1,15.3,12.97,27141.4
2026-09-16,Pagar Despesas / Férias e Lazer,20000.0,60,458.69,15.1,12.84,27873.4
2026-09-16,Pagar Despesas / Férias e Lazer,20000.0,66,426.39,14.7,12.56,28493.74
2026-09-16,Pagar Despesas / Férias e Lazer,20000.0,72,400.39,14.4,12.4,29180.08
2026-09-16,Pagar Despesas / Férias e Lazer,20000.0,78,376.36,14.0,12.07,29708.08
2026-09-16,Pagar Despesas / Férias e Lazer,20000.0,84,346.55,12.6,10.95,29462.2
2026-09-16,Pagar Despesas / Férias e Lazer,25000.0,54,620.12,15.3,12.97,33926.48
2026-09-16,Pagar Despesas / Férias e Lazer,25000.0,60,573.37,15.1,12.84,34842.2
2026-09-16,Pagar Despesas / Férias e Lazer,25000.0,66,532.99,14.7,12.56,35617.34
2026-09-16,Pagar Despesas / Férias e Lazer,25000.0,72,500.49,14.4,12.4,36475.28
2026-09-16,Pagar Despesas / Férias e Lazer,25000.0,78,470.45,14.0,12.07,37135.1
2026-09-16,Pagar Despesas / Férias e Lazer,25000.0,84,433.18,12.6,10.95,36827.12
2026-09-16,Pagar Despesas / Férias e Lazer,30000.0,54,744.15,15.3,12.97,40712.1
2026-09-16,Pagar Despesas / Férias e Lazer,30000.0,60,688.04,15.1,12.84,41810.4
2026-09-16,Pagar Despesas / Férias e Lazer,30000.0,66,639.58,14.7,12.56,42740.28
2026-09-16,Pagar Despesas / Férias e Lazer,30000.0,72,600.58,14.4,12.4,43769.76
2026-09-16,Pagar Despesas / Férias e Lazer,30000.0,78,564.54,14.0,12.07,44562.12
2026-09-16,Pagar Despesas / Férias e Lazer,30000.0,84,519.82,12.6,10.95,44192.88
2026-09-16,Pagar Despesas / Férias e Lazer,35000.0,54,868.17,15.3,12.97,47497.18
2026-09-16,Pagar Despesas / Férias e Lazer,35000.0,60,802.71,15.1,12.84,48778.6
2026-09-16,Pagar Despesas / Férias e Lazer,35000.0,66,746.18,14.7,12.56,49863.88
2026-09-16,Pagar Despesas / Férias e Lazer,35000.0,72,700.68,14.4,12.4,51064.96
2026-09-16,Pagar Despesas / Férias e Lazer,35000.0,78,658.62,14.0,12.07,51988.36
2026-09-16,Pagar Despesas / Férias e Lazer,35000.0,84,606.45,12.6,10.95,51557.8
2026-09-16,Pagar Despesas / Férias e Lazer,40000.0,54,992.19,15.3,12.97,54282.26
2026-09-16,Pagar Despesas / Férias e Lazer,40000.0,60,917.38,15.1,12.84,55746.8
2026-09-16,Pagar Despesas / Férias e Lazer,40000.0,66,852.77,14.7,12.56,56986.82
2026-09-16,Pagar Despesas / Férias e Lazer,40000.0,72,800.78,14.4,12.4,58360.16
2026-09-16,Pagar Despesas / Férias e Lazer,40000.0,78,752.71,14.0,12.07,59415.38
2026-09-16,Pagar Despesas / Férias e Lazer,40000.0,84,693.09,12.6,10.95,58923.56
2026-09-16,Pagar Despesas / Férias e Lazer,45000.0,54,1116.22,15.3,12.97,61067.88
2026-09-16,Pagar Despesas / Férias e Lazer,45000.0,60,1032.06,15.1,12.84,62715.6
2026-09-16,Pagar Despesas / Férias e Lazer,45000.0,66,959.37,14.7,12.56,64110.42
2026-09-16,Pagar Despesas / Férias e Lazer,45000.0,72,900.87,14.4,12.4,65654.64
2026-09-16,Pagar Despesas / Férias e Lazer,45000.0,78,846.8,14.0,12.07,66842.4
2026-09-16,Pagar Despesas / Férias e Lazer,45000.0,84,779.73,12.6,10.95,66289.32
2026-09-16,Pagar Despesas / Férias e Lazer,50000.0,54,1240.24,15.3,12.97,67852.96
2026-09-16,Pagar Despesas / Férias e Lazer,50000.0,60,1146.73,15.1,12.84,69683.8
2026-09-16,Pagar Despesas / Férias e Lazer,50000.0,66,1065.97,14.7,12.56,71234.02
2026-09-16,Pagar Despesas / Férias e Lazer,50000.0,72,1000.97,14.4,12.4,72949.84
2026-09-16,Pagar Despesas / Férias e Lazer,50000.0,78,940.89,14.0,12.07,74269.42
2026-09-16,Pagar Despesas / Férias e Lazer,50000.0,84,866.36,12.6,10.95,73654.24
2026-09-16,Lar e Recheio,5000.0,24,236.62,15.3,12.05,5766.88
2026-09-16,Lar e Recheio,5000.0,30,195.79,15.3,12.37,5961.7
2026-09-16,Lar e Recheio,5000.0,36,168.68,15.3,12.58,6160.48
2026-09-16,Lar e Recheio,5000.0,42,149.4,15.3,12.73,6362.8
2026-09-16,Lar e Recheio,5000.0,48,135.05,15.3,12.85,6570.4
2026-09-16,Lar e Recheio,5000.0,54,124.03,15.3,12.97,6785.62
2026-09-16,Lar e Recheio,5000.0,60,115.24,15.3,13.05,7002.4
2026-09-16,Lar e Recheio,5000.0,66,108.09,15.3,13.11,7221.94
2026-09-16,Lar e Recheio,5000.0,72,102.17,15.3,13.15,7444.24
2026-09-16,Lar e Recheio,5000.0,78,97.25,15.3,13.2,7673.5
2026-09-16,Lar e Recheio,5000.0,84,93.04,15.3,13.23,7903.36
2026-09-16,Lar e Recheio,10000.0,24,473.23,15.3,12.05,11533.52
2026-09-16,Lar e Recheio,10000.0,30,391.58,15.3,12.37,11923.4
2026-09-16,Lar e Recheio,10000.0,36,337.35,15.3,12.58,12320.6
2026-09-16,Lar e Recheio,10000.0,42,298.8,15.3,12.73,12725.6
2026-09-16,Lar e Recheio,10000.0,48,270.09,15.3,12.85,13140.32
2026-09-16,Lar e Recheio,10000.0,54,248.05,15.3,12.97,13570.7
2026-09-16,Lar e Recheio,10000.0,60,229.35,15.1,12.84,13937.0
2026-09-16,Lar e Recheio,10000.0,66,213.2,14.7,12.56,14247.2
2026-09-16,Lar e Recheio,10000.0,72,200.2,14.4,12.4,14590.4
2026-09-16,Lar e Recheio,10000.0,78,188.18,14.0,12.07,14854.04
2026-09-16,Lar e Recheio,10000.0,84,174.21,12.8,11.12,14809.64
2026-09-16,Lar e Recheio,15000.0,24,709.84,15.3,12.05,17300.16
2026-09-16,Lar e Recheio,15000.0,30,587.37,15.3,12.37,17885.1
2026-09-16,Lar e Recheio,15000.0,36,506.02,15.3,12.58,18480.72
2026-09-16,Lar e Recheio,15000.0,42,448.19,15.3,12.73,19087.98
2026-09-16,Lar e Recheio,15000.0,48,405.13,15.3,12.85,19710.24
2026-09-16,Lar e Recheio,15000.0,54,372.08,15.3,12.97,20356.32
2026-09-16,Lar e Recheio,15000.0,60,344.02,15.1,12.84,20905.2
2026-09-16,Lar e Recheio,15000.0,66,319.79,14.7,12.56,21370.14
2026-09-16,Lar e Recheio,15000.0,72,300.29,14.4,12.4,21884.88
2026-09-16,Lar e Recheio,15000.0,78,282.27,14.0,12.07,22281.06
2026-09-16,Lar e Recheio,15000.0,84,259.91,12.6,10.95,22096.44
2026-09-16,Lar e Recheio,20000.0,24,946.45,15.3,12.05,23066.8
2026-09-16,Lar e Recheio,20000.0,30,783.15,15.3,12.37,23846.5
2026-09-16,Lar e Recheio,20000.0,36,674.69,15.3,12.58,24640.84
2026-09-16,Lar e Recheio,20000.0,42,597.59,15.3,12.73,25450.78
2026-09-16,Lar e Recheio,20000.0,48,540.18,15.3,12.85,26280.64
2026-09-16,Lar e Recheio,20000.0,54,496.1,15.3,12.97,27141.4
2026-09-16,Lar e Recheio,20000.0,60,458.69,15.1,12.84,27873.4
2026-09-16,Lar e Recheio,20000.0,66,426.39,14.7,12.56,28493.74
2026-09-16,Lar e Recheio,20000.0,72,400.39,14.4,12.4,29180.08
2026-09-16,Lar e Recheio,20000.0,78,376.36,14.0,12.07,29708.08
2026-09-16,Lar e Recheio,20000.0,84,346.55,12.6,10.95,29462.2
2026-09-16,Lar e Recheio,25000.0,24,1183.06,15.3,12.05,28833.44
2026-09-16,Lar e Recheio,25000.0,30,978.94,15.3,12.37,29808.2
2026-09-16,Lar e Recheio,25000.0,36,843.36,15.3,12.58,30800.96
2026-09-16,Lar e Recheio,25000.0,42,746.98,15.3,12.73,31813.16
2026-09-16,Lar e Recheio,25000.0,48,675.22,15.3,12.85,32850.56
2026-09-16,Lar e Recheio,25000.0,54,620.12,15.3,12.97,33926.48
2026-09-16,Lar e Recheio,25000.0,60,573.37,15.1,12.84,34842.2
2026-09-16,Lar e Recheio,25000.0,66,532.99,14.7,12.56,35617.34
2026-09-16,Lar e Recheio,25000.0,72,500.49,14.4,12.4,36475.28
2026-09-16,Lar e Recheio,25000.0,78,470.45,14.0,12.07,37135.1
2026-09-16,Lar e Recheio,25000.0,84,433.18,12.6,10.95,36827.12
2026-09-16,Lar e Recheio,30000.0,24,1419.67,15.3,12.05,34600.08
2026-09-16,Lar e Recheio,30000.0,30,1174.73,15.3,12.37,35769.9
2026-09-16,Lar e Recheio,30000.0,36,1012.03,15.3,12.58,36961.08
2026-09-16,Lar e Recheio,30000.0,42,896.38,15.3,12.73,38175.96
2026-09-16,Lar e Recheio,30000.0,48,810.26,15.3,12.85,39420.48
2026-09-16,Lar e Recheio,30000.0,54,744.15,15.3,12.97,40712.1
2026-09-16,Lar e Recheio,30000.0,60,688.04,15.1,12.84,41810.4
2026-09-16,Lar e Recheio,30000.0,66,639.58,14.7,12.56,42740.28
2026-09-16,Lar e Recheio,30000.0,72,600.58,14.4,12.4,43769.76
2026-09-16,Lar e Recheio,30000.0,78,564.54,14.0,12.07,44562.12
2026-09-16,Lar e Recheio,30000.0,84,519.82,12.6,10.95,44192.88
2026-09-16,Lar e Recheio,35000.0,24,1656.29,15.3,12.05,40366.96
2026-09-16,Lar e Recheio,35000.0,30,1370.51,15.3,12.37,41731.3
2026-09-16,Lar e Recheio,35000.0,36,1180.7,15.3,12.58,43121.2
2026-09-16,Lar e Recheio,35000.0,42,1045.78,15.3,12.73,44538.76
2026-09-16,Lar e Recheio,35000.0,48,945.3,15.3,12.85,45990.4
2026-09-16,Lar e Recheio,35000.0,54,868.17,15.3,12.97,47497.18
2026-09-16,Lar e Recheio,35000.0,60,802.71,15.1,12.84,48778.6
2026-09-16,Lar e Recheio,35000.0,66,746.18,14.7,12.56,49863.88
2026-09-16,Lar e Recheio,35000.0,72,700.68,14.4,12.4,51064.96
2026-09-16,Lar e Recheio,35000.0,78,658.62,14.0,12.07,51988.36
2026-09-16,Lar e Recheio,35000.0,84,606.45,12.6,10.95,51557.8
2026-09-16,Lar e Recheio,40000.0,24,1892.9,15.3,12.05,46133.6
2026-09-16,Lar e Recheio,40000.0,30,1566.3,15.3,12.37,47693.0
2026-09-16,Lar e Recheio,40000.0,36,1349.37,15.3,12.58,49281.32
2026-09-16,Lar e Recheio,40000.0,42,1195.17,15.3,12.73,50901.14
2026-09-16,Lar e Recheio,40000.0,48,1080.35,15.3,12.85,52560.8
2026-09-16,Lar e Recheio,40000.0,54,992.19,15.3,12.97,54282.26
2026-09-16,Lar e Recheio,40000.0,60,917.38,15.1,12.84,55746.8
2026-09-16,Lar e Recheio,40000.0,66,852.77,14.7,12.56,56986.82
2026-09-16,Lar e Recheio,40000.0,72,800.78,14.4,12.4,58360.16
2026-09-16,Lar e Recheio,40000.0,78,752.71,14.0,12.07,59415.38
2026-09-16,Lar e Recheio,40000.0,84,693.09,12.6,10.95,58923.56
2026-09-16,Lar e Recheio,45000.0,24,2129.51,15.3,12.05,51900.24
2026-09-16,Lar e Recheio,45000.0,30,1762.09,15.3,12.37,53654.7
2026-09-16,Lar e Recheio,45000.0,36,1518.04,15.3,12.58,55441.44
2026-09-16,Lar e Recheio,45000.0,42,1344.57,15.3,12.73,57263.94
2026-09-16,Lar e Recheio,45000.0,48,1215.39,15.3,12.85,59130.72
2026-09-16,Lar e Recheio,45000.0,54,1116.22,15.3,12.97,61067.88
2026-09-16,Lar e Recheio,45000.0,60,1032.06,15.1,12.84,62715.6
2026-09-16,Lar e Recheio,45000.0,66,959.37,14.7,12.56,64110.42
2026-09-16,Lar e Recheio,45000.0,72,900.87,14.4,12.4,65654.64
2026-09-16,Lar e Recheio,45000.0,78,846.8,14.0,12.07,66842.4
2026-09-16,Lar e Recheio,45000.0,84,779.73,12.6,10.95,66289.32
2026-09-16,Lar e Recheio,50000.0,24,2366.12,15.3,12.05,57666.88
2026-09-16,Lar e Recheio,50000.0,30,1957.87,15.3,12.37,59616.1
2026-09-16,Lar e Recheio,50000.0,36,1686.71,15.3,12.58,61601.56
2026-09-16,Lar e Recheio,50000.0,42,1493.96,15.3,12.73,63626.32
2026-09-16,Lar e Recheio,50000.0,48,1350.43,15.3,12.85,65700.64
2026-09-16,Lar e Recheio,50000.0,54,1240.24,15.3,12.97,67852.96
2026-09-16,Lar e Recheio,50000.0,60,1146.73,15.1,12.84,69683.8
2026-09-16,Lar e Recheio,50000.0,66,1065.97,14.7,12.56,71234.02
2026-09-16,Lar e Recheio,50000.0,72,1000.97,14.4,12.4,72949.84
2026-09-16,Lar e Recheio,50000.0,78,940.89,14.0,12.07,74269.42
2026-09-16,Lar e Recheio,50000.0,84,866.36,12.6,10.95,73654.24
2026-09-16,Formação,2500.0,24,111.72,8.9,6.55,2725.28
2026-09-16,Formação,2500.0,30,91.24,8.9,6.86,2781.2
2026-09-16,Formação,2500.0,36,77.61,8.9,7.08,2837.96
2026-09-16,Formação,2500.0,42,67.88,8.9,7.22,2894.96
2026-09-16,Formação,2500.0,48,60.61,8.9,7.34,2953.28
2026-09-16,Formação,2500.0,54,54.96,8.9,7.43,3011.84
2026-09-16,Formação,2500.0,60,50.46,8.9,7.5,3071.6
2026-09-16,Formação,2500.0,66,46.8,8.9,7.57,3132.8
2026-09-16,Formação,2500.0,72,43.73,8.9,7.61,3192.56
2026-09-16,Formação,5000.0,24,223.44,8.9,6.55,5450.56
2026-09-16,Formação,5000.0,30,182.47,8.9,6.86,5562.1
2026-09-16,Formação,5000.0,36,155.22,8.9,7.08,5675.92
2026-09-16,Formação,5000.0,42,135.75,8.9,7.22,5789.5
2026-09-16,Formação,5000.0,48,121.21,8.9,7.34,5906.08
2026-09-16,Formação,5000.0,54,109.92,8.9,7.43,6023.68
2026-09-16,Formação,5000.0,60,100.91,8.9,7.5,6142.6
2026-09-16,Formação,5000.0,66,93.59,8.9,7.57,6264.94
2026-09-16,Formação,5000.0,72,87.46,8.9,7.61,6385.12
2026-09-16,Formação,5000.0,78,82.31,8.9,7.65,6508.18
2026-09-16,Formação,5000.0,84,77.93,8.9,7.69,6634.12
2026-09-16,Formação,10000.0,24,446.88,8.9,6.55,10901.12
2026-09-16,Formação,10000.0,30,364.94,8.9,6.86,11124.2
2026-09-16,Formação,10000.0,36,310.44,8.9,7.08,11351.84
2026-09-16,Formação,10000.0,42,271.5,8.9,7.22,11579.0
2026-09-16,Formação,10000.0,48,242.42,8.9,7.34,11812.16
2026-09-16,Formação,10000.0,54,219.84,8.9,7.43,12047.36
2026-09-16,Formação,10000.0,60,201.81,8.9,7.5,12284.6
2026-09-16,Formação,10000.0,66,187.17,8.9,7.57,12529.22
2026-09-16,Formação,10000.0,72,174.92,8.9,7.61,12770.24
2026-09-16,Formação,10000.0,78,164.62,8.9,7.65,13016.36
2026-09-16,Formação,10000.0,84,155.86,8.9,7.69,13268.24
2026-09-16,Formação,10000.0,90,148.27,8.9,7.72,13520.3
2026-09-16,Formação,10000.0,96,141.68,8.9,7.75,13777.28
2026-09-16,Formação,10000.0,102,135.91,8.9,7.78,14038.82
2026-09-16,Formação,10000.0,108,130.77,8.9,7.8,14299.16
2026-09-16,Formação,10000.0,114,126.21,8.9,7.82,14563.94
2026-09-16,Formação,10000.0,120,122.09,8.9,7.83,14826.8
2026-09-16,Formação,15000.0,24,670.32,8.9,6.55,16351.68
2026-09-16,Formação,15000.0,30,547.4,8.9,6.86,16686.0
2026-09-16,Formação,15000.0,36,465.66,8.9,7.08,17027.76
2026-09-16,Formação,15000.0,42,407.24,8.9,7.22,17368.08
2026-09-16,Formação,15000.0,48,363.62,8.9,7.34,17717.76
2026-09-16,Formação,15000.0,54,329.76,8.9,7.43,18071.04
2026-09-16,Formação,15000.0,60,302.72,8.9,7.5,18427.2
2026-09-16,Formação,15000.0,66,280.76,8.9,7.57,18794.16
2026-09-16,Formação,15000.0,72,262.38,8.9,7.61,19155.36
2026-09-16,Formação,15000.0,78,246.93,8.9,7.65,19524.54
2026-09-16,Formação,15000.0,84,233.78,8.9,7.69,19901.52
2026-09-16,Formação,15000.0,90,222.4,8.9,7.72,20280.0
2026-09-16,Formação,15000.0,96,212.51,8.9,7.75,20664.96
2026-09-16,Formação,15000.0,102,203.86,8.9,7.78,21057.72
2026-09-16,Formação,15000.0,108,196.16,8.9,7.8,21449.28
2026-09-16,Formação,15000.0,114,189.32,8.9,7.82,21846.48
2026-09-16,Formação,15000.0,120,183.13,8.9,7.83,22239.6
2026-09-16,Formação,20000.0,24,893.75,8.9,6.55,21802.0
2026-09-16,Formação,20000.0,30,729.87,8.9,6.86,22248.1
2026-09-16,Formação,20000.0,36,620.87,8.9,7.08,22703.32
2026-09-16,Formação,20000.0,42,542.99,8.9,7.22,23157.58
2026-09-16,Formação,20000.0,48,484.83,8.9,7.34,23623.84
2026-09-16,Formação,20000.0,54,439.67,8.9,7.43,24094.18
2026-09-16,Formação,20000.0,60,403.62,8.9,7.5,24569.2
2026-09-16,Formação,20000.0,66,374.34,8.9,7.57,25058.44
2026-09-16,Formação,20000.0,72,349.83,8.9,7.61,25539.76
2026-09-16,Formação,20000.0,78,329.23,8.9,7.65,26031.94
2026-09-16,Formação,20000.0,84,311.71,8.9,7.69,26535.64
2026-09-16,Formação,20000.0,90,296.53,8.9,7.72,27039.7
2026-09-16,Formação,20000.0,96,283.35,8.9,7.75,27553.6
2026-09-16,Formação,20000.0,102,271.81,8.9,7.78,28076.62
2026-09-16,Formação,20000.0,108,261.54,8.9,7.8,28598.32
2026-09-16,Formação,20000.0,114,252.42,8.9,7.82,29127.88
2026-09-16,Formação,20000.0,120,244.18,8.9,7.83,29653.6
2026-09-16,Eficiência Energética,10000.0,84,155.91,8.9,7.7,13272.44
2026-09-16,Eficiência Energética,15000.0,54,329.9,8.9,7.45,18078.6
2026-09-16,Eficiência Energética,15000.0,60,302.72,8.9,7.5,18427.2
2026-09-16,Eficiência Energética,15000.0,66,280.61,8.9,7.55,18784.26
2026-09-16,Eficiência Energética,15000.0,72,262.3,8.9,7.6,19149.6
2026-09-16,Eficiência Energética,15000.0,78,246.93,8.9,7.65,19524.54
2026-09-16,Eficiência Energética,15000.0,84,233.86,8.9,7.7,19908.24
2026-09-16,Eficiência Energética,20000.0,54,439.87,8.9,7.45,24104.98
2026-09-16,Eficiência Energética,20000.0,60,403.62,8.9,7.5,24569.2
2026-09-16,Eficiência Energética,20000.0,66,374.14,8.9,7.55,25045.24
2026-09-16,Eficiência Energética,20000.0,72,349.73,8.9,7.6,25532.56
2026-09-16,Eficiência Energética,20000.0,78,329.23,8.9,7.65,26031.94
2026-09-16,Eficiência Energética,20000.0,84,311.81,8.9,7.7,26544.04
2026-09-16,Eficiência Energética,25000.0,54,549.83,8.9,7.45,30130.82
2026-09-16,Eficiência Energética,25000.0,60,504.53,8.9,7.5,30711.8
2026-09-16,Eficiência Energética,25000.0,66,467.67,8.9,7.55,31306.22
2026-09-16,Eficiência Energética,25000.0,72,437.17,8.9,7.6,31916.24
2026-09-16,Eficiência Energética,25000.0,78,411.54,8.9,7.65,32540.12
2026-09-16,Eficiência Energética,25000.0,84,389.76,8.9,7.7,33179.84
2026-09-16,Eficiência Energética,30000.0,54,659.8,8.9,7.45,36157.2
2026-09-16,Eficiência Energética,30000.0,60,605.43,8.9,7.5,36853.8
2026-09-16,Eficiência Energética,30000.0,66,561.21,8.9,7.55,37567.86
2026-09-16,Eficiência Energética,30000.0,72,524.6,8.9,7.6,38299.2
2026-09-16,Eficiência Energética,30000.0,78,493.85,8.9,7.65,39048.3
2026-09-16,Eficiência Energética,30000.0,84,467.71,8.9,7.7,39815.64
2026-09-16,Eficiência Energética,35000.0,54,769.77,8.9,7.45,42183.58
2026-09-16,Eficiência Energética,35000.0,60,706.33,8.9,7.5,42995.8
2026-09-16,Eficiência Energética,35000.0,66,654.74,8.9,7.55,43828.84
2026-09-16,Eficiência Energética,35000.0,72,612.03,8.9,7.6,44682.16
2026-09-16,Eficiência Energética,35000.0,78,576.16,8.9,7.65,45556.48
2026-09-16,Eficiência Energética,35000.0,84,545.66,8.9,7.7,46451.44
2026-09-16,Eficiência Energética,40000.0,54,879.73,8.9,7.45,48209.42
2026-09-16,Eficiência Energética,40000.0,60,807.24,8.9,7.5,49138.4
2026-09-16,Eficiência Energética,40000.0,66,748.27,8.9,7.55,50089.82
2026-09-16,Eficiência Energética,40000.0,72,699.46,8.9,7.6,51065.12
2026-09-16,Eficiência Energética,40000.0,78,658.46,8.9,7.65,52063.88
2026-09-16,Eficiência Energética,40000.0,84,623.61,8.9,7.7,53087.24
2026-09-16,Eficiência Energética,45000.0,54,989.7,8.9,7.45,54235.8
2026-09-16,Eficiência Energética,45000.0,60,908.14,8.9,7.5,55280.4
2026-09-16,Eficiência Energética,45000.0,66,841.81,8.9,7.55,56351.46
2026-09-16,Eficiência Energética,45000.0,72,786.89,8.9,7.6,57448.08
2026-09-16,Eficiência Energética,45000.0,78,740.77,8.9,7.65,58572.06
2026-09-16,Eficiência Energética,45000.0,84,701.56,8.9,7.7,59723.04
2026-09-16,Eficiência Energética,50000.0,54,1099.66,8.9,7.45,60261.64
2026-09-16,Eficiência Energética,50000.0,60,1009.05,8.9,7.5,61423.0
2026-09-16,Eficiência Energética,50000.0,66,935.34,8.9,7.55,62612.44
2026-09-16,Eficiência Energética,50000.0,72,874.33,8.9,7.6,63831.76
2026-09-16,Eficiência Energética,50000.0,78,823.08,8.9,7.65,65080.24
2026-09-16,Eficiência Energética,50000.0,84,779.52,8.9,7.7,66359.68
2026-09-17,Pagar Despesas / Férias e Lazer,5000.0,54,124.03,15.3,12.97,6785.62
2026-09-17,Pagar Despesas / Férias e Lazer,5000.0,60,115.24,15.3,13.05,7002.4
2026-09-17,Pagar Despesas / Férias e Lazer,5000.0,66,108.09,15.3,13.11,7221.94
2026-09-17,Pagar Despesas / Férias e Lazer,5000.0,72,102.17,15.3,13.15,7444.24
2026-09-17,Pagar Despesas / Férias e Lazer,5000.0,78,97.25,15.3,13.2,7673.5
2026-09-17,Pagar Despesas / Férias e Lazer,5000.0,84,93.04,15.3,13.23,7903.36
2026-09-17,Pagar Despesas / Férias e Lazer,10000.0,54,248.05,15.3,12.97,13570.7
2026-09-17,Pagar Despesas / Férias e Lazer,10000.0,60,229.35,15.1,12.84,13937.0
2026-09-17,Pagar Despesas / Férias e Lazer,10000.0,66,213.2,14.7,12.56,14247.2
2026-09-17,Pagar Despesas / Férias e Lazer,10000.0,72,200.2,14.4,12.4,14590.4
2026-09-17,Pagar Despesas / Férias e Lazer,10000.0,78,188.18,14.0,12.07,14854.04
2026-09-17,Pagar Despesas / Férias e Lazer,10000.0,84,174.21,12.8,11.12,14809.64
2026-09-17,Pagar Despesas / Férias e Lazer,15000.0,54,372.08,15.3,12.97,20356.32
2026-09-17,Pagar Despesas / Férias e Lazer,15000.0,60,344.02,15.1,12.84,20905.2
2026-09-17,Pagar Despesas / Férias e Lazer,15000.0,66,319.79,14.7,12.56,21370.14
2026-09-17,Pagar Despesas / Férias e Lazer,15000.0,72,300.29,14.4,12.4,21884.88
2026-09-17,Pagar Despesas / Férias e Lazer,15000.0,78,282.27,14.0,12.07,22281.06
2026-09-17,Pagar Despesas / Férias e Lazer,15000.0,84,259.91,12.6,10.95,22096.44
2026-09-17,Pagar Despesas / Férias e Lazer,20000.0,54,496.1,15.3,12.97,27141.4
2026-09-17,Pagar Despesas / Férias e Lazer,20000.0,60,458.69,15.1,12.84,27873.4
2026-09-17,Pagar Despesas / Férias e Lazer,20000.0,66,426.39,14.7,12.56,28493.74
2026-09-17,Pagar Despesas / Férias e Lazer,20000.0,72,400.39,14.4,12.4,29180.08
2026-09-17,Pagar Despesas / Férias e Lazer,20000.0,78,376.36,14.0,12.07,29708.08
2026-09-17,Pagar Despesas / Férias e Lazer,20000.0,84,346.55,12.6,10.95,29462.2
2026-09-17,Pagar Despesas / Férias e Lazer,25000.0,54,620.12,15.3,12.97,33926.48
2026-09-17,Pagar Despesas / Férias e Lazer,25000.0,60,573.37,15.1,12.84,34842.2
2026-09-17,Pagar Despesas / Férias e Lazer,25000.0,66,532.99,14.7,12.56,35617.34
2026-09-17,Pagar Despesas / Férias e Lazer,25000.0,72,500.49,14.4,12.4,36475.28
2026-09-17,Pagar Despesas / Férias e Lazer,25000.0,78,470.45,14.0,12.07,37135.1
2026-09-17,Pagar Despesas / Férias e Lazer,25000.0,84,433.18,12.6,10.95,36827.12
2026-09-17,Pagar Despesas / Férias e Lazer,30000.0,54,744.15,15.3,12.97,40712.1
2026-09-17,Pagar Despesas / Férias e Lazer,30000.0,60,688.04,15.1,12.84,41810.4
2026-09-17,Pagar Despesas / Férias e Lazer,30000.0,66,639.58,14.7,12.56,42740.28
2026-09-17,Pagar Despesas / Férias e Lazer,30000.0,72,600.58,14.4,12.4,43769.76
2026-09-17,Pagar Despesas / Férias e Lazer,30000.0,78,564.54,14.0,12.07,44562.12
2026-09-17,Pagar Despesas / Férias e Lazer,30000.0,84,519.82,12.6,10.95,44192.88
2026-09-17,Pagar Despesas / Férias e Lazer,35000.0,54,868.17,15.3,12.97,47497.18
2026-09-17,Pagar Despesas / Férias e Lazer,35000.0,60,802.71,15.1,12.84,48778.6
2026-09-17,Pagar Despesas / Férias e Lazer,35000.0,66,746.18,14.7,12.56,49863.88
2026-09-17,Pagar Despesas / Férias e Lazer,35000.0,72,700.68,14.4,12.4,51064.96
2026-09-17,Pagar Despesas / Férias e Lazer,35000.0,78,658.62,14.0,12.07,51988.36
2026-09-17,Pagar Despesas / Férias e Lazer,35000.0,84,606.45,12.6,10.95,51557.8
2026-09-17,Pagar Despesas / Férias e Lazer,40000.0,54,992.19,15.3,12.97,54282.26
2026-09-17,Pagar Despesas / Férias e Lazer,40000.0,60,917.38,15.1,12.84,55746.8
2026-09-17,Pagar Despesas / Férias e Lazer,40000.0,66,852.77,14.7,12.56,56986.82
2026-09-17,Pagar Despesas / Férias e Lazer,40000.0,72,800.78,14.4,12.4,58360.16
2026-09-17,Pagar Despesas / Férias e Lazer,40000.0,78,752.71,14.0,12.07,59415.38
2026-09-17,Pagar Despesas / Férias e Lazer,40000.0,84,693.09,12.6,10.95,58923.56
2026-09-17,Pagar Despesas / Férias e Lazer,45000.0,54,1116.22,15.3,12.97,61067.88
2026-09-17,Pagar Despesas / Férias e Lazer,45000.0,60,1032.06,15.1,12.84,62715.6
2026-09-17,Pagar Despesas / Férias e Lazer,45000.0,66,959.37,14.7,12.56,64110.42
2026-09-17,Pagar Despesas / Férias e Lazer,45000.0,72,900.87,14.4,12.4,65654.64
2026-09-17,Pagar Despesas / Férias e Lazer,45000.0,78,846.8,14.0,12.07,66842.4
2026-09-17,Pagar Despesas / Férias e Lazer,45000.0,84,779.73,12.6,10.95,66289.32
2026-09-17,Pagar Despesas / Férias e Lazer,50000.0,54,1240.24,15.3,12.97,67852.96
2026-09-17,Pagar Despesas / Férias e Lazer,50000.0,60,1146.73,15.1,12.84,69683.8
2026-09-17,Pagar Despesas / Férias e Lazer,50000.0,66,1065.97,14.7,12.56,71234.02
2026-09-17,Pagar Despesas / Férias e Lazer,50000.0,72,1000.97,14.4,12.4,72949.84
2026-09-17,Pagar Despesas / Férias e Lazer,50000.0,78,940.89,14.0,12.07,74269.42
2026-09-17,Pagar Despesas / Férias e Lazer,50000.0,84,866.36,12.6,10.95,73654.24
2026-09-17,Lar e Recheio,5000.0,24,236.62,15.3,12.05,5766.88
2026-09-17,Lar e Recheio,5000.0,30,195.79,15.3,12.37,5961.7
2026-09-17,Lar e Recheio,5000.0,36,168.68,15.3,12.58,6160.48
2026-09-17,Lar e Recheio,5000.0,42,149.4,15.3,12.73,6362.8
2026-09-17,Lar e Recheio,5000.0,48,135.05,15.3,12.85,6570.4
2026-09-17,Lar e Recheio,5000.0,54,124.03,15.3,12.97,6785.62
2026-09-17,Lar e Recheio,5000.0,60,115.24,15.3,13.05,7002.4
2026-09-17,Lar e Recheio,5000.0,66,108.09,15.3,13.11,7221.94
2026-09-17,Lar e Recheio,5000.0,72,102.17,15.3,13.15,7444.24
2026-09-17,Lar e Recheio,5000.0,78,97.25,15.3,13.2,7673.5
2026-09-17,Lar e Recheio,5000.0,84,93.04,15.3,13.23,7903.36
2026-09-17,Lar e Recheio,10000.0,24,473.23,15.3,12.05,11533.52
2026-09-17,Lar e Recheio,10000.0,30,391.58,15.3,12.37,11923.4
2026-09-17,Lar e Recheio,10000.0,36,337.35,15.3,12.58,12320.6
2026-09-17,Lar e Recheio,10000.0,42,298.8,15.3,12.73,12725.6
2026-09-17,Lar e Recheio,10000.0,48,270.09,15.3,12.85,13140.32
2026-09-17,Lar e Recheio,10000.0,54,248.05,15.3,12.97,13570.7
2026-09-17,Lar e Recheio,10000.0,60,229.35,15.1,12.84,13937.0
2026-09-17,Lar e Recheio,10000.0,66,213.2,14.7,12.56,14247.2
2026-09-17,Lar e Recheio,10000.0,72,200.2,14.4,12.4,14590.4
2026-09-17,Lar e Recheio,10000.0,78,188.18,14.0,12.07,14854.04
2026-09-17,Lar e Recheio,10000.0,84,174.21,12.8,11.12,14809.64
2026-09-17,Lar e Recheio,15000.0,24,709.84,15.3,12.05,17300.16
2026-09-17,Lar e Recheio,15000.0,30,587.37,15.3,12.37,17885.1
2026-09-17,Lar e Recheio,15000.0,36,506.02,15.3,12.58,18480.72
2026-09-17,Lar e Recheio,15000.0,42,448.19,15.3,12.73,19087.98
2026-09-17,Lar e Recheio,15000.0,48,405.13,15.3,12.85,19710.24
2026-09-17,Lar e Recheio,15000.0,54,372.08,15.3,12.97,20356.32
2026-09-17,Lar e Recheio,15000.0,60,344.02,15.1,12.84,20905.2
2026-09-17,Lar e Recheio,15000.0,66,319.79,14.7,12.56,21370.14
2026-09-17,Lar e Recheio,15000.0,72,300.29,14.4,12.4,21884.88
2026-09-17,Lar e Recheio,15000.0,78,282.27,14.0,12.07,22281.06
2026-09-17,Lar e Recheio,15000.0,84,259.91,12.6,10.95,22096.44
2026-09-17,Lar e Recheio,20000.0,24,946.45,15.3,12.05,23066.8
2026-09-17,Lar e Recheio,20000.0,30,783.15,15.3,12.37,23846.5
2026-09-17,Lar e Recheio,20000.0,36,674.69,15.3,12.58,24640.84
2026-09-17,Lar e Recheio,20000.0,42,597.59,15.3,12.73,25450.78
2026-09-17,Lar e Recheio,20000.0,48,540.18,15.3,12.85,26280.64
2026-09-17,Lar e Recheio,20000.0,54,496.1,15.3,12.97,27141.4
2026-09-17,Lar e Recheio,20000.0,60,458.69,15.1,12.84,27873.4
2026-09-17,Lar e Recheio,20000.0,66,426.39,14.7,12.56,28493.74
2026-09-17,Lar e Recheio,20000.0,72,400.39,14.4,12.4,29180.08
2026-09-17,Lar e Recheio,20000.0,78,376.36,14.0,12.07,29708.08
2026-09-17,Lar e Recheio,20000.0,84,346.55,12.6,10.95,29462.2
2026-09-17,Lar e Recheio,25000.0,24,1183.06,15.3,12.05,28833.44
2026-09-17,Lar e Recheio,25000.0,30,978.94,15.3,12.37,29808.2
2026-09-17,Lar e Recheio,25000.0,36,843.36,15.3,12.58,30800.96
2026-09-17,Lar e Recheio,25000.0,42,746.98,15.3,12.73,31813.16
2026-09-17,Lar e Recheio,25000.0,48,675.22,15.3,12.85,32850.56
2026-09-17,Lar e Recheio,25000.0,54,620.12,15.3,12.97,33926.48
2026-09-17,Lar e Recheio,25000.0,60,573.37,15.1,12.84,34842.2
2026-09-17,Lar e Recheio,25000.0,66,532.99,14.7,12.56,35617.34
2026-09-17,Lar e Recheio,25000.0,72,500.49,14.4,12.4,36475.28
2026-09-17,Lar e Recheio,25000.0,78,470.45,14.0,12.07,37135.1
2026-09-17,Lar e Recheio,25000.0,84,433.18,12.6,10.95,36827.12
2026-09-17,Lar e Recheio,30000.0,24,1419.67,15.3,12.05,34600.08
2026-09-17,Lar e Recheio,30000.0,30,1174.73,15.3,12.37,35769.9
2026-09-17,Lar e Recheio,30000.0,36,1012.03,15.3,12.58,36961.08
2026-09-17,Lar e Recheio,30000.0,42,896.38,15.3,12.73,38175.96
2026-09-17,Lar e Recheio,30000.0,48,810.26,15.3,12.85,39420.48
2026-09-17,Lar e Recheio,30000.0,54,744.15,15.3,12.97,40712.1
2026-09-17,Lar e Recheio,30000.0,60,688.04,15.1,12.84,41810.4
2026-09-17,Lar e Recheio,30000.0,66,639.58,14.7,12.56,42740.28
2026-09-17,Lar e Recheio,30000.0,72,600.58,14.4,12.4,43769.76
2026-09-17,Lar e Recheio,30000.0,78,564.54,14.0,12.07,44562.12
2026-09-17,Lar e Recheio,30000.0,84,519.82,12.6,10.95,44192.88
2026-09-17,Lar e Recheio,35000.0,24,1656.29,15.3,12.05,40366.96
2026-09-17,Lar e Recheio,35000.0,30,1370.51,15.3,12.37,41731.3
2026-09-17,Lar e Recheio,35000.0,36,1180.7,15.3,12.58,43121.2
2026-09-17,Lar e Recheio,35000.0,42,1045.78,15.3,12.73,44538.76
2026-09-17,Lar e Recheio,35000.0,48,945.3,15.3,12.85,45990.4
2026-09-17,Lar e Recheio,35000.0,54,868.17,15.3,12.97,47497.18
2026-09-17,Lar e Recheio,35000.0,60,802.71,15.1,12.84,48778.6
2026-09-17,Lar e Recheio,35000.0,66,746.18,14.7,12.56,49863.88
2026-09-17,Lar e Recheio,35000.0,72,700.68,14.4,12.4,51064.96
2026-09-17,Lar e Recheio,35000.0,78,658.62,14.0,12.07,51988.36
2026-09-17,Lar e Recheio,35000.0,84,606.45,12.6,10.95,51557.8
2026-09-17,Lar e Recheio,40000.0,24,1892.9,15.3,12.05,46133.6
2026-09-17,Lar e Recheio,40000.0,30,1566.3,15.3,12.37,47693.0
2026-09-17,Lar e Recheio,40000.0,36,1349.37,15.3,12.58,49281.32
2026-09-17,Lar e Recheio,40000.0,42,1195.17,15.3,12.73,50901.14
2026-09-17,Lar e Recheio,40000.0,48,1080.35,15.3,12.85,52560.8
2026-09-17,Lar e Recheio,40000.0,54,992.19,15.3,12.97,54282.26
2026-09-17,Lar e Recheio,40000.0,60,917.38,15.1,12.84,55746.8
2026-09-17,Lar e Recheio,40000.0,66,852.77,14.7,12.56,56986.82
2026-09-17,Lar e Recheio,40000.0,72,800.78,14.4,12.4,58360.16
2026-09-17,Lar e Recheio,40000.0,78,752.71,14.0,12.07,59415.38
2026-09-17,Lar e Recheio,40000.0,84,693.09,12.6,10.95,58923.56
2026-09-17,Lar e Recheio,45000.0,24,2129.51,15.3,12.05,51900.24
2026-09-17,Lar e Recheio,45000.0,30,1762.09,15.3,12.37,53654.7
2026-09-17,Lar e Recheio,45000.0,36,1518.04,15.3,12.58,55441.44
2026-09-17,Lar e Recheio,45000.0,42,1344.57,15.3,12.73,57263.94
2026-09-17,Lar e Recheio,45000.0,48,1215.39,15.3,12.85,59130.72
2026-09-17,Lar e Recheio,45000.0,54,1116.22,15.3,12.97,61067.88
2026-09-17,Lar e Recheio,45000.0,60,1032.06,15.1,12.84,62715.6
2026-09-17,Lar e Recheio,45000.0,66,959.37,14.7,12.56,64110.42
2026-09-17,Lar e Recheio,45000.0,72,900.87,14.4,12.4,65654.64
2026-09-17,Lar e Recheio,45000.0,78,846.8,14.0,12.07,66842.4
2026-09-17,Lar e Recheio,45000.0,84,779.73,12.6,10.95,66289.32
2026-09-17,Lar e Recheio,50000.0,24,2366.12,15.3,12.05,57666.88
2026-09-17,Lar e Recheio,50000.0,30,1957.87,15.3,12.37,59616.1
2026-09-17,Lar e Recheio,50000.0,36,1686.71,15.3,12.58,61601.56
2026-09-17,Lar e Recheio,50000.0,42,1493.96,15.3,12.73,63626.32
2026-09-17,Lar e Recheio,50000.0,48,1350.43,15.3,12.85,65700.64
2026-09-17,Lar e Recheio,50000.0,54,1240.24,15.3,12.97,67852.96
2026-09-17,Lar e Recheio,50000.0,60,1146.73,15.1,12.84,69683.8
2026-09-17,Lar e Recheio,50000.0,66,1065.97,14.7,12.56,71234.02
2026-09-17,Lar e Recheio,50000.0,72,1000.97,14.4,12.4,72949.84
2026-09-17,Lar e Recheio,50000.0,78,940.89,14.0,12.07,74269.42
2026-09-17,Lar e Recheio,50000.0,84,866.36,12.6,10.95,73654.24
2026-09-17,Formação,2500.0,24,111.72,8.9,6.55,2725.28
2026-09-17,Formação,2500.0,30,91.24,8.9,6.86,2781.2
2026-09-17,Formação,2500.0,36,77.61,8.9,7.08,2837.96
2026-09-17,Formação,2500.0,42,67.88,8.9,7.22,2894.96
2026-09-17,Formação,2500.0,48,60.61,8.9,7.34,2953.28
2026-09-17,Formação,2500.0,54,54.96,8.9,7.43,3011.84
2026-09-17,Formação,2500.0,60,50.46,8.9,7.5,3071.6
2026-09-17,Formação,2500.0,66,46.8,8.9,7.57,3132.8
2026-09-17,Formação,2500.0,72,43.73,8.9,7.61,3192.56
2026-09-17,Formação,5000.0,24,223.44,8.9,6.55,5450.56
2026-09-17,Formação,5000.0,30,182.47,8.9,6.86,5562.1
2026-09-17,Formação,5000.0,36,155.22,8.9,7.08,5675.92
2026-09-17,Formação,5000.0,42,135.75,8.9,7.22,5789.5
2026-09-17,Formação,5000.0,48,121.21,8.9,7.34,5906.08
2026-09-17,Formação,5000.0,54,109.92,8.9,7.43,6023.68
2026-09-17,Formação,5000.0,60,100.91,8.9,7.5,6142.6
2026-09-17,Formação,5000.0,66,93.59,8.9,7.57,6264.94
2026-09-17,Formação,5000.0,72,87.46,8.9,7.61,6385.12
2026-09-17,Formação,5000.0,78,82.31,8.9,7.65,6508.18
2026-09-17,Formação,5000.0,84,77.93,8.9,7.69,6634.12
2026-09-17,Formação,10000.0,24,446.88,8.9,6.55,10901.12
2026-09-17,Formação,10000.0,30,364.94,8.9,6.86,11124.2
2026-09-17,Formação,10000.0,36,310.44,8.9,7.08,11351.84
2026-09-17,Formação,10000.0,42,271.5,8.9,7.22,11579.0
2026-09-17,Formação,10000.0,48,242.42,8.9,7.34,11812.16
2026-09-17,Formação,10000.0,54,219.84,8.9,7.43,12047.36
2026-09-17,Formação,10000.0,60,201.81,8.9,7.5,12284.6
2026-09-17,Formação,10000.0,66,187.17,8.9,7.57,12529.22
2026-09-17,Formação,10000.0,72,174.92,8.9,7.61,12770.24
2026-09-17,Formação,10000.0,78,164.62,8.9,7.65,13016.36
2026-09-17,Formação,10000.0,84,155.86,8.9,7.69,13268.24
2026-09-17,Formação,10000.0,90,148.27,8.9,7.72,13520.3
2026-09-17,Formação,10000.0,96,141.68,8.9,7.75,13777.28
2026-09-17,Formação,10000.0,102,135.91,8.9,7.78,14038.82
2026-09-17,Formação,10000.0,108,130.77,8.9,7.8,14299.16
2026-09-17,Formação,10000.0,114,126.21,8.9,7.82,14563.94
2026-09-17,Formação,10000.0,120,122.09,8.9,7.83,14826.8
2026-09-17,Formação,15000.0,24,670.32,8.9,6.55,16351.68
2026-09-17,Formação,15000.0,30,547.4,8.9,6.86,16686.0
2026-09-17,Formação,15000.0,36,465.66,8.9,7.08,17027.76
2026-09-17,Formação,15000.0,42,407.24,8.9,7.22,17368.08
2026-09-17,Formação,15000.0,48,363.62,8.9,7.34,17717.76
2026-09-17,Formação,15000.0,54,329.76,8.9,7.43,18071.04
2026-09-17,Formação,15000.0,60,302.72,8.9,7.5,18427.2
2026-09-17,Formação,15000.0,66,280.76,8.9,7.57,18794.16
2026-09-17,Formação,15000.0,72,262.38,8.9,7.61,19155.36
2026-09-17,Formação,15000.0,78,246.93,8.9,7.65,19524.54
2026-09-17,Formação,15000.0,84,233.78,8.9,7.69,19901.52
2026-09-17,Formação,15000.0,90,222.4,8.9,7.72,20280.0
2026-09-17,Formação,15000.0,96,212.51,8.9,7.75,20664.96
2026-09-17,Formação,15000.0,102,203.86,8.9,7.78,21057.72
2026-09-17,Formação,15000.0,108,196.16,8.9,7.8,21449.28
2026-09-17,Formação,15000.0,114,189.32,8.9,7.82,21846.48
2026-09-17,Formação,15000.0,120,183.13,8.9,7.83,22239.6
2026-09-17,Formação,20000.0,24,893.75,8.9,6.55,21802.0
2026-09-17,Formação,20000.0,30,729.87,8.9,6.86,22248.1
2026-09-17,Formação,20000.0,36,620.87,8.9,7.08,22703.32
2026-09-17,Formação,20000.0,42,542.99,8.9,7.22,23157.58
2026-09-17,Formação,20000.0,48,484.83,8.9,7.34,23623.84
2026-09-17,Formação,20000.0,54,439.67,8.9,7.43,24094.18
2026-09-17,Formação,20000.0,60,403.62,8.9,7.5,24569.2
2026-09-17,Formação,20000.0,66,374.34,8.9,7.57,25058.44
2026-09-17,Formação,20000.0,72,349.83,8.9,7.61,25539.76
2026-09-17,Formação,20000.0,78,329.23,8.9,7.65,26031.94
2026-09-17,Formação,20000.0,84,311.71,8.9,7.69,26535.64
2026-09-17,Formação,20000.0,90,296.53,8.9,7.72,27039.7
2026-09-17,Formação,20000.0,96,283.35,8.9,7.75,27553.6
2026-09-17,Formação,20000.0,102,271.81,8.9,7.78,28076.62
2026-09-17,Formação,20000.0,108,261.54,8.9,7.8,28598.32
2026-09-17,Formação,20000.0,114,252.42,8.9,7.82,29127.88
2026-09-17,Formação,20000.0,120,244.18,8.9,7.83,29653.6
2026-09-17,Eficiência Energética,10000.0,84,155.91,8.9,7.7,13272.44
2026-09-17,Eficiência Energética,15000.0,54,329.9,8.9,7.45,18078.6
2026-09-17,Eficiência Energética,15000.0,60,302.72,8.9,7.5,18427.2
2026-09-17,Eficiência Energética,15000.0,66,280.61,8.9,7.55,18784.26
2026-09-17,Eficiência Energética,15000.0,72,262.3,8.9,7.6,19149.6
2026-09-17,Eficiência Energética,15000.0,78,246.93,8.9,7.65,19524.54
2026-09-17,Eficiência Energética,15000.0,84,233.86,8.9,7.7,19908.24
2026-09-17,Eficiência Energética,20000.0,54,439.87,8.9,7.45,24104.98
2026-09-17,Eficiência Energética,20000.0,60,403.62,8.9,7.5,24569.2
2026-09-17,Eficiência Energética,20000.0,66,374.14,8.9,7.55,25045.24
2026-09-17,Eficiência Energética,20000.0,72,349.73,8.9,7.6,25532.56
2026-09-17,Eficiência Energética,20000.0,78,329.23,8.9,7.65,26031.94
2026-09-17,Eficiência Energética,20000.0,84,311.81,8.9,7.7,26544.04
2026-09-17,Eficiência Energética,25000.0,54,549.83,8.9,7.45,30130.82
2026-09-17,Eficiência Energética,25000.0,60,504.53,8.9,7.5,30711.8
2026-09-17,Eficiência Energética,25000.0,66,467.67,8.9,7.55,31306.22
2026-09-17,Eficiência Energética,25000.0,72,437.17,8.9,7.6,31916.24
2026-09-17,Eficiência Energética,25000.0,78,411.54,8.9,7.65,32540.12
2026-09-17,Eficiência Energética,25000.0,84,389.76,8.9,7.7,33179.84
2026-09-17,Eficiência Energética,30000.0,54,659.8,8.9,7.45,36157.2
2026-09-17,Eficiência Energética,30000.0,60,605.43,8.9,7.5,36853.8
2026-09-17,Eficiência Energética,30000.0,66,561.21,8.9,7.55,37567.86
2026-09-17,Eficiência Energética,30000.0,72,524.6,8.9,7.6,38299.2
2026-09-17,Eficiência Energética,30000.0,78,493.85,8.9,7.65,39048.3
2026-09-17,Eficiência Energética,30000.0,84,467.71,8.9,7.7,39815.64
2026-09-17,Eficiência Energética,35000.0,54,769.77,8.9,7.45,42183.58
2026-09-17,Eficiência Energética,35000.0,60,706.33,8.9,7.5,42995.8
2026-09-17,Eficiência Energética,35000.0,66,654.74,8.9,7.55,43828.84
2026-09-17,Eficiência Energética,35000.0,72,612.03,8.9,7.6,44682.16
2026-09-17,Eficiência Energética,35000.0,78,576.16,8.9,7.65,45556.48
2026-09-17,Eficiência Energética,35000.0,84,545.66,8.9,7.7,46451.44
2026-09-17,Eficiência Energética,40000.0,54,879.73,8.9,7.45,48209.42
2026-09-17,Eficiência Energética,40000.0,60,807.24,8.9,7.5,49138.4
2026-09-17,Eficiência Energética,40000.0,66,748.27,8.9,7.55,50089.82
2026-09-17,Eficiência Energética,40000.0,72,699.46,8.9,7.6,51065.12
2026-09-17,Eficiência Energética,40000.0,78,658.46,8.9,7.65,52063.88
2026-09-17,Eficiência Energética,40000.0,84,623.61,8.9,7.7,53087.24
2026-09-17,Eficiência Energética,45000.0,54,989.7,8.9,7.45,54235.8
2026-09-17,Eficiência Energética,45000.0,60,908.14,8.9,7.5,55280.4
2026-09-17,Eficiência Energética,45000.0,66,841.81,8.9,7.55,56351.46
2026-09-17,Eficiência Energética,45000.0,72,786.89,8.9,7.6,57448.08
2026-09-17,Eficiência Energética,45000.0,78,740.77,8.9,7.65,58572.06
2026-09-17,Eficiência Energética,45000.0,84,701.56,8.9,7.7,59723.04
2026-09-17,Eficiência Energética,50000.0,54,1099.66,8.9,7.45,60261.64
2026-09-17,Eficiência Energética,50000.0,60,1009.05,8.9,7.5,61423.0
2026-09-17,Eficiência Energética,50000.0,66,935.34,8.9,7.55,62612.44
2026-09-17,Eficiência Energética,50000.0,72,874.33,8.9,7.6,63831.76
2026-09-17,Eficiência Energética,50000.0,78,823.08,8.9,7.65,65080.24
2026-09-17,Eficiência Energética,50000.0,84,779.52,8.9,7.7,66359.68
2026-09-18,Pagar Despesas / Férias e Lazer,5000.0,54,124.03,15.3,12.97,6785.62
2026-09-18,Pagar Despesas / Férias e Lazer,5000.0,60,115.24,15.3,13.05,7002.4
2026-09-18,Pagar Despesas / Férias e Lazer,5000.0,66,108.09,15.3,13.11,7221.94
2026-09-18,Pagar Despesas / Férias e Lazer,5000.0,72,102.17,15.3,13.15,7444.24
2026-09-18,Pagar Despesas / Férias e Lazer,5000.0,78,97.25,15.3,13.2,7673.5
2026-09-18,Pagar Despesas / Férias e Lazer,5000.0,84,93.04,15.3,13.23,7903.36
2026-09-18,Pagar Despesas / Férias e Lazer,10000.0,54,248.05,15.3,12.97,13570.7
2026-09-18,Pagar Despesas / Férias e Lazer,10000.0,60,229.35,15.1,12.84,13937.0
2026-09-18,Pagar Despesas / Férias e Lazer,10000.0,66,213.2,14.7,12.56,14247.2
2026-09-18,Pagar Despesas / Férias e Lazer,10000.0,72,200.2,14.4,12.4,14590.4
2026-09-18,Pagar Despesas / Férias e Lazer,10000.0,78,188.18,14.0,12.07,14854.04
2026-09-18,Pagar Despesas / Férias e Lazer,10000.0,84,174.21,12.8,11.12,14809.64
2026-09-18,Pagar Despesas / Férias e Lazer,15000.0,54,372.08,15.3,12.97,20356.32
2026-09-18,Pagar Despesas / Férias e Lazer,15000.0,60,344.02,15.1,12.84,20905.2
2026-09-18,Pagar Despesas / Férias e Lazer,15000.0,66,319.79,14.7,12.56,21370.14
2026-09-18,Pagar Despesas / Férias e Lazer,15000.0,72,300.29,14.4,12.4,21884.88
2026-09-18,Pagar Despesas / Férias e Lazer,15000.0,78,282.27,14.0,12.07,22281.06
2026-09-18,Pagar Despesas / Férias e Lazer,15000.0,84,259.91,12.6,10.95,22096.44
2026-09-18,Pagar Despesas / Férias e Lazer,20000.0,54,496.1,15.3,12.97,27141.4
2026-09-18,Pagar Despesas / Férias e Lazer,20000.0,60,458.69,15.1,12.84,27873.4
2026-09-18,Pagar Despesas / Férias e Lazer,20000.0,66,426.39,14.7,12.56,28493.74
2026-09-18,Pagar Despesas / Férias e Lazer,20000.0,72,400.39,14.4,12.4,29180.08
2026-09-18,Pagar Despesas / Férias e Lazer,20000.0,78,376.36,14.0,12.07,29708.08
2026-09-18,Pagar Despesas / Férias e Lazer,20000.0,84,346.55,12.6,10.95,29462.2
2026-09-18,Pagar Despesas / Férias e Lazer,25000.0,54,620.12,15.3,12.97,33926.48
2026-09-18,Pagar Despesas / Férias e Lazer,25000.0,60,573.37,15.1,12.84,34842.2
2026-09-18,Pagar Despesas / Férias e Lazer,25000.0,66,532.99,14.7,12.56,35617.34
2026-09-18,Pagar Despesas / Férias e Lazer,25000.0,72,500.49,14.4,12.4,36475.28
2026-09-18,Pagar Despesas / Férias e Lazer,25000.0,78,470.45,14.0,12.07,37135.1
2026-09-18,Pagar Despesas / Férias e Lazer,25000.0,84,433.18,12.6,10.95,36827.12
2026-09-18,Pagar Despesas / Férias e Lazer,30000.0,54,744.15,15.3,12.97,40712.1
2026-09-18,Pagar Despesas / Férias e Lazer,30000.0,60,688.04,15.1,12.84,41810.4
2026-09-18,Pagar Despesas / Férias e Lazer,30000.0,66,639.58,14.7,12.56,42740.28
2026-09-18,Pagar Despesas / Férias e Lazer,30000.0,72,600.58,14.4,12.4,43769.76
2026-09-18,Pagar Despesas / Férias e Lazer,30000.0,78,564.54,14.0,12.07,44562.12
2026-09-18,Pagar Despesas / Férias e Lazer,30000.0,84,519.82,12.6,10.95,44192.88
2026-09-18,Pagar Despesas / Férias e Lazer,35000.0,54,868.17,15.3,12.97,47497.18
2026-09-18,Pagar Despesas / Férias e Lazer,35000.0,60,802.71,15.1,12.84,48778.6
2026-09-18,Pagar Despesas / Férias e Lazer,35000.0,66,746.18,14.7,12.56,49863.88
2026-09-18,Pagar Despesas / Férias e Lazer,35000.0,72,700.68,14.4,12.4,51064.96
2026-09-18,Pagar Despesas / Férias e Lazer,35000.0,78,658.62,14.0,12.07,51988.36
2026-09-18,Pagar Despesas / Férias e Lazer,35000.0,84,606.45,12.6,10.95,51557.8
2026-09-18,Pagar Despesas / Férias e Lazer,40000.0,54,992.19,15.3,12.97,54282.26
2026-09-18,Pagar Despesas / Férias e Lazer,40000.0,60,917.38,15.1,12.84,55746.8
2026-09-18,Pagar Despesas / Férias e Lazer,40000.0,66,852.77,14.7,12.56,56986.82
2026-09-18,Pagar Despesas / Férias e Lazer,40000.0,72,800.78,14.4,12.4,58360.16
2026-09-18,Pagar Despesas / Férias e Lazer,40000.0,78,752.71,14.0,12.07,59415.38
2026-09-18,Pagar Despesas / Férias e Lazer,40000.0,84,693.09,12.6,10.95,58923.56
2026-09-18,Pagar Despesas / Férias e Lazer,45000.0,54,1116.22,15.3,12.97,61067.88
2026-09-18,Pagar Despesas / Férias e Lazer,45000.0,60,1032.06,15.1,12.84,62715.6
2026-09-18,Pagar Despesas / Férias e Lazer,45000.0,66,959.37,14.7,12.56,64110.42
2026-09-18,Pagar Despesas / Férias e Lazer,45000.0,72,900.87,14.4,12.4,65654.64
2026-09-18,Pagar Despesas / Férias e Lazer,45000.0,78,846.8,14.0,12.07,66842.4
2026-09-18,Pagar Despesas / Férias e Lazer,45000.0,84,779.73,12.6,10.95,66289.32
2026-09-18,Pagar Despesas / Férias e Lazer,50000.0,54,1240.24,15.3,12.97,67852.96
2026-09-18,Pagar Despesas / Férias e Lazer,50000.0,60,1146.73,15.1,12.84,69683.8
2026-09-18,Pagar Despesas / Férias e Lazer,50000.0,66,1065.97,14.7,12.56,71234.02
2026-09-18,Pagar Despesas / Férias e Lazer,50000.0,72,1000.97,14.4,12.4,72949.84
2026-09-18,Pagar Despesas / Férias e Lazer,50000.0,78,940.89,14.0,12.07,74269.42
2026-09-18,Pagar Despesas / Férias e Lazer,50000.0,84,866.36,12.6,10.95,73654.24
2026-09-18,Lar e Recheio,5000.0,24,236.62,15.3,12.05,5766.88
2026-09-18,Lar e Recheio,5000.0,30,195.79,15.3,12.37,5961.7
2026-09-18,Lar e Recheio,5000.0,36,168.68,15.3,12.58,6160.48
2026-09-18,Lar e Recheio,5000.0,42,149.4,15.3,12.73,6362.8
2026-09-18,Lar e Recheio,5000.0,48,135.05,15.3,12.85,6570.4
2026-09-18,Lar e Recheio,5000.0,54,124.03,15.3,12.97,6785.62
2026-09-18,Lar e Recheio,5000.0,60,115.24,15.3,13.05,7002.4
2026-09-18,Lar e Recheio,5000.0,66,108.09,15.3,13.11,7221.94
2026-09-18,Lar e Recheio,5000.0,72,102.17,15.3,13.15,7444.24
2026-09-18,Lar e Recheio,5000.0,78,97.25,15.3,13.2,7673.5
2026-09-18,Lar e Recheio,5000.0,84,93.04,15.3,13.23,7903.36
2026-09-18,Lar e Recheio,10000.0,24,473.23,15.3,12.05,11533.52
2026-09-18,Lar e Recheio,10000.0,30,391.58,15.3,12.37,11923.4
2026-09-18,Lar e Recheio,10000.0,36,337.35,15.3,12.58,12320.6
2026-09-18,Lar e Recheio,10000.0,42,298.8,15.3,12.73,12725.6
2026-09-18,Lar e Recheio,10000.0,48,270.09,15.3,12.85,13140.32
2026-09-18,Lar e Recheio,10000.0,54,248.05,15.3,12.97,13570.7
2026-09-18,Lar e Recheio,10000.0,60,229.35,15.1,12.84,13937.0
2026-09-18,Lar e Recheio,10000.0,66,213.2,14.7,12.56,14247.2
2026-09-18,Lar e Recheio,10000.0,72,200.2,14.4,12.4,14590.4
2026-09-18,Lar e Recheio,10000.0,78,188.18,14.0,12.07,14854.04
2026-09-18,Lar e Recheio,10000.0,84,174.21,12.8,11.12,14809.64
2026-09-18,Lar e Recheio,15000.0,24,709.84,15.3,12.05,17300.16
2026-09-18,Lar e Recheio,15000.0,30,587.37,15.3,12.37,17885.1
2026-09-18,Lar e Recheio,15000.0,36,506.02,15.3,12.58,18480.72
2026-09-18,Lar e Recheio,15000.0,42,448.19,15.3,12.73,19087.98
2026-09-18,Lar e Recheio,15000.0,48,405.13,15.3,12.85,19710.24
2026-09-18,Lar e Recheio,15000.0,54,372.08,15.3,12.97,20356.32
2026-09-18,Lar e Recheio,15000.0,60,344.02,15.1,12.84,20905.2
2026-09-18,Lar e Recheio,15000.0,66,319.79,14.7,12.56,21370.14
2026-09-18,Lar e Recheio,15000.0,72,300.29,14.4,12.4,21884.88
2026-09-18,Lar e Recheio,15000.0,78,282.27,14.0,12.07,22281.06
2026-09-18,Lar e Recheio,15000.0,84,259.91,12.6,10.95,22096.44
2026-09-18,Lar e Recheio,20000.0,24,946.45,15.3,12.05,23066.8
2026-09-18,Lar e Recheio,20000.0,30,783.15,15.3,12.37,23846.5
2026-09-18,Lar e Recheio,20000.0,36,674.69,15.3,12.58,24640.84
2026-09-18,Lar e Recheio,20000.0,42,597.59,15.3,12.73,25450.78
2026-09-18,Lar e Recheio,20000.0,48,540.18,15.3,12.85,26280.64
2026-09-18,Lar e Recheio,20000.0,54,496.1,15.3,12.97,27141.4
2026-09-18,Lar e Recheio,20000.0,60,458.69,15.1,12.84,27873.4
2026-09-18,Lar e Recheio,20000.0,66,426.39,14.7,12.56,28493.74
2026-09-18,Lar e Recheio,20000.0,72,400.39,14.4,12.4,29180.08
2026-09-18,Lar e Recheio,20000.0,78,376.36,14.0,12.07,29708.08
2026-09-18,Lar e Recheio,20000.0,84,346.55,12.6,10.95,29462.2
2026-09-18,Lar e Recheio,25000.0,24,1183.06,15.3,12.05,28833.44
2026-09-18,Lar e Recheio,25000.0,30,978.94,15.3,12.37,29808.2
2026-09-18,Lar e Recheio,25000.0,36,843.36,15.3,12.58,30800.96
2026-09-18,Lar e Recheio,25000.0,42,746.98,15.3,12.73,31813.16
2026-09-18,Lar e Recheio,25000.0,48,675.22,15.3,12.85,32850.56
2026-09-18,Lar e Recheio,25000.0,54,620.12,15.3,12.97,33926.48
2026-09-18,Lar e Recheio,25000.0,60,573.37,15.1,12.84,34842.2
2026-09-18,Lar e Recheio,25000.0,66,532.99,14.7,12.56,35617.34
2026-09-18,Lar e Recheio,25000.0,72,500.49,14.4,12.4,36475.28
2026-09-18,Lar e Recheio,25000.0,78,470.45,14.0,12.07,37135.1
2026-09-18,Lar e Recheio,25000.0,84,433.18,12.6,10.95,36827.12
2026-09-18,Lar e Recheio,30000.0,24,1419.67,15.3,12.05,34600.08
2026-09-18,Lar e Recheio,30000.0,30,1174.73,15.3,12.37,35769.9
2026-09-18,Lar e Recheio,30000.0,36,1012.03,15.3,12.58,36961.08
2026-09-18,Lar e Recheio,30000.0,42,896.38,15.3,12.73,38175.96
2026-09-18,Lar e Recheio,30000.0,48,810.26,15.3,12.85,39420.48
2026-09-18,Lar e Recheio,30000.0,54,744.15,15.3,12.97,40712.1
2026-09-18,Lar e Recheio,30000.0,60,688.04,15.1,12.84,41810.4
2026-09-18,Lar e Recheio,30000.0,66,639.58,14.7,12.56,42740.28
2026-09-18,Lar e Recheio,30000.0,72,600.58,14.4,12.4,43769.76
2026-09-18,Lar e Recheio,30000.0,78,564.54,14.0,12.07,44562.12
2026-09-18,Lar e Recheio,30000.0,84,519.82,12.6,10.95,44192.88
2026-09-18,Lar e Recheio,35000.0,24,1656.29,15.3,12.05,40366.96
2026-09-18,Lar e Recheio,35000.0,30,1370.51,15.3,12.37,41731.3
2026-09-18,Lar e Recheio,35000.0,36,1180.7,15.3,12.58,43121.2
2026-09-18,Lar e Recheio,35000.0,42,1045.78,15.3,12.73,44538.76
2026-09-18,Lar e Recheio,35000.0,48,945.3,15.3,12.85,45990.4
2026-09-18,Lar e Recheio,35000.0,54,868.17,15.3,12.97,47497.18
2026-09-18,Lar e Recheio,35000.0,60,802.71,15.1,12.84,48778.6
2026-09-18,Lar e Recheio,35000.0,66,746.18,14.7,12.56,49863.88
2026-09-18,Lar e Recheio,35000.0,72,700.68,14.4,12.4,51064.96
2026-09-18,Lar e Recheio,35000.0,78,658.62,14.0,12.07,51988.36
2026-09-18,Lar e Recheio,35000.0,84,606.45,12.6,10.95,51557.8
2026-09-18,Lar e Recheio,40000.0,24,1892.9,15.3,12.05,46133.6
2026-09-18,Lar e Recheio,40000.0,30,1566.3,15.3,12.37,47693.0
2026-09-18,Lar e Recheio,40000.0,36,1349.37,15.3,12.58,49281.32
2026-09-18,Lar e Recheio,40000.0,42,1195.17,15.3,12.73,50901.14
2026-09-18,Lar e Recheio,40000.0,48,1080.35,15.3,12.85,52560.8
2026-09-18,Lar e Recheio,40000.0,54,992.19,15.3,12.97,54282.26
2026-09-18,Lar e Recheio,40000.0,60,917.38,15.1,12.84,55746.8
2026-09-18,Lar e Recheio,40000.0,66,852.77,14.7,12.56,56986.82
2026-09-18,Lar e Recheio,40000.0,72,800.78,14.4,12.4,58360.16
2026-09-18,Lar e Recheio,40000.0,78,752.71,14.0,12.07,59415.38
2026-09-18,Lar e Recheio,40000.0,84,693.09,12.6,10.95,58923.56
2026-09-18,Lar e Recheio,45000.0,24,2129.51,15.3,12.05,51900.24
2026-09-18,Lar e Recheio,45000.0,30,1762.09,15.3,12.37,53654.7
2026-09-18,Lar e Recheio,45000.0,36,1518.04,15.3,12.58,55441.44
2026-09-18,Lar e Recheio,45000.0,42,1344.57,15.3,12.73,57263.94
2026-09-18,Lar e Recheio,45000.0,48,1215.39,15.3,12.85,59130.72
2026-09-18,Lar e Recheio,45000.0,54,1116.22,15.3,12.97,61067.88
2026-09-18,Lar e Recheio,45000.0,60,1032.06,15.1,12.84,62715.6
2026-09-18,Lar e Recheio,45000.0,66,959.37,14.7,12.56,64110.42
2026-09-18,Lar e Recheio,45000.0,72,900.87,14.4,12.4,65654.64
2026-09-18,Lar e Recheio,45000.0,78,846.8,14.0,12.07,66842.4
2026-09-18,Lar e Recheio,45000.0,84,779.73,12.6,10.95,66289.32
2026-09-18,Lar e Recheio,50000.0,24,2366.12,15.3,12.05,57666.88
2026-09-18,Lar e Recheio,50000.0,30,1957.87,15.3,12.37,59616.1
2026-09-18,Lar e Recheio,50000.0,36,1686.71,15.3,12.58,61601.56
2026-09-18,Lar e Recheio,50000.0,42,1493.96,15.3,12.73,63626.32
2026-09-18,Lar e Recheio,50000.0,48,1350.43,15.3,12.85,65700.64
2026-09-18,Lar e Recheio,50000.0,54,1240.24,15.3,12.97,67852.96
2026-09-18,Lar e Recheio,50000.0,60,1146.73,15.1,12.84,69683.8
2026-09-18,Lar e Recheio,50000.0,66,1065.97,14.7,12.56,71234.02
2026-09-18,Lar e Recheio,50000.0,72,1000.97,14.4,12.4,72949.84
2026-09-18,Lar e Recheio,50000.0,78,940.89,14.0,12.07,74269.42
2026-09-18,Lar e Recheio,50000.0,84,866.36,12.6,10.95,73654.24
2026-09-18,Formação,2500.0,24,111.72,8.9,6.55,2725.28
2026-09-18,Formação,2500.0,30,91.24,8.9,6.86,2781.2
2026-09-18,Formação,2500.0,36,77.61,8.9,7.08,2837.96
2026-09-18,Formação,2500.0,42,67.88,8.9,7.22,2894.96
2026-09-18,Formação,2500.0,48,60.61,8.9,7.34,2953.28
2026-09-18,Formação,2500.0,54,54.96,8.9,7.43,3011.84
2026-09-18,Formação,2500.0,60,50.46,8.9,7.5,3071.6
2026-09-18,Formação,2500.0,66,46.8,8.9,7.57,3132.8
2026-09-18,Formação,2500.0,72,43.73,8.9,7.61,3192.56
2026-09-18,Formação,5000.0,24,223.44,8.9,6.55,5450.56
2026-09-18,Formação,5000.0,30,182.47,8.9,6.86,5562.1
2026-09-18,Formação,5000.0,36,155.22,8.9,7.08,5675.92
2026-09-18,Formação,5000.0,42,135.75,8.9,7.22,5789.5
2026-09-18,Formação,5000.0,48,121.21,8.9,7.34,5906.08
2026-09-18,Formação,5000.0,54,109.92,8.9,7.43,6023.68
2026-09-18,Formação,5000.0,60,100.91,8.9,7.5,6142.6
2026-09-18,Formação,5000.0,66,93.59,8.9,7.57,6264.94
2026-09-18,Formação,5000.0,72,87.46,8.9,7.61,6385.12
2026-09-18,Formação,5000.0,78,82.31,8.9,7.65,6508.18
2026-09-18,Formação,5000.0,84,77.93,8.9,7.69,6634.12
2026-09-18,Formação,10000.0,24,446.88,8.9,6.55,10901.12
2026-09-18,Formação,10000.0,30,364.94,8.9,6.86,11124.2
2026-09-18,Formação,10000.0,36,310.44,8.9,7.08,11351.84
2026-09-18,Formação,10000.0,42,271.5,8.9,7.22,11579.0
2026-09-18,Formação,10000.0,48,242.42,8.9,7.34,11812.16
2026-09-18,Formação,10000.0,54,219.84,8.9,7.43,12047.36
2026-09-18,Formação,10000.0,60,201.81,8.9,7.5,12284.6
2026-09-18,Formação,10000.0,66,187.17,8.9,7.57,12529.22
2026-09-18,Formação,10000.0,72,174.92,8.9,7.61,12770.24
2026-09-18,Formação,10000.0,78,164.62,8.9,7.65,13016.36
2026-09-18,Formação,10000.0,84,155.86,8.9,7.69,13268.24
2026-09-18,Formação,10000.0,90,148.27,8.9,7.72,13520.3
2026-09-18,Formação,10000.0,96,141.68,8.9,7.75,13777.28
2026-09-18,Formação,10000.0,102,135.91,8.9,7.78,14038.82
2026-09-18,Formação,10000.0,108,130.77,8.9,7.8,14299.16
2026-09-18,Formação,10000.0,114,126.21,8.9,7.82,14563.94
2026-09-18,Formação,10000.0,120,122.09,8.9,7.83,14826.8
2026-09-18,Formação,15000.0,24,670.32,8.9,6.55,16351.68
2026-09-18,Formação,15000.0,30,547.4,8.9,6.86,16686.0
2026-09-18,Formação,15000.0,36,465.66,8.9,7.08,17027.76
2026-09-18,Formação,15000.0,42,407.24,8.9,7.22,17368.08
2026-09-18,Formação,15000.0,48,363.62,8.9,7.34,17717.76
2026-09-18,Formação,15000.0,54,329.76,8.9,7.43,18071.04
2026-09-18,Formação,15000.0,60,302.72,8.9,7.5,18427.2
2026-09-18,Formação,15000.0,66,280.76,8.9,7.57,18794.16
2026-09-18,Formação,15000.0,72,262.38,8.9,7.61,19155.36
2026-09-18,Formação,15000.0,78,246.93,8.9,7.65,19524.54
2026-09-18,Formação,15000.0,84,233.78,8.9,7.69,19901.52
2026-09-18,Formação,15000.0,90,222.4,8.9,7.72,20280.0
2026-09-18,Formação,15000.0,96,212.51,8.9,7.75,20664.96
2026-09-18,Formação,15000.0,102,203.86,8.9,7.78,21057.72
2026-09-18,Formação,15000.0,108,196.16,8.9,7.8,21449.28
2026-09-18,Formação,15000.0,114,189.32,8.9,7.82,21846.48
2026-09-18,Formação,15000.0,120,183.13,8.9,7.83,22239.6
2026-09-18,Formação,20000.0,24,893.75,8.9,6.55,21802.0
2026-09-18,Formação,20000.0,30,729.87,8.9,6.86,22248.1
2026-09-18,Formação,20000.0,36,620.87,8.9,7.08,22703.32
2026-09-18,Formação,20000.0,42,542.99,8.9,7.22,23157.58
2026-09-18,Formação,20000.0,48,484.83,8.9,7.34,23623.84
2026-09-18,Formação,20000.0,54,439.67,8.9,7.43,24094.18
2026-09-18,Formação,20000.0,60,403.62,8.9,7.5,24569.2
2026-09-18,Formação,20000.0,66,374.34,8.9,7.57,25058.44
2026-09-18,Formação,20000.0,72,349.83,8.9,7.61,25539.76
2026-09-18,Formação,20000.0,78,329.23,8.9,7.65,26031.94
2026-09-18,Formação,20000.0,84,311.71,8.9,7.69,26535.64
2026-09-18,Formação,20000.0,90,296.53,8.9,7.72,27039.7
2026-09-18,Formação,20000.0,96,283.35,8.9,7.75,27553.6
2026-09-18,Formação,20000.0,102,271.81,8.9,7.78,28076.62
2026-09-18,Formação,20000.0,108,261.54,8.9,7.8,28598.32
2026-09-18,Formação,20000.0,114,252.42,8.9,7.82,29127.88
2026-09-18,Formação,20000.0,120,244.18,8.9,7.83,29653.6
2026-09-18,Eficiência Energética,10000.0,84,155.91,8.9,7.7,13272.44
2026-09-18,Eficiência Energética,15000.0,54,329.9,8.9,7.45,18078.6
2026-09-18,Eficiência Energética,15000.0,60,302.72,8.9,7.5,18427.2
2026-09-18,Eficiência Energética,15000.0,66,280.61,8.9,7.55,18784.26
2026-09-18,Eficiência Energética,15000.0,72,262.3,8.9,7.6,19149.6
2026-09-18,Eficiência Energética,15000.0,78,246.93,8.9,7.65,19524.54
2026-09-18,Eficiência Energética,15000.0,84,233.86,8.9,7.7,19908.24
2026-09-18,Eficiência Energética,20000.0,54,439.87,8.9,7.45,24104.98
2026-09-18,Eficiência Energética,20000.0,60,403.62,8.9,7.5,24569.2
2026-09-18,Eficiência Energética,20000.0,66,374.14,8.9,7.55,25045.24
2026-09-18,Eficiência Energética,20000.0,72,349.73,8.9,7.6,25532.56
2026-09-18,Eficiência Energética,20000.0,78,329.23,8.9,7.65,26031.94
2026-09-18,Eficiência Energética,20000.0,84,311.81,8.9,7.7,26544.04
2026-09-18,Eficiência Energética,25000.0,54,549.83,8.9,7.45,30130.82
2026-09-18,Eficiência Energética,25000.0,60,504.53,8.9,7.5,30711.8
2026-09-18,Eficiência Energética,25000.0,66,467.67,8.9,7.55,31306.22
2026-09-18,Eficiência Energética,25000.0,72,437.17,8.9,7.6,31916.24
2026-09-18,Eficiência Energética,25000.0,78,411.54,8.9,7.65,32540.12
2026-09-18,Eficiência Energética,25000.0,84,389.76,8.9,7.7,33179.84
2026-09-18,Eficiência Energética,30000.0,54,659.8,8.9,7.45,36157.2
2026-09-18,Eficiência Energética,30000.0,60,605.43,8.9,7.5,36853.8
2026-09-18,Eficiência Energética,30000.0,66,561.21,8.9,7.55,37567.86
2026-09-18,Eficiência Energética,30000.0,72,524.6,8.9,7.6,38299.2
2026-09-18,Eficiência Energética,30000.0,78,493.85,8.9,7.65,39048.3
2026-09-18,Eficiência Energética,30000.0,84,467.71,8.9,7.7,39815.64
2026-09-18,Eficiência Energética,35000.0,54,769.77,8.9,7.45,42183.58
2026-09-18,Eficiência Energética,35000.0,60,706.33,8.9,7.5,42995.8
2026-09-18,Eficiência Energética,35000.0,66,654.74,8.9,7.55,43828.84
2026-09-18,Eficiência Energética,35000.0,72,612.03,8.9,7.6,44682.16
2026-09-18,Eficiência Energética,35000.0,78,576.16,8.9,7.65,45556.48
2026-09-18,Eficiência Energética,35000.0,84,545.66,8.9,7.7,46451.44
2026-09-18,Eficiência Energética,40000.0,54,879.73,8.9,7.45,48209.42
2026-09-18,Eficiência Energética,40000.0,60,807.24,8.9,7.5,49138.4
2026-09-18,Eficiência Energética,40000.0,66,748.27,8.9,7.55,50089.82
2026-09-18,Eficiência Energética,40000.0,72,699.46,8.9,7.6,51065.12
2026-09-18,Eficiência Energética,40000.0,78,658.46,8.9,7.65,52063.88
2026-09-18,Eficiência Energética,40000.0,84,623.61,8.9,7.7,53087.24
2026-09-18,Eficiência Energética,45000.0,54,989.7,8.9,7.45,54235.8
2026-09-18,Eficiência Energética,45000.0,60,908.14,8.9,7.5,55280.4
2026-09-18,Eficiência Energética,45000.0,66,841.81,8.9,7.55,56351.46
2026-09-18,Eficiência Energética,45000.0,72,786.89,8.9,7.6,57448.08
2026-09-18,Eficiência Energética,45000.0,78,740.77,8.9,7.65,58572.06
2026-09-18,Eficiência Energética,45000.0,84,701.56,8.9,7.7,59723.04
2026-09-18,Eficiência Energética,50000.0,54,1099.66,8.9,7.45,60261.64
2026-09-18,Eficiência Energética,50000.0,60,1009.05,8.9,7.5,61423.0
2026-09-18,Eficiência Energética,50000.0,66,935.34,8.9,7.55,62612.44
2026-09-18,Eficiência Energética,50000.0,72,874.33,8.9,7.6,63831.76
2026-09-18,Eficiência Energética,50000.0,78,823.08,8.9,7.65,65080.24
2026-09-18,Eficiência Energética,50000.0,84,779.52,8.9,7.7,66359.68
2026-09-21,Pagar Despesas / Férias e Lazer,5000.0,54,124.03,15.3,12.97,6785.62
2026-09-21,Pagar Despesas / Férias e Lazer,5000.0,60,115.24,15.3,13.05,7002.4
2026-09-21,Pagar Despesas / Férias e Lazer,5000.0,66,108.09,15.3,13.11,7221.94
2026-09-21,Pagar Despesas / Férias e Lazer,5000.0,72,102.17,15.3,13.15,7444.24
2026-09-21,Pagar Despesas / Férias e Lazer,5000.0,78,97.25,15.3,13.2,7673.5
2026-09-21,Pagar Despesas / Férias e Lazer,5000.0,84,93.04,15.3,13.23,7903.36
2026-09-21,Pagar Despesas / Férias e Lazer,10000.0,54,248.05,15.3,12.97,13570.7
2026-09-21,Pagar Despesas / Férias e Lazer,10000.0,60,229.35,15.1,12.84,13937.0
2026-09-21,Pagar Despesas / Férias e Lazer,10000.0,66,213.2,14.7,12.56,14247.2
2026-09-21,Pagar Despesas / Férias e Lazer,10000.0,72,200.2,14.4,12.4,14590.4
2026-09-21,Pagar Despesas / Férias e Lazer,10000.0,78,188.18,14.0,12.07,14854.04
2026-09-21,Pagar Despesas / Férias e Lazer,10000.0,84,174.21,12.8,11.12,14809.64
2026-09-21,Pagar Despesas / Férias e Lazer,15000.0,54,372.08,15.3,12.97,20356.32
2026-09-21,Pagar Despesas / Férias e Lazer,15000.0,60,344.02,15.1,12.84,20905.2
2026-09-21,Pagar Despesas / Férias e Lazer,15000.0,66,319.79,14.7,12.56,21370.14
2026-09-21,Pagar Despesas / Férias e Lazer,15000.0,72,300.29,14.4,12.4,21884.88
2026-09-21,Pagar Despesas / Férias e Lazer,15000.0,78,282.27,14.0,12.07,22281.06
2026-09-21,Pagar Despesas / Férias e Lazer,15000.0,84,259.91,12.6,10.95,22096.44
2026-09-21,Pagar Despesas / Férias e Lazer,20000.0,54,496.1,15.3,12.97,27141.4
2026-09-21,Pagar Despesas / Férias e Lazer,20000.0,60,458.69,15.1,12.84,27873.4
2026-09-21,Pagar Despesas / Férias e Lazer,20000.0,66,426.39,14.7,12.56,28493.74
2026-09-21,Pagar Despesas / Férias e Lazer,20000.0,72,400.39,14.4,12.4,29180.08
2026-09-21,Pagar Despesas / Férias e Lazer,20000.0,78,376.36,14.0,12.07,29708.08
2026-09-21,Pagar Despesas / Férias e Lazer,20000.0,84,346.55,12.6,10.95,29462.2
2026-09-21,Pagar Despesas / Férias e Lazer,25000.0,54,620.12,15.3,12.97,33926.48
2026-09-21,Pagar Despesas / Férias e Lazer,25000.0,60,573.37,15.1,12.84,34842.2
2026-09-21,Pagar Despesas / Férias e Lazer,25000.0,66,532.99,14.7,12.56,35617.34
2026-09-21,Pagar Despesas / Férias e Lazer,25000.0,72,500.49,14.4,12.4,36475.28
2026-09-21,Pagar Despesas / Férias e Lazer,25000.0,78,470.45,14.0,12.07,37135.1
2026-09-21,Pagar Despesas / Férias e Lazer,25000.0,84,433.18,12.6,10.95,36827.12
2026-09-21,Pagar Despesas / Férias e Lazer,30000.0,54,744.15,15.3,12.97,40712.1
2026-09-21,Pagar Despesas / Férias e Lazer,30000.0,60,688.04,15.1,12.84,41810.4
2026-09-21,Pagar Despesas / Férias e Lazer,30000.0,66,639.58,14.7,12.56,42740.28
2026-09-21,Pagar Despesas / Férias e Lazer,30000.0,72,600.58,14.4,12.4,43769.76
2026-09-21,Pagar Despesas / Férias e Lazer,30000.0,78,564.54,14.0,12.07,44562.12
2026-09-21,Pagar Despesas / Férias e Lazer,30000.0,84,519.82,12.6,10.95,44192.88
2026-09-21,Pagar Despesas / Férias e Lazer,35000.0,54,868.17,15.3,12.97,47497.18
2026-09-21,Pagar Despesas / Férias e Lazer,35000.0,60,802.71,15.1,12.84,48778.6
2026-09-21,Pagar Despesas / Férias e Lazer,35000.0,66,746.18,14.7,12.56,49863.88
2026-09-21,Pagar Despesas / Férias e Lazer,35000.0,72,700.68,14.4,12.4,51064.96
2026-09-21,Pagar Despesas / Férias e Lazer,35000.0,78,658.62,14.0,12.07,51988.36
2026-09-21,Pagar Despesas / Férias e Lazer,35000.0,84,606.45,12.6,10.95,51557.8
2026-09-21,Pagar Despesas / Férias e Lazer,40000.0,54,992.19,15.3,12.97,54282.26
2026-09-21,Pagar Despesas / Férias e Lazer,40000.0,60,917.38,15.1,12.84,55746.8
2026-09-21,Pagar Despesas / Férias e Lazer,40000.0,66,852.77,14.7,12.56,56986.82
2026-09-21,Pagar Despesas / Férias e Lazer,40000.0,72,800.78,14.4,12.4,58360.16
2026-09-21,Pagar Despesas / Férias e Lazer,40000.0,78,752.71,14.0,12.07,59415.38
2026-09-21,Pagar Despesas / Férias e Lazer,40000.0,84,693.09,12.6,10.95,58923.56
2026-09-21,Pagar Despesas / Férias e Lazer,45000.0,54,1116.22,15.3,12.97,61067.88
2026-09-21,Pagar Despesas / Férias e Lazer,45000.0,60,1032.06,15.1,12.84,62715.6
2026-09-21,Pagar Despesas / Férias e Lazer,45000.0,66,959.37,14.7,12.56,64110.42
2026-09-21,Pagar Despesas / Férias e Lazer,45000.0,72,900.87,14.4,12.4,65654.64
2026-09-21,Pagar Despesas / Férias e Lazer,45000.0,78,846.8,14.0,12.07,66842.4
2026-09-21,Pagar Despesas / Férias e Lazer,45000.0,84,779.73,12.6,10.95,66289.32
2026-09-21,Pagar Despesas / Férias e Lazer,50000.0,54,1240.24,15.3,12.97,67852.96
2026-09-21,Pagar Despesas / Férias e Lazer,50000.0,60,1146.73,15.1,12.84,69683.8
2026-09-21,Pagar Despesas / Férias e Lazer,50000.0,66,1065.97,14.7,12.56,71234.02
2026-09-21,Pagar Despesas / Férias e Lazer,50000.0,72,1000.97,14.4,12.4,72949.84
2026-09-21,Pagar Despesas / Férias e Lazer,50000.0,78,940.89,14.0,12.07,74269.42
2026-09-21,Pagar Despesas / Férias e Lazer,50000.0,84,866.36,12.6,10.95,73654.24
2026-09-21,Lar e Recheio,5000.0,24,236.62,15.3,12.05,5766.88
2026-09-21,Lar e Recheio,5000.0,30,195.79,15.3,12.37,5961.7
2026-09-21,Lar e Recheio,5000.0,36,168.68,15.3,12.58,6160.48
2026-09-21,Lar e Recheio,5000.0,42,149.4,15.3,12.73,6362.8
2026-09-21,Lar e Recheio,5000.0,48,135.05,15.3,12.85,6570.4
2026-09-21,Lar e Recheio,5000.0,54,124.03,15.3,12.97,6785.62
2026-09-21,Lar e Recheio,5000.0,60,115.24,15.3,13.05,7002.4
2026-09-21,Lar e Recheio,5000.0,66,108.09,15.3,13.11,7221.94
2026-09-21,Lar e Recheio,5000.0,72,102.17,15.3,13.15,7444.24
2026-09-21,Lar e Recheio,5000.0,78,97.25,15.3,13.2,7673.5
2026-09-21,Lar e Recheio,5000.0,84,93.04,15.3,13.23,7903.36
2026-09-21,Lar e Recheio,10000.0,24,473.23,15.3,12.05,11533.52
2026-09-21,Lar e Recheio,10000.0,30,391.58,15.3,12.37,11923.4
2026-09-21,Lar e Recheio,10000.0,36,337.35,15.3,12.58,12320.6
2026-09-21,Lar e Recheio,10000.0,42,298.8,15.3,12.73,12725.6
2026-09-21,Lar e Recheio,10000.0,48,270.09,15.3,12.85,13140.32
2026-09-21,Lar e Recheio,10000.0,54,248.05,15.3,12.97,13570.7
2026-09-21,Lar e Recheio,10000.0,60,229.35,15.1,12.84,13937.0
2026-09-21,Lar e Recheio,10000.0,66,213.2,14.7,12.56,14247.2
2026-09-21,Lar e Recheio,10000.0,72,200.2,14.4,12.4,14590.4
2026-09-21,Lar e Recheio,10000.0,78,188.18,14.0,12.07,14854.04
2026-09-21,Lar e Recheio,10000.0,84,174.21,12.8,11.12,14809.64
2026-09-21,Lar e Recheio,15000.0,24,709.84,15.3,12.05,17300.16
2026-09-21,Lar e Recheio,15000.0,30,587.37,15.3,12.37,17885.1
2026-09-21,Lar e Recheio,15000.0,36,506.02,15.3,12.58,18480.72
2026-09-21,Lar e Recheio,15000.0,42,448.19,15.3,12.73,19087.98
2026-09-21,Lar e Recheio,15000.0,48,405.13,15.3,12.85,19710.24
2026-09-21,Lar e Recheio,15000.0,54,372.08,15.3,12.97,20356.32
2026-09-21,Lar e Recheio,15000.0,60,344.02,15.1,12.84,20905.2
2026-09-21,Lar e Recheio,15000.0,66,319.79,14.7,12.56,21370.14
2026-09-21,Lar e Recheio,15000.0,72,300.29,14.4,12.4,21884.88
2026-09-21,Lar e Recheio,15000.0,78,282.27,14.0,12.07,22281.06
2026-09-21,Lar e Recheio,15000.0,84,259.91,12.6,10.95,22096.44
2026-09-21,Lar e Recheio,20000.0,24,946.45,15.3,12.05,23066.8
2026-09-21,Lar e Recheio,20000.0,30,783.15,15.3,12.37,23846.5
2026-09-21,Lar e Recheio,20000.0,36,674.69,15.3,12.58,24640.84
2026-09-21,Lar e Recheio,20000.0,42,597.59,15.3,12.73,25450.78
2026-09-21,Lar e Recheio,20000.0,48,540.18,15.3,12.85,26280.64
2026-09-21,Lar e Recheio,20000.0,54,496.1,15.3,12.97,27141.4
2026-09-21,Lar e Recheio,20000.0,60,458.69,15.1,12.84,27873.4
2026-09-21,Lar e Recheio,20000.0,66,426.39,14.7,12.56,28493.74
2026-09-21,Lar e Recheio,20000.0,72,400.39,14.4,12.4,29180.08
2026-09-21,Lar e Recheio,20000.0,78,376.36,14.0,12.07,29708.08
2026-09-21,Lar e Recheio,20000.0,84,346.55,12.6,10.95,29462.2
2026-09-21,Lar e Recheio,25000.0,24,1183.06,15.3,12.05,28833.44
2026-09-21,Lar e Recheio,25000.0,30,978.94,15.3,12.37,29808.2
2026-09-21,Lar e Recheio,25000.0,36,843.36,15.3,12.58,30800.96
2026-09-21,Lar e Recheio,25000.0,42,746.98,15.3,12.73,31813.16
2026-09-21,Lar e Recheio,25000.0,48,675.22,15.3,12.85,32850.56
2026-09-21,Lar e Recheio,25000.0,54,620.12,15.3,12.97,33926.48
2026-09-21,Lar e Recheio,25000.0,60,573.37,15.1,12.84,34842.2
2026-09-21,Lar e Recheio,25000.0,66,532.99,14.7,12.56,35617.34
2026-09-21,Lar e Recheio,25000.0,72,500.49,14.4,12.4,36475.28
2026-09-21,Lar e Recheio,25000.0,78,470.45,14.0,12.07,37135.1
2026-09-21,Lar e Recheio,25000.0,84,433.18,12.6,10.95,36827.12
2026-09-21,Lar e Recheio,30000.0,24,1419.67,15.3,12.05,34600.08
2026-09-21,Lar e Recheio,30000.0,30,1174.73,15.3,12.37,35769.9
2026-09-21,Lar e Recheio,30000.0,36,1012.03,15.3,12.58,36961.08
2026-09-21,Lar e Recheio,30000.0,42,896.38,15.3,12.73,38175.96
2026-09-21,Lar e Recheio,30000.0,48,810.26,15.3,12.85,39420.48
2026-09-21,Lar e Recheio,30000.0,54,744.15,15.3,12.97,40712.1
2026-09-21,Lar e Recheio,30000.0,60,688.04,15.1,12.84,41810.4
2026-09-21,Lar e Recheio,30000.0,66,639.58,14.7,12.56,42740.28
2026-09-21,Lar e Recheio,30000.0,72,600.58,14.4,12.4,43769.76
2026-09-21,Lar e Recheio,30000.0,78,564.54,14.0,12.07,44562.12
2026-09-21,Lar e Recheio,30000.0,84,519.82,12.6,10.95,44192.88
2026-09-21,Lar e Recheio,35000.0,24,1656.29,15.3,12.05,40366.96
2026-09-21,Lar e Recheio,35000.0,30,1370.51,15.3,12.37,41731.3
2026-09-21,Lar e Recheio,35000.0,36,1180.7,15.3,12.58,43121.2
2026-09-21,Lar e Recheio,35000.0,42,1045.78,15.3,12.73,44538.76
2026-09-21,Lar e Recheio,35000.0,48,945.3,15.3,12.85,45990.4
2026-09-21,Lar e Recheio,35000.0,54,868.17,15.3,12.97,47497.18
2026-09-21,Lar e Recheio,35000.0,60,802.71,15.1,12.84,48778.6
2026-09-21,Lar e Recheio,35000.0,66,746.18,14.7,12.56,49863.88
2026-09-21,Lar e Recheio,35000.0,72,700.68,14.4,12.4,51064.96
2026-09-21,Lar e Recheio,35000.0,78,658.62,14.0,12.07,51988.36
2026-09-21,Lar e Recheio,35000.0,84,606.45,12.6,10.95,51557.8
2026-09-21,Lar e Recheio,40000.0,24,1892.9,15.3,12.05,46133.6
2026-09-21,Lar e Recheio,40000.0,30,1566.3,15.3,12.37,47693.0
2026-09-21,Lar e Recheio,40000.0,36,1349.37,15.3,12.58,49281.32
2026-09-21,Lar e Recheio,40000.0,42,1195.17,15.3,12.73,50901.14
2026-09-21,Lar e Recheio,40000.0,48,1080.35,15.3,12.85,52560.8
2026-09-21,Lar e Recheio,40000.0,54,992.19,15.3,12.97,54282.26
2026-09-21,Lar e Recheio,40000.0,60,917.38,15.1,12.84,55746.8
2026-09-21,Lar e Recheio,40000.0,66,852.77,14.7,12.56,56986.82
2026-09-21,Lar e Recheio,40000.0,72,800.78,14.4,12.4,58360.16
2026-09-21,Lar e Recheio,40000.0,78,752.71,14.0,12.07,59415.38
2026-09-21,Lar e Recheio,40000.0,84,693.09,12.6,10.95,58923.56
2026-09-21,Lar e Recheio,45000.0,24,2129.51,15.3,12.05,51900.24
2026-09-21,Lar e Recheio,45000.0,30,1762.09,15.3,12.37,53654.7
2026-09-21,Lar e Recheio,45000.0,36,1518.04,15.3,12.58,55441.44
2026-09-21,Lar e Recheio,45000.0,42,1344.57,15.3,12.73,57263.94
2026-09-21,Lar e Recheio,45000.0,48,1215.39,15.3,12.85,59130.72
2026-09-21,Lar e Recheio,45000.0,54,1116.22,15.3,12.97,61067.88
2026-09-21,Lar e Recheio,45000.0,60,1032.06,15.1,12.84,62715.6
2026-09-21,Lar e Recheio,45000.0,66,959.37,14.7,12.56,64110.42
2026-09-21,Lar e Recheio,45000.0,72,900.87,14.4,12.4,65654.64
2026-09-21,Lar e Recheio,45000.0,78,846.8,14.0,12.07,66842.4
2026-09-21,Lar e Recheio,45000.0,84,779.73,12.6,10.95,66289.32
2026-09-21,Lar e Recheio,50000.0,24,2366.12,15.3,12.05,57666.88
2026-09-21,Lar e Recheio,50000.0,30,1957.87,15.3,12.37,59616.1
2026-09-21,Lar e Recheio,50000.0,36,1686.71,15.3,12.58,61601.56
2026-09-21,Lar e Recheio,50000.0,42,1493.96,15.3,12.73,63626.32
2026-09-21,Lar e Recheio,50000.0,48,1350.43,15.3,12.85,65700.64
2026-09-21,Lar e Recheio,50000.0,54,1240.24,15.3,12.97,67852.96
2026-09-21,Lar e Recheio,50000.0,60,1146.73,15.1,12.84,69683.8
2026-09-21,Lar e Recheio,50000.0,66,1065.97,14.7,12.56,71234.02
2026-09-21,Lar e Recheio,50000.0,72,1000.97,14.4,12.4,72949.84
2026-09-21,Lar e Recheio,50000.0,78,940.89,14.0,12.07,74269.42
2026-09-21,Lar e Recheio,50000.0,84,866.36,12.6,10.95,73654.24
2026-09-21,Formação,2500.0,24,111.72,8.9,6.55,2725.28
2026-09-21,Formação,2500.0,30,91.24,8.9,6.86,2781.2
2026-09-21,Formação,2500.0,36,77.61,8.9,7.08,2837.96
2026-09-21,Formação,2500.0,42,67.88,8.9,7.22,2894.96
2026-09-21,Formação,2500.0,48,60.61,8.9,7.34,2953.28
2026-09-21,Formação,2500.0,54,54.96,8.9,7.43,3011.84
2026-09-21,Formação,2500.0,60,50.46,8.9,7.5,3071.6
2026-09-21,Formação,2500.0,66,46.8,8.9,7.57,3132.8
2026-09-21,Formação,2500.0,72,43.73,8.9,7.61,3192.56
2026-09-21,Formação,5000.0,24,223.44,8.9,6.55,5450.56
2026-09-21,Formação,5000.0,30,182.47,8.9,6.86,5562.1
2026-09-21,Formação,5000.0,36,155.22,8.9,7.08,5675.92
2026-09-21,Formação,5000.0,42,135.75,8.9,7.22,5789.5
2026-09-21,Formação,5000.0,48,121.21,8.9,7.34,5906.08
2026-09-21,Formação,5000.0,54,109.92,8.9,7.43,6023.68
2026-09-21,Formação,5000.0,60,100.91,8.9,7.5,6142.6
2026-09-21,Formação,5000.0,66,93.59,8.9,7.57,6264.94
2026-09-21,Formação,5000.0,72,87.46,8.9,7.61,6385.12
2026-09-21,Formação,5000.0,78,82.31,8.9,7.65,6508.18
2026-09-21,Formação,5000.0,84,77.93,8.9,7.69,6634.12
2026-09-21,Formação,10000.0,24,446.88,8.9,6.55,10901.12
2026-09-21,Formação,10000.0,30,364.94,8.9,6.86,11124.2
2026-09-21,Formação,10000.0,36,310.44,8.9,7.08,11351.84
2026-09-21,Formação,10000.0,42,271.5,8.9,7.22,11579.0
2026-09-21,Formação,10000.0,48,242.42,8.9,7.34,11812.16
2026-09-21,Formação,10000.0,54,219.84,8.9,7.43,12047.36
2026-09-21,Formação,10000.0,60,201.81,8.9,7.5,12284.6
2026-09-21,Formação,10000.0,66,187.17,8.9,7.57,12529.22
2026-09-21,Formação,10000.0,72,174.92,8.9,7.61,12770.24
2026-09-21,Formação,10000.0,78,164.62,8.9,7.65,13016.36
2026-09-21,Formação,10000.0,84,155.86,8.9,7.69,13268.24
2026-09-21,Formação,10000.0,90,148.27,8.9,7.72,13520.3
2026-09-21,Formação,10000.0,96,141.68,8.9,7.75,13777.28
2026-09-21,Formação,10000.0,102,135.91,8.9,7.78,14038.82
2026-09-21,Formação,10000.0,108,130.77,8.9,7.8,14299.16
2026-09-21,Formação,10000.0,114,126.21,8.9,7.82,14563.94
2026-09-21,Formação,10000.0,120,122.09,8.9,7.83,14826.8
2026-09-21,Formação,15000.0,24,670.32,8.9,6.55,16351.68
2026-09-21,Formação,15000.0,30,547.4,8.9,6.86,16686.0
2026-09-21,Formação,15000.0,36,465.66,8.9,7.08,17027.76
2026-09-21,Formação,15000.0,42,407.24,8.9,7.22,17368.08
2026-09-21,Formação,15000.0,48,363.62,8.9,7.34,17717.76
2026-09-21,Formação,15000.0,54,329.76,8.9,7.43,18071.04
2026-09-21,Formação,15000.0,60,302.72,8.9,7.5,18427.2
2026-09-21,Formação,15000.0,66,280.76,8.9,7.57,18794.16
2026-09-21,Formação,15000.0,72,262.38,8.9,7.61,19155.36
2026-09-21,Formação,15000.0,78,246.93,8.9,7.65,19524.54
2026-09-21,Formação,15000.0,84,233.78,8.9,7.69,19901.52
2026-09-21,Formação,15000.0,90,222.4,8.9,7.72,20280.0
2026-09-21,Formação,15000.0,96,212.51,8.9,7.75,20664.96
2026-09-21,Formação,15000.0,102,203.86,8.9,7.78,21057.72
2026-09-21,Formação,15000.0,108,196.16,8.9,7.8,21449.28
2026-09-21,Formação,15000.0,114,189.32,8.9,7.82,21846.48
2026-09-21,Formação,15000.0,120,183.13,8.9,7.83,22239.6
2026-09-21,Formação,20000.0,24,893.75,8.9,6.55,21802.0
2026-09-21,Formação,20000.0,30,729.87,8.9,6.86,22248.1
2026-09-21,Formação,20000.0,36,620.87,8.9,7.08,22703.32
2026-09-21,Formação,20000.0,42,542.99,8.9,7.22,23157.58
2026-09-21,Formação,20000.0,48,484.83,8.9,7.34,23623.84
2026-09-21,Formação,20000.0,54,439.67,8.9,7.43,24094.18
2026-09-21,Formação,20000.0,60,403.62,8.9,7.5,24569.2
2026-09-21,Formação,20000.0,66,374.34,8.9,7.57,25058.44
2026-09-21,Formação,20000.0,72,349.83,8.9,7.61,25539.76
2026-09-21,Formação,20000.0,78,329.23,8.9,7.65,26031.94
2026-09-21,Formação,20000.0,84,311.71,8.9,7.69,26535.64
2026-09-21,Formação,20000.0,90,296.53,8.9,7.72,27039.7
2026-09-21,Formação,20000.0,96,283.35,8.9,7.75,27553.6
2026-09-21,Formação,20000.0,102,271.81,8.9,7.78,28076.62
2026-09-21,Formação,20000.0,108,261.54,8.9,7.8,28598.32
2026-09-21,Formação,20000.0,114,252.42,8.9,7.82,29127.88
2026-09-21,Formação,20000.0,120,244.18,8.9,7.83,29653.6
2026-09-21,Eficiência Energética,10000.0,84,155.91,8.9,7.7,13272.44
2026-09-21,Eficiência Energética,15000.0,54,329.9,8.9,7.45,18078.6
2026-09-21,Eficiência Energética,15000.0,60,302.72,8.9,7.5,18427.2
2026-09-21,Eficiência Energética,15000.0,66,280.61,8.9,7.55,18784.26
2026-09-21,Eficiência Energética,15000.0,72,262.3,8.9,7.6,19149.6
2026-09-21,Eficiência Energética,15000.0,78,246.93,8.9,7.65,19524.54
2026-09-21,Eficiência Energética,15000.0,84,233.86,8.9,7.7,19908.24
2026-09-21,Eficiência Energética,20000.0,54,439.87,8.9,7.45,24104.98
2026-09-21,Eficiência Energética,20000.0,60,403.62,8.9,7.5,24569.2
2026-09-21,Eficiência Energética,20000.0,66,374.14,8.9,7.55,25045.24
2026-09-21,Eficiência Energética,20000.0,72,349.73,8.9,7.6,25532.56
2026-09-21,Eficiência Energética,20000.0,78,329.23,8.9,7.65,26031.94
2026-09-21,Eficiência Energética,20000.0,84,311.81,8.9,7.7,26544.04
2026-09-21,Eficiência Energética,25000.0,54,549.83,8.9,7.45,30130.82
2026-09-21,Eficiência Energética,25000.0,60,504.53,8.9,7.5,30711.8
2026-09-21,Eficiência Energética,25000.0,66,467.67,8.9,7.55,31306.22
2026-09-21,Eficiência Energética,25000.0,72,437.17,8.9,7.6,31916.24
2026-09-21,Eficiência Energética,25000.0,78,411.54,8.9,7.65,32540.12
2026-09-21,Eficiência Energética,25000.0,84,389.76,8.9,7.7,33179.84
2026-09-21,Eficiência Energética,30000.0,54,659.8,8.9,7.45,36157.2
2026-09-21,Eficiência Energética,30000.0,60,605.43,8.9,7.5,36853.8
2026-09-21,Eficiência Energética,30000.0,66,561.21,8.9,7.55,37567.86
2026-09-21,Eficiência Energética,30000.0,72,524.6,8.9,7.6,38299.2
2026-09-21,Eficiência Energética,30000.0,78,493.85,8.9,7.65,39048.3
2026-09-21,Eficiência Energética,30000.0,84,467.71,8.9,7.7,39815.64
2026-09-21,Eficiência Energética,35000.0,54,769.77,8.9,7.45,42183.58
2026-09-21,Eficiência Energética,35000.0,60,706.33,8.9,7.5,42995.8
2026-09-21,Eficiência Energética,35000.0,66,654.74,8.9,7.55,43828.84
2026-09-21,Eficiência Energética,35000.0,72,612.03,8.9,7.6,44682.16
2026-09-21,Eficiência Energética,35000.0,78,576.16,8.9,7.65,45556.48
2026-09-21,Eficiência Energética,35000.0,84,545.66,8.9,7.7,46451.44
2026-09-21,Eficiência Energética,40000.0,54,879.73,8.9,7.45,48209.42
2026-09-21,Eficiência Energética,40000.0,60,807.24,8.9,7.5,49138.4
2026-09-21,Eficiência Energética,40000.0,66,748.27,8.9,7.55,50089.82
2026-09-21,Eficiência Energética,40000.0,72,699.46,8.9,7.6,51065.12
2026-09-21,Eficiência Energética,40000.0,78,658.46,8.9,7.65,52063.88
2026-09-21,Eficiência Energética,40000.0,84,623.61,8.9,7.7,53087.24
2026-09-21,Eficiência Energética,45000.0,54,989.7,8.9,7.45,54235.8
2026-09-21,Eficiência Energética,45000.0,60,908.14,8.9,7.5,55280.4
2026-09-21,Eficiência Energética,45000.0,66,841.81,8.9,7.55,56351.46
2026-09-21,Eficiência Energética,45000.0,72,786.89,8.9,7.6,57448.08
2026-09-21,Eficiência Energética,45000.0,78,740.77,8.9,7.65,58572.06
2026-09-21,Eficiência Energética,45000.0,84,701.56,8.9,7.7,59723.04
2026-09-21,Eficiência Energética,50000.0,54,1099.66,8.9,7.45,60261.64
2026-09-21,Eficiência Energética,50000.0,60,1009.05,8.9,7.5,61423.0
2026-09-21,Eficiência Energética,50000.0,66,935.34,8.9,7.55,62612.44
2026-09-21,Eficiência Energética,50000.0,72,874.33,8.9,7.6,63831.76
2026-09-21,Eficiência Energética,50000.0,78,823.08,8.9,7.65,65080.24
2026-09-21,Eficiência Energética,50000.0,84,779.52,8.9,7.7,66359.68
2026-09-22,Pagar Despesas / Férias e Lazer,5000.0,54,124.03,15.3,12.97,6785.62
2026-09-22,Pagar Despesas / Férias e Lazer,5000.0,60,115.24,15.3,13.05,7002.4
2026-09-22,Pagar Despesas / Férias e Lazer,5000.0,66,108.09,15.3,13.11,7221.94
2026-09-22,Pagar Despesas / Férias e Lazer,5000.0,72,102.17,15.3,13.15,7444.24
2026-09-22,Pagar Despesas / Férias e Lazer,5000.0,78,97.25,15.3,13.2,7673.5
2026-09-22,Pagar Despesas / Férias e Lazer,5000.0,84,93.04,15.3,13.23,7903.36
2026-09-22,Pagar Despesas / Férias e Lazer,10000.0,54,248.05,15.3,12.97,13570.7
2026-09-22,Pagar Despesas / Férias e Lazer,10000.0,60,229.35,15.1,12.84,13937.0
2026-09-22,Pagar Despesas / Férias e Lazer,10000.0,66,213.2,14.7,12.56,14247.2
2026-09-22,Pagar Despesas / Férias e Lazer,10000.0,72,200.2,14.4,12.4,14590.4
2026-09-22,Pagar Despesas / Férias e Lazer,10000.0,78,188.18,14.0,12.07,14854.04
2026-09-22,Pagar Despesas / Férias e Lazer,10000.0,84,174.21,12.8,11.12,14809.64
2026-09-22,Pagar Despesas / Férias e Lazer,15000.0,54,372.08,15.3,12.97,20356.32
2026-09-22,Pagar Despesas / Férias e Lazer,15000.0,60,344.02,15.1,12.84,20905.2
2026-09-22,Pagar Despesas / Férias e Lazer,15000.0,66,319.79,14.7,12.56,21370.14
2026-09-22,Pagar Despesas / Férias e Lazer,15000.0,72,300.29,14.4,12.4,21884.88
2026-09-22,Pagar Despesas / Férias e Lazer,15000.0,78,282.27,14.0,12.07,22281.06
2026-09-22,Pagar Despesas / Férias e Lazer,15000.0,84,259.91,12.6,10.95,22096.44
2026-09-22,Pagar Despesas / Férias e Lazer,20000.0,54,496.1,15.3,12.97,27141.4
2026-09-22,Pagar Despesas / Férias e Lazer,20000.0,60,458.69,15.1,12.84,27873.4
2026-09-22,Pagar Despesas / Férias e Lazer,20000.0,66,426.39,14.7,12.56,28493.74
2026-09-22,Pagar Despesas / Férias e Lazer,20000.0,72,400.39,14.4,12.4,29180.08
2026-09-22,Pagar Despesas / Férias e Lazer,20000.0,78,376.36,14.0,12.07,29708.08
2026-09-22,Pagar Despesas / Férias e Lazer,20000.0,84,346.55,12.6,10.95,29462.2
2026-09-22,Pagar Despesas / Férias e Lazer,25000.0,54,620.12,15.3,12.97,33926.48
2026-09-22,Pagar Despesas / Férias e Lazer,25000.0,60,573.37,15.1,12.84,34842.2
2026-09-22,Pagar Despesas / Férias e Lazer,25000.0,66,532.99,14.7,12.56,35617.34
2026-09-22,Pagar Despesas / Férias e Lazer,25000.0,72,500.49,14.4,12.4,36475.28
2026-09-22,Pagar Despesas / Férias e Lazer,25000.0,78,470.45,14.0,12.07,37135.1
2026-09-22,Pagar Despesas / Férias e Lazer,25000.0,84,433.18,12.6,10.95,36827.12
2026-09-22,Pagar Despesas / Férias e Lazer,30000.0,54,744.15,15.3,12.97,40712.1
2026-09-22,Pagar Despesas / Férias e Lazer,30000.0,60,688.04,15.1,12.84,41810.4
2026-09-22,Pagar Despesas / Férias e Lazer,30000.0,66,639.58,14.7,12.56,42740.28
2026-09-22,Pagar Despesas / Férias e Lazer,30000.0,72,600.58,14.4,12.4,43769.76
2026-09-22,Pagar Despesas / Férias e Lazer,30000.0,78,564.54,14.0,12.07,44562.12
2026-09-22,Pagar Despesas / Férias e Lazer,30000.0,84,519.82,12.6,10.95,44192.88
2026-09-22,Pagar Despesas / Férias e Lazer,35000.0,54,868.17,15.3,12.97,47497.18
2026-09-22,Pagar Despesas / Férias e Lazer,35000.0,60,802.71,15.1,12.84,48778.6
2026-09-22,Pagar Despesas / Férias e Lazer,35000.0,66,746.18,14.7,12.56,49863.88
2026-09-22,Pagar Despesas / Férias e Lazer,35000.0,72,700.68,14.4,12.4,51064.96
2026-09-22,Pagar Despesas / Férias e Lazer,35000.0,78,658.62,14.0,12.07,51988.36
2026-09-22,Pagar Despesas / Férias e Lazer,35000.0,84,606.45,12.6,10.95,51557.8
2026-09-22,Pagar Despesas / Férias e Lazer,40000.0,54,992.19,15.3,12.97,54282.26
2026-09-22,Pagar Despesas / Férias e Lazer,40000.0,60,917.38,15.1,12.84,55746.8
2026-09-22,Pagar Despesas / Férias e Lazer,40000.0,66,852.77,14.7,12.56,56986.82
2026-09-22,Pagar Despesas / Férias e Lazer,40000.0,72,800.78,14.4,12.4,58360.16
2026-09-22,Pagar Despesas / Férias e Lazer,40000.0,78,752.71,14.0,12.07,59415.38
2026-09-22,Pagar Despesas / Férias e Lazer,40000.0,84,693.09,12.6,10.95,58923.56
2026-09-22,Pagar Despesas / Férias e Lazer,45000.0,54,1116.22,15.3,12.97,61067.88
2026-09-22,Pagar Despesas / Férias e Lazer,45000.0,60,1032.06,15.1,12.84,62715.6
2026-09-22,Pagar Despesas / Férias e Lazer,45000.0,66,959.37,14.7,12.56,64110.42
2026-09-22,Pagar Despesas / Férias e Lazer,45000.0,72,900.87,14.4,12.4,65654.64
2026-09-22,Pagar Despesas / Férias e Lazer,45000.0,78,846.8,14.0,12.07,66842.4
2026-09-22,Pagar Despesas / Férias e Lazer,45000.0,84,779.73,12.6,10.95,66289.32
2026-09-22,Pagar Despesas / Férias e Lazer,50000.0,54,1240.24,15.3,12.97,67852.96
2026-09-22,Pagar Despesas / Férias e Lazer,50000.0,60,1146.73,15.1,12.84,69683.8
2026-09-22,Pagar Despesas / Férias e Lazer,50000.0,66,1065.97,14.7,12.56,71234.02
2026-09-22,Pagar Despesas / Férias e Lazer,50000.0,72,1000.97,14.4,12.4,72949.84
2026-09-22,Pagar Despesas / Férias e Lazer,50000.0,78,940.89,14.0,12.07,74269.42
2026-09-22,Pagar Despesas / Férias e Lazer,50000.0,84,866.36,12.6,10.95,73654.24
2026-09-22,Lar e Recheio,5000.0,24,236.62,15.3,12.05,5766.88
2026-09-22,Lar e Recheio,5000.0,30,195.79,15.3,12.37,5961.7
2026-09-22,Lar e Recheio,5000.0,36,168.68,15.3,12.58,6160.48
2026-09-22,Lar e Recheio,5000.0,42,149.4,15.3,12.73,6362.8
2026-09-22,Lar e Recheio,5000.0,48,135.05,15.3,12.85,6570.4
2026-09-22,Lar e Recheio,5000.0,54,124.03,15.3,12.97,6785.62
2026-09-22,Lar e Recheio,5000.0,60,115.24,15.3,13.05,7002.4
2026-09-22,Lar e Recheio,5000.0,66,108.09,15.3,13.11,7221.94
2026-09-22,Lar e Recheio,5000.0,72,102.17,15.3,13.15,7444.24
2026-09-22,Lar e Recheio,5000.0,78,97.25,15.3,13.2,7673.5
2026-09-22,Lar e Recheio,5000.0,84,93.04,15.3,13.23,7903.36
2026-09-22,Lar e Recheio,10000.0,24,473.23,15.3,12.05,11533.52
2026-09-22,Lar e Recheio,10000.0,30,391.58,15.3,12.37,11923.4
2026-09-22,Lar e Recheio,10000.0,36,337.35,15.3,12.58,12320.6
2026-09-22,Lar e Recheio,10000.0,42,298.8,15.3,12.73,12725.6
2026-09-22,Lar e Recheio,10000.0,48,270.09,15.3,12.85,13140.32
2026-09-22,Lar e Recheio,10000.0,54,248.05,15.3,12.97,13570.7
2026-09-22,Lar e Recheio,10000.0,60,229.35,15.1,12.84,13937.0
2026-09-22,Lar e Recheio,10000.0,66,213.2,14.7,12.56,14247.2
2026-09-22,Lar e Recheio,10000.0,72,200.2,14.4,12.4,14590.4
2026-09-22,Lar e Recheio,10000.0,78,188.18,14.0,12.07,14854.04
2026-09-22,Lar e Recheio,10000.0,84,174.21,12.8,11.12,14809.64
2026-09-22,Lar e Recheio,15000.0,24,709.84,15.3,12.05,17300.16
2026-09-22,Lar e Recheio,15000.0,30,587.37,15.3,12.37,17885.1
2026-09-22,Lar e Recheio,15000.0,36,506.02,15.3,12.58,18480.72
2026-09-22,Lar e Recheio,15000.0,42,448.19,15.3,12.73,19087.98
2026-09-22,Lar e Recheio,15000.0,48,405.13,15.3,12.85,19710.24
2026-09-22,Lar e Recheio,15000.0,54,372.08,15.3,12.97,20356.32
2026-09-22,Lar e Recheio,15000.0,60,344.02,15.1,12.84,20905.2
2026-09-22,Lar e Recheio,15000.0,66,319.79,14.7,12.56,21370.14
2026-09-22,Lar e Recheio,15000.0,72,300.29,14.4,12.4,21884.88
2026-09-22,Lar e Recheio,15000.0,78,282.27,14.0,12.07,22281.06
2026-09-22,Lar e Recheio,15000.0,84,259.91,12.6,10.95,22096.44
2026-09-22,Lar e Recheio,20000.0,24,946.45,15.3,12.05,23066.8
2026-09-22,Lar e Recheio,20000.0,30,783.15,15.3,12.37,23846.5
2026-09-22,Lar e Recheio,20000.0,36,674.69,15.3,12.58,24640.84
2026-09-22,Lar e Recheio,20000.0,42,597.59,15.3,12.73,25450.78
2026-09-22,Lar e Recheio,20000.0,48,540.18,15.3,12.85,26280.64
2026-09-22,Lar e Recheio,20000.0,54,496.1,15.3,12.97,27141.4
2026-09-22,Lar e Recheio,20000.0,60,458.69,15.1,12.84,27873.4
2026-09-22,Lar e Recheio,20000.0,66,426.39,14.7,12.56,28493.74
2026-09-22,Lar e Recheio,20000.0,72,400.39,14.4,12.4,29180.08
2026-09-22,Lar e Recheio,20000.0,78,376.36,14.0,12.07,29708.08
2026-09-22,Lar e Recheio,20000.0,84,346.55,12.6,10.95,29462.2
2026-09-22,Lar e Recheio,25000.0,24,1183.06,15.3,12.05,28833.44
2026-09-22,Lar e Recheio,25000.0,30,978.94,15.3,12.37,29808.2
2026-09-22,Lar e Recheio,25000.0,36,843.36,15.3,12.58,30800.96
2026-09-22,Lar e Recheio,25000.0,42,746.98,15.3,12.73,31813.16
2026-09-22,Lar e Recheio,25000.0,48,675.22,15.3,12.85,32850.56
2026-09-22,Lar e Recheio,25000.0,54,620.12,15.3,12.97,33926.48
2026-09-22,Lar e Recheio,25000.0,60,573.37,15.1,12.84,34842.2
2026-09-22,Lar e Recheio,25000.0,66,532.99,14.7,12.56,35617.34
2026-09-22,Lar e Recheio,25000.0,72,500.49,14.4,12.4,36475.28
2026-09-22,Lar e Recheio,25000.0,78,470.45,14.0,12.07,37135.1
2026-09-22,Lar e Recheio,25000.0,84,433.18,12.6,10.95,36827.12
2026-09-22,Lar e Recheio,30000.0,24,1419.67,15.3,12.05,34600.08
2026-09-22,Lar e Recheio,30000.0,30,1174.73,15.3,12.37,35769.9
2026-09-22,Lar e Recheio,30000.0,36,1012.03,15.3,12.58,36961.08
2026-09-22,Lar e Recheio,30000.0,42,896.38,15.3,12.73,38175.96
2026-09-22,Lar e Recheio,30000.0,48,810.26,15.3,12.85,39420.48
2026-09-22,Lar e Recheio,30000.0,54,744.15,15.3,12.97,40712.1
2026-09-22,Lar e Recheio,30000.0,60,688.04,15.1,12.84,41810.4
2026-09-22,Lar e Recheio,30000.0,66,639.58,14.7,12.56,42740.28
2026-09-22,Lar e Recheio,30000.0,72,600.58,14.4,12.4,43769.76
2026-09-22,Lar e Recheio,30000.0,78,564.54,14.0,12.07,44562.12
2026-09-22,Lar e Recheio,30000.0,84,519.82,12.6,10.95,44192.88
2026-09-22,Lar e Recheio,35000.0,24,1656.29,15.3,12.05,40366.96
2026-09-22,Lar e Recheio,35000.0,30,1370.51,15.3,12.37,41731.3
2026-09-22,Lar e Recheio,35000.0,36,1180.7,15.3,12.58,43121.2
2026-09-22,Lar e Recheio,35000.0,42,1045.78,15.3,12.73,44538.76
2026-09-22,Lar e Recheio,35000.0,48,945.3,15.3,12.85,45990.4
2026-09-22,Lar e Recheio,35000.0,54,868.17,15.3,12.97,47497.18
2026-09-22,Lar e Recheio,35000.0,60,802.71,15.1,12.84,48778.6
2026-09-22,Lar e Recheio,35000.0,66,746.18,14.7,12.56,49863.88
2026-09-22,Lar e Recheio,35000.0,72,700.68,14.4,12.4,51064.96
2026-09-22,Lar e Recheio,35000.0,78,658.62,14.0,12.07,51988.36
2026-09-22,Lar e Recheio,35000.0,84,606.45,12.6,10.95,51557.8
2026-09-22,Lar e Recheio,40000.0,24,1892.9,15.3,12.05,46133.6
2026-09-22,Lar e Recheio,40000.0,30,1566.3,15.3,12.37,47693.0
2026-09-22,Lar e Recheio,40000.0,36,1349.37,15.3,12.58,49281.32
2026-09-22,Lar e Recheio,40000.0,42,1195.17,15.3,12.73,50901.14
2026-09-22,Lar e Recheio,40000.0,48,1080.35,15.3,12.85,52560.8
2026-09-22,Lar e Recheio,40000.0,54,992.19,15.3,12.97,54282.26
2026-09-22,Lar e Recheio,40000.0,60,917.38,15.1,12.84,55746.8
2026-09-22,Lar e Recheio,40000.0,66,852.77,14.7,12.56,56986.82
2026-09-22,Lar e Recheio,40000.0,72,800.78,14.4,12.4,58360.16
2026-09-22,Lar e Recheio,40000.0,78,752.71,14.0,12.07,59415.38
2026-09-22,Lar e Recheio,40000.0,84,693.09,12.6,10.95,58923.56
2026-09-22,Lar e Recheio,45000.0,24,2129.51,15.3,12.05,51900.24
2026-09-22,Lar e Recheio,45000.0,30,1762.09,15.3,12.37,53654.7
2026-09-22,Lar e Recheio,45000.0,36,1518.04,15.3,12.58,55441.44
2026-09-22,Lar e Recheio,45000.0,42,1344.57,15.3,12.73,57263.94
2026-09-22,Lar e Recheio,45000.0,48,1215.39,15.3,12.85,59130.72
2026-09-22,Lar e Recheio,45000.0,54,1116.22,15.3,12.97,61067.88
2026-09-22,Lar e Recheio,45000.0,60,1032.06,15.1,12.84,62715.6
2026-09-22,Lar e Recheio,45000.0,66,959.37,14.7,12.56,64110.42
2026-09-22,Lar e Recheio,45000.0,72,900.87,14.4,12.4,65654.64
2026-09-22,Lar e Recheio,45000.0,78,846.8,14.0,12.07,66842.4
2026-09-22,Lar e Recheio,45000.0,84,779.73,12.6,10.95,66289.32
2026-09-22,Lar e Recheio,50000.0,24,2366.12,15.3,12.05,57666.88
2026-09-22,Lar e Recheio,50000.0,30,1957.87,15.3,12.37,59616.1
2026-09-22,Lar e Recheio,50000.0,36,1686.71,15.3,12.58,61601.56
2026-09-22,Lar e Recheio,50000.0,42,1493.96,15.3,12.73,63626.32
2026-09-22,Lar e Recheio,50000.0,48,1350.43,15.3,12.85,65700.64
2026-09-22,Lar e Recheio,50000.0,54,1240.24,15.3,12.97,67852.96
2026-09-22,Lar e Recheio,50000.0,60,1146.73,15.1,12.84,69683.8
2026-09-22,Lar e Recheio,50000.0,66,1065.97,14.7,12.56,71234.02
2026-09-22,Lar e Recheio,50000.0,72,1000.97,14.4,12.4,72949.84
2026-09-22,Lar e Recheio,50000.0,78,940.89,14.0,12.07,74269.42
2026-09-22,Lar e Recheio,50000.0,84,866.36,12.6,10.95,73654.24
2026-09-22,Formação,2500.0,24,111.72,8.9,6.55,2725.28
2026-09-22,Formação,2500.0,30,91.24,8.9,6.86,2781.2
2026-09-22,Formação,2500.0,36,77.61,8.9,7.08,2837.96
2026-09-22,Formação,2500.0,42,67.88,8.9,7.22,2894.96
2026-09-22,Formação,2500.0,48,60.61,8.9,7.34,2953.28
2026-09-22,Formação,2500.0,54,54.96,8.9,7.43,3011.84
2026-09-22,Formação,2500.0,60,50.46,8.9,7.5,3071.6
2026-09-22,Formação,2500.0,66,46.8,8.9,7.57,3132.8
2026-09-22,Formação,2500.0,72,43.73,8.9,7.61,3192.56
2026-09-22,Formação,5000.0,24,223.44,8.9,6.55,5450.56
2026-09-22,Formação,5000.0,30,182.47,8.9,6.86,5562.1
2026-09-22,Formação,5000.0,36,155.22,8.9,7.08,5675.92
2026-09-22,Formação,5000.0,42,135.75,8.9,7.22,5789.5
2026-09-22,Formação,5000.0,48,121.21,8.9,7.34,5906.08
2026-09-22,Formação,5000.0,54,109.92,8.9,7.43,6023.68
2026-09-22,Formação,5000.0,60,100.91,8.9,7.5,6142.6
2026-09-22,Formação,5000.0,66,93.59,8.9,7.57,6264.94
2026-09-22,Formação,5000.0,72,87.46,8.9,7.61,6385.12
2026-09-22,Formação,5000.0,78,82.31,8.9,7.65,6508.18
2026-09-22,Formação,5000.0,84,77.93,8.9,7.69,6634.12
2026-09-22,Formação,10000.0,24,446.88,8.9,6.55,10901.12
2026-09-22,Formação,10000.0,30,364.94,8.9,6.86,11124.2
2026-09-22,Formação,10000.0,36,310.44,8.9,7.08,11351.84
2026-09-22,Formação,10000.0,42,271.5,8.9,7.22,11579.0
2026-09-22,Formação,10000.0,48,242.42,8.9,7.34,11812.16
2026-09-22,Formação,10000.0,54,219.84,8.9,7.43,12047.36
2026-09-22,Formação,10000.0,60,201.81,8.9,7.5,12284.6
2026-09-22,Formação,10000.0,66,187.17,8.9,7.57,12529.22
2026-09-22,Formação,10000.0,72,174.92,8.9,7.61,12770.24
2026-09-22,Formação,10000.0,78,164.62,8.9,7.65,13016.36
2026-09-22,Formação,10000.0,84,155.86,8.9,7.69,13268.24
2026-09-22,Formação,10000.0,90,148.27,8.9,7.72,13520.3
2026-09-22,Formação,10000.0,96,141.68,8.9,7.75,13777.28
2026-09-22,Formação,10000.0,102,135.91,8.9,7.78,14038.82
2026-09-22,Formação,10000.0,108,130.77,8.9,7.8,14299.16
2026-09-22,Formação,10000.0,114,126.21,8.9,7.82,14563.94
2026-09-22,Formação,10000.0,120,122.09,8.9,7.83,14826.8
2026-09-22,Formação,15000.0,24,670.32,8.9,6.55,16351.68
2026-09-22,Formação,15000.0,30,547.4,8.9,6.86,16686.0
2026-09-22,Formação,15000.0,36,465.66,8.9,7.08,17027.76
2026-09-22,Formação,15000.0,42,407.24,8.9,7.22,17368.08
2026-09-22,Formação,15000.0,48,363.62,8.9,7.34,17717.76
2026-09-22,Formação,15000.0,54,329.76,8.9,7.43,18071.04
2026-09-22,Formação,15000.0,60,302.72,8.9,7.5,18427.2
2026-09-22,Formação,15000.0,66,280.76,8.9,7.57,18794.16
2026-09-22,Formação,15000.0,72,262.38,8.9,7.61,19155.36
2026-09-22,Formação,15000.0,78,246.93,8.9,7.65,19524.54
2026-09-22,Formação,15000.0,84,233.78,8.9,7.69,19901.52
2026-09-22,Formação,15000.0,90,222.4,8.9,7.72,20280.0
2026-09-22,Formação,15000.0,96,212.51,8.9,7.75,20664.96
2026-09-22,Formação,15000.0,102,203.86,8.9,7.78,21057.72
2026-09-22,Formação,15000.0,108,196.16,8.9,7.8,21449.28
2026-09-22,Formação,15000.0,114,189.32,8.9,7.82,21846.48
2026-09-22,Formação,15000.0,120,183.13,8.9,7.83,22239.6
2026-09-22,Formação,20000.0,24,893.75,8.9,6.55,21802.0
2026-09-22,Formação,20000.0,30,729.87,8.9,6.86,22248.1
2026-09-22,Formação,20000.0,36,620.87,8.9,7.08,22703.32
2026-09-22,Formação,20000.0,42,542.99,8.9,7.22,23157.58
2026-09-22,Formação,20000.0,48,484.83,8.9,7.34,23623.84
2026-09-22,Formação,20000.0,54,439.67,8.9,7.43,24094.18
2026-09-22,Formação,20000.0,60,403.62,8.9,7.5,24569.2
2026-09-22,Formação,20000.0,66,374.34,8.9,7.57,25058.44
2026-09-22,Formação,20000.0,72,349.83,8.9,7.61,25539.76
2026-09-22,Formação,20000.0,78,329.23,8.9,7.65,26031.94
2026-09-22,Formação,20000.0,84,311.71,8.9,7.69,26535.64
2026-09-22,Formação,20000.0,90,296.53,8.9,7.72,27039.7
2026-09-22,Formação,20000.0,96,283.35,8.9,7.75,27553.6
2026-09-22,Formação,20000.0,102,271.81,8.9,7.78,28076.62
2026-09-22,Formação,20000.0,108,261.54,8.9,7.8,28598.32
2026-09-22,Formação,20000.0,114,252.42,8.9,7.82,29127.88
2026-09-22,Formação,20000.0,120,244.18,8.9,7.83,29653.6
2026-09-22,Eficiência Energética,10000.0,84,155.91,8.9,7.7,13272.44
2026-09-22,Eficiência Energética,15000.0,54,329.9,8.9,7.45,18078.6
2026-09-22,Eficiência Energética,15000.0,60,302.72,8.9,7.5,18427.2
2026-09-22,Eficiência Energética,15000.0,66,280.61,8.9,7.55,18784.26
2026-09-22,Eficiência Energética,15000.0,72,262.3,8.9,7.6,19149.6
2026-09-22,Eficiência Energética,15000.0,78,246.93,8.9,7.65,19524.54
2026-09-22,Eficiência Energética,15000.0,84,233.86,8.9,7.7,19908.24
2026-09-22,Eficiência Energética,20000.0,54,439.87,8.9,7.45,24104.98
2026-09-22,Eficiência Energética,20000.0,60,403.62,8.9,7.5,24569.2
2026-09-22,Eficiência Energética,20000.0,66,374.14,8.9,7.55,25045.24
2026-09-22,Eficiência Energética,20000.0,72,349.73,8.9,7.6,25532.56
2026-09-22,Eficiência Energética,20000.0,78,329.23,8.9,7.65,26031.94
2026-09-22,Eficiência Energética,20000.0,84,311.81,8.9,7.7,26544.04
2026-09-22,Eficiência Energética,25000.0,54,549.83,8.9,7.45,30130.82
2026-09-22,Eficiência Energética,25000.0,60,504.53,8.9,7.5,30711.8
2026-09-22,Eficiência Energética,25000.0,66,467.67,8.9,7.55,31306.22
2026-09-22,Eficiência Energética,25000.0,72,437.17,8.9,7.6,31916.24
2026-09-22,Eficiência Energética,25000.0,78,411.54,8.9,7.65,32540.12
2026-09-22,Eficiência Energética,25000.0,84,389.76,8.9,7.7,33179.84
2026-09-22,Eficiência Energética,30000.0,54,659.8,8.9,7.45,36157.2
2026-09-22,Eficiência Energética,30000.0,60,605.43,8.9,7.5,36853.8
2026-09-22,Eficiência Energética,30000.0,66,561.21,8.9,7.55,37567.86
2026-09-22,Eficiência Energética,30000.0,72,524.6,8.9,7.6,38299.2
2026-09-22,Eficiência Energética,30000.0,78,493.85,8.9,7.65,39048.3
2026-09-22,Eficiência Energética,30000.0,84,467.71,8.9,7.7,39815.64
2026-09-22,Eficiência Energética,35000.0,54,769.77,8.9,7.45,42183.58
2026-09-22,Eficiência Energética,35000.0,60,706.33,8.9,7.5,42995.8
2026-09-22,Eficiência Energética,35000.0,66,654.74,8.9,7.55,43828.84
2026-09-22,Eficiência Energética,35000.0,72,612.03,8.9,7.6,44682.16
2026-09-22,Eficiência Energética,35000.0,78,576.16,8.9,7.65,45556.48
2026-09-22,Eficiência Energética,35000.0,84,545.66,8.9,7.7,46451.44
2026-09-22,Eficiência Energética,40000.0,54,879.73,8.9,7.45,48209.42
2026-09-22,Eficiência Energética,40000.0,60,807.24,8.9,7.5,49138.4
2026-09-22,Eficiência Energética,40000.0,66,748.27,8.9,7.55,50089.82
2026-09-22,Eficiência Energética,40000.0,72,699.46,8.9,7.6,51065.12
2026-09-22,Eficiência Energética,40000.0,78,658.46,8.9,7.65,52063.88
2026-09-22,Eficiência Energética,40000.0,84,623.61,8.9,7.7,53087.24
2026-09-22,Eficiência Energética,45000.0,54,989.7,8.9,7.45,54235.8
2026-09-22,Eficiência Energética,45000.0,60,908.14,8.9,7.5,55280.4
2026-09-22,Eficiência Energética,45000.0,66,841.81,8.9,7.55,56351.46
2026-09-22,Eficiência Energética,45000.0,72,786.89,8.9,7.6,57448.08
2026-09-22,Eficiência Energética,45000.0,78,740.77,8.9,7.65,58572.06
2026-09-22,Eficiência Energética,45000.0,84,701.56,8.9,7.7,59723.04
2026-09-22,Eficiência Energética,50000.0,54,1099.66,8.9,7.45,60261.64
2026-09-22,Eficiência Energética,50000.0,60,1009.05,8.9,7.5,61423.0
2026-09-22,Eficiência Energética,50000.0,66,935.34,8.9,7.55,62612.44
2026-09-22,Eficiência Energética,50000.0,72,874.33,8.9,7.6,63831.76
2026-09-22,Eficiência Energética,50000.0,78,823.08,8.9,7.65,65080.24
2026-09-22,Eficiência Energética,50000.0,84,779.52,8.9,7.7,66359.68
2026-09-23,Pagar Despesas / Férias e Lazer,5000.0,54,124.03,15.3,12.97,6785.62
2026-09-23,Pagar Despesas / Férias e Lazer,5000.0,60,115.24,15.3,13.05,7002.4
2026-09-23,Pagar Despesas / Férias e Lazer,5000.0,66,108.09,15.3,13.11,7221.94
2026-09-23,Pagar Despesas / Férias e Lazer,5000.0,72,102.17,15.3,13.15,7444.24
2026-09-23,Pagar Despesas / Férias e Lazer,5000.0,78,97.25,15.3,13.2,7673.5
2026-09-23,Pagar Despesas / Férias e Lazer,5000.0,84,93.04,15.3,13.23,7903.36
2026-09-23,Pagar Despesas / Férias e Lazer,10000.0,54,248.05,15.3,12.97,13570.7
2026-09-23,Pagar Despesas / Férias e Lazer,10000.0,60,229.35,15.1,12.84,13937.0
2026-09-23,Pagar Despesas / Férias e Lazer,10000.0,66,213.2,14.7,12.56,14247.2
2026-09-23,Pagar Despesas / Férias e Lazer,10000.0,72,200.2,14.4,12.4,14590.4
2026-09-23,Pagar Despesas / Férias e Lazer,10000.0,78,188.18,14.0,12.07,14854.04
2026-09-23,Pagar Despesas / Férias e Lazer,10000.0,84,174.21,12.8,11.12,14809.64
2026-09-23,Pagar Despesas / Férias e Lazer,15000.0,54,372.08,15.3,12.97,20356.32
2026-09-23,Pagar Despesas / Férias e Lazer,15000.0,60,344.02,15.1,12.84,20905.2
2026-09-23,Pagar Despesas / Férias e Lazer,15000.0,66,319.79,14.7,12.56,21370.14
2026-09-23,Pagar Despesas / Férias e Lazer,15000.0,72,300.29,14.4,12.4,21884.88
2026-09-23,Pagar Despesas / Férias e Lazer,15000.0,78,282.27,14.0,12.07,22281.06
2026-09-23,Pagar Despesas / Férias e Lazer,15000.0,84,259.91,12.6,10.95,22096.44
2026-09-23,Pagar Despesas / Férias e Lazer,20000.0,54,496.1,15.3,12.97,27141.4
2026-09-23,Pagar Despesas / Férias e Lazer,20000.0,60,458.69,15.1,12.84,27873.4
2026-09-23,Pagar Despesas / Férias e Lazer,20000.0,66,426.39,14.7,12.56,28493.74
2026-09-23,Pagar Despesas / Férias e Lazer,20000.0,72,400.39,14.4,12.4,29180.08
2026-09-23,Pagar Despesas / Férias e Lazer,20000.0,78,376.36,14.0,12.07,29708.08
2026-09-23,Pagar Despesas / Férias e Lazer,20000.0,84,346.55,12.6,10.95,29462.2
2026-09-23,Pagar Despesas / Férias e Lazer,25000.0,54,620.12,15.3,12.97,33926.48
2026-09-23,Pagar Despesas / Férias e Lazer,25000.0,60,573.37,15.1,12.84,34842.2
2026-09-23,Pagar Despesas / Férias e Lazer,25000.0,66,532.99,14.7,12.56,35617.34
2026-09-23,Pagar Despesas / Férias e Lazer,25000.0,72,500.49,14.4,12.4,36475.28
2026-09-23,Pagar Despesas / Férias e Lazer,25000.0,78,470.45,14.0,12.07,37135.1
2026-09-23,Pagar Despesas / Férias e Lazer,25000.0,84,433.18,12.6,10.95,36827.12
2026-09-23,Pagar Despesas / Férias e Lazer,30000.0,54,744.15,15.3,12.97,40712.1
2026-09-23,Pagar Despesas / Férias e Lazer,30000.0,60,688.04,15.1,12.84,41810.4
2026-09-23,Pagar Despesas / Férias e Lazer,30000.0,66,639.58,14.7,12.56,42740.28
2026-09-23,Pagar Despesas / Férias e Lazer,30000.0,72,600.58,14.4,12.4,43769.76
2026-09-23,Pagar Despesas / Férias e Lazer,30000.0,78,564.54,14.0,12.07,44562.12
2026-09-23,Pagar Despesas / Férias e Lazer,30000.0,84,519.82,12.6,10.95,44192.88
2026-09-23,Pagar Despesas / Férias e Lazer,35000.0,54,868.17,15.3,12.97,47497.18
2026-09-23,Pagar Despesas / Férias e Lazer,35000.0,60,802.71,15.1,12.84,48778.6
2026-09-23,Pagar Despesas / Férias e Lazer,35000.0,66,746.18,14.7,12.56,49863.88
2026-09-23,Pagar Despesas / Férias e Lazer,35000.0,72,700.68,14.4,12.4,51064.96
2026-09-23,Pagar Despesas / Férias e Lazer,35000.0,78,658.62,14.0,12.07,51988.36
2026-09-23,Pagar Despesas / Férias e Lazer,35000.0,84,606.45,12.6,10.95,51557.8
2026-09-23,Pagar Despesas / Férias e Lazer,40000.0,54,992.19,15.3,12.97,54282.26
2026-09-23,Pagar Despesas / Férias e Lazer,40000.0,60,917.38,15.1,12.84,55746.8
2026-09-23,Pagar Despesas / Férias e Lazer,40000.0,66,852.77,14.7,12.56,56986.82
2026-09-23,Pagar Despesas / Férias e Lazer,40000.0,72,800.78,14.4,12.4,58360.16
2026-09-23,Pagar Despesas / Férias e Lazer,40000.0,78,752.71,14.0,12.07,59415.38
2026-09-23,Pagar Despesas / Férias e Lazer,40000.0,84,693.09,12.6,10.95,58923.56
2026-09-23,Pagar Despesas / Férias e Lazer,45000.0,54,1116.22,15.3,12.97,61067.88
2026-09-23,Pagar Despesas / Férias e Lazer,45000.0,60,1032.06,15.1,12.84,62715.6
2026-09-23,Pagar Despesas / Férias e Lazer,45000.0,66,959.37,14.7,12.56,64110.42
2026-09-23,Pagar Despesas / Férias e Lazer,45000.0,72,900.87,14.4,12.4,65654.64
2026-09-23,Pagar Despesas / Férias e Lazer,45000.0,78,846.8,14.0,12.07,66842.4
2026-09-23,Pagar Despesas / Férias e Lazer,45000.0,84,779.73,12.6,10.95,66289.32
2026-09-23,Pagar Despesas / Férias e Lazer,50000.0,54,1240.24,15.3,12.97,67852.96
2026-09-23,Pagar Despesas / Férias e Lazer,50000.0,60,1146.73,15.1,12.84,69683.8
2026-09-23,Pagar Despesas / Férias e Lazer,50000.0,66,1065.97,14.7,12.56,71234.02
2026-09-23,Pagar Despesas / Férias e Lazer,50000.0,72,1000.97,14.4,12.4,72949.84
2026-09-23,Pagar Despesas / Férias e Lazer,50000.0,78,940.89,14.0,12.07,74269.42
2026-09-23,Pagar Despesas / Férias e Lazer,50000.0,84,866.36,12.6,10.95,73654.24
2026-09-23,Lar e Recheio,5000.0,24,236.62,15.3,12.05,5766.88
2026-09-23,Lar e Recheio,5000.0,30,195.79,15.3,12.37,5961.7
2026-09-23,Lar e Recheio,5000.0,36,168.68,15.3,12.58,6160.48
2026-09-23,Lar e Recheio,5000.0,42,149.4,15.3,12.73,6362.8
2026-09-23,Lar e Recheio,5000.0,48,135.05,15.3,12.85,6570.4
2026-09-23,Lar e Recheio,5000.0,54,124.03,15.3,12.97,6785.62
2026-09-23,Lar e Recheio,5000.0,60,115.24,15.3,13.05,7002.4
2026-09-23,Lar e Recheio,5000.0,66,108.09,15.3,13.11,7221.94
2026-09-23,Lar e Recheio,5000.0,72,102.17,15.3,13.15,7444.24
2026-09-23,Lar e Recheio,5000.0,78,97.25,15.3,13.2,7673.5
2026-09-23,Lar e Recheio,5000.0,84,93.04,15.3,13.23,7903.36
2026-09-23,Lar e Recheio,10000.0,24,473.23,15.3,12.05,11533.52
2026-09-23,Lar e Recheio,10000.0,30,391.58,15.3,12.37,11923.4
2026-09-23,Lar e Recheio,10000.0,36,337.35,15.3,12.58,12320.6
2026-09-23,Lar e Recheio,10000.0,42,298.8,15.3,12.73,12725.6
2026-09-23,Lar e Recheio,10000.0,48,270.09,15.3,12.85,13140.32
2026-09-23,Lar e Recheio,10000.0,54,248.05,15.3,12.97,13570.7
2026-09-23,Lar e Recheio,10000.0,60,229.35,15.1,12.84,13937.0
2026-09-23,Lar e Recheio,10000.0,66,213.2,14.7,12.56,14247.2
2026-09-23,Lar e Recheio,10000.0,72,200.2,14.4,12.4,14590.4
2026-09-23,Lar e Recheio,10000.0,78,188.18,14.0,12.07,14854.04
2026-09-23,Lar e Recheio,10000.0,84,174.21,12.8,11.12,14809.64
2026-09-23,Lar e Recheio,15000.0,24,709.84,15.3,12.05,17300.16
2026-09-23,Lar e Recheio,15000.0,30,587.37,15.3,12.37,17885.1
2026-09-23,Lar e Recheio,15000.0,36,506.02,15.3,12.58,18480.72
2026-09-23,Lar e Recheio,15000.0,42,448.19,15.3,12.73,19087.98
2026-09-23,Lar e Recheio,15000.0,48,405.13,15.3,12.85,19710.24
2026-09-23,Lar e Recheio,15000.0,54,372.08,15.3,12.97,20356.32
2026-09-23,Lar e Recheio,15000.0,60,344.02,15.1,12.84,20905.2
2026-09-23,Lar e Recheio,15000.0,66,319.79,14.7,12.56,21370.14
2026-09-23,Lar e Recheio,15000.0,72,300.29,14.4,12.4,21884.88
2026-09-23,Lar e Recheio,15000.0,78,282.27,14.0,12.07,22281.06
2026-09-23,Lar e Recheio,15000.0,84,259.91,12.6,10.95,22096.44
2026-09-23,Lar e Recheio,20000.0,24,946.45,15.3,12.05,23066.8
2026-09-23,Lar e Recheio,20000.0,30,783.15,15.3,12.37,23846.5
2026-09-23,Lar e Recheio,20000.0,36,674.69,15.3,12.58,24640.84
2026-09-23,Lar e Recheio,20000.0,42,597.59,15.3,12.73,25450.78
2026-09-23,Lar e Recheio,20000.0,48,540.18,15.3,12.85,26280.64
2026-09-23,Lar e Recheio,20000.0,54,496.1,15.3,12.97,27141.4
2026-09-23,Lar e Recheio,20000.0,60,458.69,15.1,12.84,27873.4
2026-09-23,Lar e Recheio,20000.0,66,426.39,14.7,12.56,28493.74
2026-09-23,Lar e Recheio,20000.0,72,400.39,14.4,12.4,29180.08
2026-09-23,Lar e Recheio,20000.0,78,376.36,14.0,12.07,29708.08
2026-09-23,Lar e Recheio,20000.0,84,346.55,12.6,10.95,29462.2
2026-09-23,Lar e Recheio,25000.0,24,1183.06,15.3,12.05,28833.44
2026-09-23,Lar e Recheio,25000.0,30,978.94,15.3,12.37,29808.2
2026-09-23,Lar e Recheio,25000.0,36,843.36,15.3,12.58,30800.96
2026-09-23,Lar e Recheio,25000.0,42,746.98,15.3,12.73,31813.16
2026-09-23,Lar e Recheio,25000.0,48,675.22,15.3,12.85,32850.56
2026-09-23,Lar e Recheio,25000.0,54,620.12,15.3,12.97,33926.48
2026-09-23,Lar e Recheio,25000.0,60,573.37,15.1,12.84,34842.2
2026-09-23,Lar e Recheio,25000.0,66,532.99,14.7,12.56,35617.34
2026-09-23,Lar e Recheio,25000.0,72,500.49,14.4,12.4,36475.28
2026-09-23,Lar e Recheio,25000.0,78,470.45,14.0,12.07,37135.1
2026-09-23,Lar e Recheio,25000.0,84,433.18,12.6,10.95,36827.12
2026-09-23,Lar e Recheio,30000.0,24,1419.67,15.3,12.05,34600.08
2026-09-23,Lar e Recheio,30000.0,30,1174.73,15.3,12.37,35769.9
2026-09-23,Lar e Recheio,30000.0,36,1012.03,15.3,12.58,36961.08
2026-09-23,Lar e Recheio,30000.0,42,896.38,15.3,12.73,38175.96
2026-09-23,Lar e Recheio,30000.0,48,810.26,15.3,12.85,39420.48
2026-09-23,Lar e Recheio,30000.0,54,744.15,15.3,12.97,40712.1
2026-09-23,Lar e Recheio,30000.0,60,688.04,15.1,12.84,41810.4
2026-09-23,Lar e Recheio,30000.0,66,639.58,14.7,12.56,42740.28
2026-09-23,Lar e Recheio,30000.0,72,600.58,14.4,12.4,43769.76
2026-09-23,Lar e Recheio,30000.0,78,564.54,14.0,12.07,44562.12
2026-09-23,Lar e Recheio,30000.0,84,519.82,12.6,10.95,44192.88
2026-09-23,Lar e Recheio,35000.0,24,1656.29,15.3,12.05,40366.96
2026-09-23,Lar e Recheio,35000.0,30,1370.51,15.3,12.37,41731.3
2026-09-23,Lar e Recheio,35000.0,36,1180.7,15.3,12.58,43121.2
2026-09-23,Lar e Recheio,35000.0,42,1045.78,15.3,12.73,44538.76
2026-09-23,Lar e Recheio,35000.0,48,945.3,15.3,12.85,45990.4
2026-09-23,Lar e Recheio,35000.0,54,868.17,15.3,12.97,47497.18
2026-09-23,Lar e Recheio,35000.0,60,802.71,15.1,12.84,48778.6
2026-09-23,Lar e Recheio,35000.0,66,746.18,14.7,12.56,49863.88
2026-09-23,Lar e Recheio,35000.0,72,700.68,14.4,12.4,51064.96
2026-09-23,Lar e Recheio,35000.0,78,658.62,14.0,12.07,51988.36
2026-09-23,Lar e Recheio,35000.0,84,606.45,12.6,10.95,51557.8
2026-09-23,Lar e Recheio,40000.0,24,1892.9,15.3,12.05,46133.6
2026-09-23,Lar e Recheio,40000.0,30,1566.3,15.3,12.37,47693.0
2026-09-23,Lar e Recheio,40000.0,36,1349.37,15.3,12.58,49281.32
2026-09-23,Lar e Recheio,40000.0,42,1195.17,15.3,12.73,50901.14
2026-09-23,Lar e Recheio,40000.0,48,1080.35,15.3,12.85,52560.8
2026-09-23,Lar e Recheio,40000.0,54,992.19,15.3,12.97,54282.26
2026-09-23,Lar e Recheio,40000.0,60,917.38,15.1,12.84,55746.8
2026-09-23,Lar e Recheio,40000.0,66,852.77,14.7,12.56,56986.82
2026-09-23,Lar e Recheio,40000.0,72,800.78,14.4,12.4,58360.16
2026-09-23,Lar e Recheio,40000.0,78,752.71,14.0,12.07,59415.38
2026-09-23,Lar e Recheio,40000.0,84,693.09,12.6,10.95,58923.56
2026-09-23,Lar e Recheio,45000.0,24,2129.51,15.3,12.05,51900.24
2026-09-23,Lar e Recheio,45000.0,30,1762.09,15.3,12.37,53654.7
2026-09-23,Lar e Recheio,45000.0,36,1518.04,15.3,12.58,55441.44
2026-09-23,Lar e Recheio,45000.0,42,1344.57,15.3,12.73,57263.94
2026-09-23,Lar e Recheio,45000.0,48,1215.39,15.3,12.85,59130.72
2026-09-23,Lar e Recheio,45000.0,54,1116.22,15.3,12.97,61067.88
2026-09-23,Lar e Recheio,45000.0,60,1032.06,15.1,12.84,62715.6
2026-09-23,Lar e Recheio,45000.0,66,959.37,14.7,12.56,64110.42
2026-09-23,Lar e Recheio,45000.0,72,900.87,14.4,12.4,65654.64
2026-09-23,Lar e Recheio,45000.0,78,846.8,14.0,12.07,66842.4
2026-09-23,Lar e Recheio,45000.0,84,779.73,12.6,10.95,66289.32
2026-09-23,Lar e Recheio,50000.0,24,2366.12,15.3,12.05,57666.88
2026-09-23,Lar e Recheio,50000.0,30,1957.87,15.3,12.37,59616.1
2026-09-23,Lar e Recheio,50000.0,36,1686.71,15.3,12.58,61601.56
2026-09-23,Lar e Recheio,50000.0,42,1493.96,15.3,12.73,63626.32
2026-09-23,Lar e Recheio,50000.0,48,1350.43,15.3,12.85,65700.64
2026-09-23,Lar e Recheio,50000.0,54,1240.24,15.3,12.97,67852.96
2026-09-23,Lar e Recheio,50000.0,60,1146.73,15.1,12.84,69683.8
2026-09-23,Lar e Recheio,50000.0,66,1065.97,14.7,12.56,71234.02
2026-09-23,Lar e Recheio,50000.0,72,1000.97,14.4,12.4,72949.84
2026-09-23,Lar e Recheio,50000.0,78,940.89,14.0,12.07,74269.42
2026-09-23,Lar e Recheio,50000.0,84,866.36,12.6,10.95,73654.24
2026-09-23,Formação,2500.0,24,111.72,8.9,6.55,2725.28
2026-09-23,Formação,2500.0,30,91.24,8.9,6.86,2781.2
2026-09-23,Formação,2500.0,36,77.61,8.9,7.08,2837.96
2026-09-23,Formação,2500.0,42,67.88,8.9,7.22,2894.96
2026-09-23,Formação,2500.0,48,60.61,8.9,7.34,2953.28
2026-09-23,Formação,2500.0,54,54.96,8.9,7.43,3011.84
2026-09-23,Formação,2500.0,60,50.46,8.9,7.5,3071.6
2026-09-23,Formação,2500.0,66,46.8,8.9,7.57,3132.8
2026-09-23,Formação,2500.0,72,43.73,8.9,7.61,3192.56
2026-09-23,Formação,5000.0,24,223.44,8.9,6.55,5450.56
2026-09-23,Formação,5000.0,30,182.47,8.9,6.86,5562.1
2026-09-23,Formação,5000.0,36,155.22,8.9,7.08,5675.92
2026-09-23,Formação,5000.0,42,135.75,8.9,7.22,5789.5
2026-09-23,Formação,5000.0,48,121.21,8.9,7.34,5906.08
2026-09-23,Formação,5000.0,54,109.92,8.9,7.43,6023.68
2026-09-23,Formação,5000.0,60,100.91,8.9,7.5,6142.6
2026-09-23,Formação,5000.0,66,93.59,8.9,7.57,6264.94
2026-09-23,Formação,5000.0,72,87.46,8.9,7.61,6385.12
2026-09-23,Formação,5000.0,78,82.31,8.9,7.65,6508.18
2026-09-23,Formação,5000.0,84,77.93,8.9,7.69,6634.12
2026-09-23,Formação,10000.0,24,446.88,8.9,6.55,10901.12
2026-09-23,Formação,10000.0,30,364.94,8.9,6.86,11124.2
2026-09-23,Formação,10000.0,36,310.44,8.9,7.08,11351.84
2026-09-23,Formação,10000.0,42,271.5,8.9,7.22,11579.0
2026-09-23,Formação,10000.0,48,242.42,8.9,7.34,11812.16
2026-09-23,Formação,10000.0,54,219.84,8.9,7.43,12047.36
2026-09-23,Formação,10000.0,60,201.81,8.9,7.5,12284.6
2026-09-23,Formação,10000.0,66,187.17,8.9,7.57,12529.22
2026-09-23,Formação,10000.0,72,174.92,8.9,7.61,12770.24
2026-09-23,Formação,10000.0,78,164.62,8.9,7.65,13016.36
2026-09-23,Formação,10000.0,84,155.86,8.9,7.69,13268.24
2026-09-23,Formação,10000.0,90,148.27,8.9,7.72,13520.3
2026-09-23,Formação,10000.0,96,141.68,8.9,7.75,13777.28
2026-09-23,Formação,10000.0,102,135.91,8.9,7.78,14038.82
2026-09-23,Formação,10000.0,108,130.77,8.9,7.8,14299.16
2026-09-23,Formação,10000.0,114,126.21,8.9,7.82,14563.94
2026-09-23,Formação,10000.0,120,122.09,8.9,7.83,14826.8
2026-09-23,Formação,15000.0,24,670.32,8.9,6.55,16351.68
2026-09-23,Formação,15000.0,30,547.4,8.9,6.86,16686.0
2026-09-23,Formação,15000.0,36,465.66,8.9,7.08,17027.76
2026-09-23,Formação,15000.0,42,407.24,8.9,7.22,17368.08
2026-09-23,Formação,15000.0,48,363.62,8.9,7.34,17717.76
2026-09-23,Formação,15000.0,54,329.76,8.9,7.43,18071.04
2026-09-23,Formação,15000.0,60,302.72,8.9,7.5,18427.2
2026-09-23,Formação,15000.0,66,280.76,8.9,7.57,18794.16
2026-09-23,Formação,15000.0,72,262.38,8.9,7.61,19155.36
2026-09-23,Formação,15000.0,78,246.93,8.9,7.65,19524.54
2026-09-23,Formação,15000.0,84,233.78,8.9,7.69,19901.52
2026-09-23,Formação,15000.0,90,222.4,8.9,7.72,20280.0
2026-09-23,Formação,15000.0,96,212.51,8.9,7.75,20664.96
2026-09-23,Formação,15000.0,102,203.86,8.9,7.78,21057.72
2026-09-23,Formação,15000.0,108,196.16,8.9,7.8,21449.28
2026-09-23,Formação,15000.0,114,189.32,8.9,7.82,21846.48
2026-09-23,Formação,15000.0,120,183.13,8.9,7.83,22239.6
2026-09-23,Formação,20000.0,24,893.75,8.9,6.55,21802.0
2026-09-23,Formação,20000.0,30,729.87,8.9,6.86,22248.1
2026-09-23,Formação,20000.0,36,620.87,8.9,7.08,22703.32
2026-09-23,Formação,20000.0,42,542.99,8.9,7.22,23157.58
2026-09-23,Formação,20000.0,48,484.83,8.9,7.34,23623.84
2026-09-23,Formação,20000.0,54,439.67,8.9,7.43,24094.18
2026-09-23,Formação,20000.0,60,403.62,8.9,7.5,24569.2
2026-09-23,Formação,20000.0,66,374.34,8.9,7.57,25058.44
2026-09-23,Formação,20000.0,72,349.83,8.9,7.61,25539.76
2026-09-23,Formação,20000.0,78,329.23,8.9,7.65,26031.94
2026-09-23,Formação,20000.0,84,311.71,8.9,7.69,26535.64
2026-09-23,Formação,20000.0,90,296.53,8.9,7.72,27039.7
2026-09-23,Formação,20000.0,96,283.35,8.9,7.75,27553.6
2026-09-23,Formação,20000.0,102,271.81,8.9,7.78,28076.62
2026-09-23,Formação,20000.0,108,261.54,8.9,7.8,28598.32
2026-09-23,Formação,20000.0,114,252.42,8.9,7.82,29127.88
2026-09-23,Formação,20000.0,120,244.18,8.9,7.83,29653.6
2026-09-23,Eficiência Energética,10000.0,84,155.91,8.9,7.7,13272.44
2026-09-23,Eficiência Energética,15000.0,54,329.9,8.9,7.45,18078.6
2026-09-23,Eficiência Energética,15000.0,60,302.72,8.9,7.5,18427.2
2026-09-23,Eficiência Energética,15000.0,66,280.61,8.9,7.55,18784.26
2026-09-23,Eficiência Energética,15000.0,72,262.3,8.9,7.6,19149.6
2026-09-23,Eficiência Energética,15000.0,78,246.93,8.9,7.65,19524.54
2026-09-23,Eficiência Energética,15000.0,84,233.86,8.9,7.7,19908.24
2026-09-23,Eficiência Energética,20000.0,54,439.87,8.9,7.45,24104.98
2026-09-23,Eficiência Energética,20000.0,60,403.62,8.9,7.5,24569.2
2026-09-23,Eficiência Energética,20000.0,66,374.14,8.9,7.55,25045.24
2026-09-23,Eficiência Energética,20000.0,72,349.73,8.9,7.6,25532.56
2026-09-23,Eficiência Energética,20000.0,78,329.23,8.9,7.65,26031.94
2026-09-23,Eficiência Energética,20000.0,84,311.81,8.9,7.7,26544.04
2026-09-23,Eficiência Energética,25000.0,54,549.83,8.9,7.45,30130.82
2026-09-23,Eficiência Energética,25000.0,60,504.53,8.9,7.5,30711.8
2026-09-23,Eficiência Energética,25000.0,66,467.67,8.9,7.55,31306.22
2026-09-23,Eficiência Energética,25000.0,72,437.17,8.9,7.6,31916.24
2026-09-23,Eficiência Energética,25000.0,78,411.54,8.9,7.65,32540.12
2026-09-23,Eficiência Energética,25000.0,84,389.76,8.9,7.7,33179.84
2026-09-23,Eficiência Energética,30000.0,54,659.8,8.9,7.45,36157.2
2026-09-23,Eficiência Energética,30000.0,60,605.43,8.9,7.5,36853.8
2026-09-23,Eficiência Energética,30000.0,66,561.21,8.9,7.55,37567.86
2026-09-23,Eficiência Energética,30000.0,72,524.6,8.9,7.6,38299.2
2026-09-23,Eficiência Energética,30000.0,78,493.85,8.9,7.65,39048.3
2026-09-23,Eficiência Energética,30000.0,84,467.71,8.9,7.7,39815.64
2026-09-23,Eficiência Energética,35000.0,54,769.77,8.9,7.45,42183.58
2026-09-23,Eficiência Energética,35000.0,60,706.33,8.9,7.5,42995.8
2026-09-23,Eficiência Energética,35000.0,66,654.74,8.9,7.55,43828.84
2026-09-23,Eficiência Energética,35000.0,72,612.03,8.9,7.6,44682.16
2026-09-23,Eficiência Energética,35000.0,78,576.16,8.9,7.65,45556.48
2026-09-23,Eficiência Energética,35000.0,84,545.66,8.9,7.7,46451.44
2026-09-23,Eficiência Energética,40000.0,54,879.73,8.9,7.45,48209.42
2026-09-23,Eficiência Energética,40000.0,60,807.24,8.9,7.5,49138.4
2026-09-23,Eficiência Energética,40000.0,66,748.27,8.9,7.55,50089.82
2026-09-23,Eficiência Energética,40000.0,72,699.46,8.9,7.6,51065.12
2026-09-23,Eficiência Energética,40000.0,78,658.46,8.9,7.65,52063.88
2026-09-23,Eficiência Energética,40000.0,84,623.61,8.9,7.7,53087.24
2026-09-23,Eficiência Energética,45000.0,54,989.7,8.9,7.45,54235.8
2026-09-23,Eficiência Energética,45000.0,60,908.14,8.9,7.5,55280.4
2026-09-23,Eficiência Energética,45000.0,66,841.81,8.9,7.55,56351.46
2026-09-23,Eficiência Energética,45000.0,72,786.89,8.9,7.6,57448.08
2026-09-23,Eficiência Energética,45000.0,78,740.77,8.9,7.65,58572.06
2026-09-23,Eficiência Energética,45000.0,84,701.56,8.9,7.7,59723.04
2026-09-23,Eficiência Energética,50000.0,54,1099.66,8.9,7.45,60261.64
2026-09-23,Eficiência Energética,50000.0,60,1009.05,8.9,7.5,61423.0
2026-09-23,Eficiência Energética,50000.0,66,935.34,8.9,7.55,62612.44
2026-09-23,Eficiência Energética,50000.0,72,874.33,8.9,7.6,63831.76
2026-09-23,Eficiência Energética,50000.0,78,823.08,8.9,7.65,65080.24
2026-09-23,Eficiência Energética,50000.0,84,779.52,8.9,7.7,66359.68
2026-09-24,Pagar Despesas / Férias e Lazer,5000.0,54,124.03,15.3,12.97,6785.62
2026-09-24,Pagar Despesas / Férias e Lazer,5000.0,60,115.24,15.3,13.05,7002.4
2026-09-24,Pagar Despesas / Férias e Lazer,5000.0,66,108.09,15.3,13.11,7221.94
2026-09-24,Pagar Despesas / Férias e Lazer,5000.0,72,102.17,15.3,13.15,7444.24
2026-09-24,Pagar Despesas / Férias e Lazer,5000.0,78,97.25,15.3,13.2,7673.5
2026-09-24,Pagar Despesas / Férias e Lazer,5000.0,84,93.04,15.3,13.23,7903.36
2026-09-24,Pagar Despesas / Férias e Lazer,10000.0,54,248.05,15.3,12.97,13570.7
2026-09-24,Pagar Despesas / Férias e Lazer,10000.0,60,229.35,15.1,12.84,13937.0
2026-09-24,Pagar Despesas / Férias e Lazer,10000.0,66,213.2,14.7,12.56,14247.2
2026-09-24,Pagar Despesas / Férias e Lazer,10000.0,72,200.2,14.4,12.4,14590.4
2026-09-24,Pagar Despesas / Férias e Lazer,10000.0,78,188.18,14.0,12.07,14854.04
2026-09-24,Pagar Despesas / Férias e Lazer,10000.0,84,174.21,12.8,11.12,14809.64
2026-09-24,Pagar Despesas / Férias e Lazer,15000.0,54,372.08,15.3,12.97,20356.32
2026-09-24,Pagar Despesas / Férias e Lazer,15000.0,60,344.02,15.1,12.84,20905.2
2026-09-24,Pagar Despesas / Férias e Lazer,15000.0,66,319.79,14.7,12.56,21370.14
2026-09-24,Pagar Despesas / Férias e Lazer,15000.0,72,300.29,14.4,12.4,21884.88
2026-09-24,Pagar Despesas / Férias e Lazer,15000.0,78,282.27,14.0,12.07,22281.06
2026-09-24,Pagar Despesas / Férias e Lazer,15000.0,84,259.91,12.6,10.95,22096.44
2026-09-24,Pagar Despesas / Férias e Lazer,20000.0,54,496.1,15.3,12.97,27141.4
2026-09-24,Pagar Despesas / Férias e Lazer,20000.0,60,458.69,15.1,12.84,27873.4
2026-09-24,Pagar Despesas / Férias e Lazer,20000.0,66,426.39,14.7,12.56,28493.74
2026-09-24,Pagar Despesas / Férias e Lazer,20000.0,72,400.39,14.4,12.4,29180.08
2026-09-24,Pagar Despesas / Férias e Lazer,20000.0,78,376.36,14.0,12.07,29708.08
2026-09-24,Pagar Despesas / Férias e Lazer,20000.0,84,346.55,12.6,10.95,29462.2
2026-09-24,Pagar Despesas / Férias e Lazer,25000.0,54,620.12,15.3,12.97,33926.48
2026-09-24,Pagar Despesas / Férias e Lazer,25000.0,60,573.37,15.1,12.84,34842.2
2026-09-24,Pagar Despesas / Férias e Lazer,25000.0,66,532.99,14.7,12.56,35617.34
2026-09-24,Pagar Despesas / Férias e Lazer,25000.0,72,500.49,14.4,12.4,36475.28
2026-09-24,Pagar Despesas / Férias e Lazer,25000.0,78,470.45,14.0,12.07,37135.1
2026-09-24,Pagar Despesas / Férias e Lazer,25000.0,84,433.18,12.6,10.95,36827.12
2026-09-24,Pagar Despesas / Férias e Lazer,30000.0,54,744.15,15.3,12.97,40712.1
2026-09-24,Pagar Despesas / Férias e Lazer,30000.0,60,688.04,15.1,12.84,41810.4
2026-09-24,Pagar Despesas / Férias e Lazer,30000.0,66,639.58,14.7,12.56,42740.28
2026-09-24,Pagar Despesas / Férias e Lazer,30000.0,72,600.58,14.4,12.4,43769.76
2026-09-24,Pagar Despesas / Férias e Lazer,30000.0,78,564.54,14.0,12.07,44562.12
2026-09-24,Pagar Despesas / Férias e Lazer,30000.0,84,519.82,12.6,10.95,44192.88
2026-09-24,Pagar Despesas / Férias e Lazer,35000.0,54,868.17,15.3,12.97,47497.18
2026-09-24,Pagar Despesas / Férias e Lazer,35000.0,60,802.71,15.1,12.84,48778.6
2026-09-24,Pagar Despesas / Férias e Lazer,35000.0,66,746.18,14.7,12.56,49863.88
2026-09-24,Pagar Despesas / Férias e Lazer,35000.0,72,700.68,14.4,12.4,51064.96
2026-09-24,Pagar Despesas / Férias e Lazer,35000.0,78,658.62,14.0,12.07,51988.36
2026-09-24,Pagar Despesas / Férias e Lazer,35000.0,84,606.45,12.6,10.95,51557.8
2026-09-24,Pagar Despesas / Férias e Lazer,40000.0,54,992.19,15.3,12.97,54282.26
2026-09-24,Pagar Despesas / Férias e Lazer,40000.0,60,917.38,15.1,12.84,55746.8
2026-09-24,Pagar Despesas / Férias e Lazer,40000.0,66,852.77,14.7,12.56,56986.82
2026-09-24,Pagar Despesas / Férias e Lazer,40000.0,72,800.78,14.4,12.4,58360.16
2026-09-24,Pagar Despesas / Férias e Lazer,40000.0,78,752.71,14.0,12.07,59415.38
2026-09-24,Pagar Despesas / Férias e Lazer,40000.0,84,693.09,12.6,10.95,58923.56
2026-09-24,Pagar Despesas / Férias e Lazer,45000.0,54,1116.22,15.3,12.97,61067.88
2026-09-24,Pagar Despesas / Férias e Lazer,45000.0,60,1032.06,15.1,12.84,62715.6
2026-09-24,Pagar Despesas / Férias e Lazer,45000.0,66,959.37,14.7,12.56,64110.42
2026-09-24,Pagar Despesas / Férias e Lazer,45000.0,72,900.87,14.4,12.4,65654.64
2026-09-24,Pagar Despesas / Férias e Lazer,45000.0,78,846.8,14.0,12.07,66842.4
2026-09-24,Pagar Despesas / Férias e Lazer,45000.0,84,779.73,12.6,10.95,66289.32
2026-09-24,Pagar Despesas / Férias e Lazer,50000.0,54,1240.24,15.3,12.97,67852.96
2026-09-24,Pagar Despesas / Férias e Lazer,50000.0,60,1146.73,15.1,12.84,69683.8
2026-09-24,Pagar Despesas / Férias e Lazer,50000.0,66,1065.97,14.7,12.56,71234.02
2026-09-24,Pagar Despesas / Férias e Lazer,50000.0,72,1000.97,14.4,12.4,72949.84
2026-09-24,Pagar Despesas / Férias e Lazer,50000.0,78,940.89,14.0,12.07,74269.42
2026-09-24,Pagar Despesas / Férias e Lazer,50000.0,84,866.36,12.6,10.95,73654.24
2026-09-24,Lar e Recheio,5000.0,24,236.62,15.3,12.05,5766.88
2026-09-24,Lar e Recheio,5000.0,30,195.79,15.3,12.37,5961.7
2026-09-24,Lar e Recheio,5000.0,36,168.68,15.3,12.58,6160.48
2026-09-24,Lar e Recheio,5000.0,42,149.4,15.3,12.73,6362.8
2026-09-24,Lar e Recheio,5000.0,48,135.05,15.3,12.85,6570.4
2026-09-24,Lar e Recheio,5000.0,54,124.03,15.3,12.97,6785.62
2026-09-24,Lar e Recheio,5000.0,60,115.24,15.3,13.05,7002.4
2026-09-24,Lar e Recheio,5000.0,66,108.09,15.3,13.11,7221.94
2026-09-24,Lar e Recheio,5000.0,72,102.17,15.3,13.15,7444.24
2026-09-24,Lar e Recheio,5000.0,78,97.25,15.3,13.2,7673.5
2026-09-24,Lar e Recheio,5000.0,84,93.04,15.3,13.23,7903.36
2026-09-24,Lar e Recheio,10000.0,24,473.23,15.3,12.05,11533.52
2026-09-24,Lar e Recheio,10000.0,30,391.58,15.3,12.37,11923.4
2026-09-24,Lar e Recheio,10000.0,36,337.35,15.3,12.58,12320.6
2026-09-24,Lar e Recheio,10000.0,42,298.8,15.3,12.73,12725.6
2026-09-24,Lar e Recheio,10000.0,48,270.09,15.3,12.85,13140.32
2026-09-24,Lar e Recheio,10000.0,54,248.05,15.3,12.97,13570.7
2026-09-24,Lar e Recheio,10000.0,60,229.35,15.1,12.84,13937.0
2026-09-24,Lar e Recheio,10000.0,66,213.2,14.7,12.56,14247.2
2026-09-24,Lar e Recheio,10000.0,72,200.2,14.4,12.4,14590.4
2026-09-24,Lar e Recheio,10000.0,78,188.18,14.0,12.07,14854.04
2026-09-24,Lar e Recheio,10000.0,84,174.21,12.8,11.12,14809.64
2026-09-24,Lar e Recheio,15000.0,24,709.84,15.3,12.05,17300.16
2026-09-24,Lar e Recheio,15000.0,30,587.37,15.3,12.37,17885.1
2026-09-24,Lar e Recheio,15000.0,36,506.02,15.3,12.58,18480.72
2026-09-24,Lar e Recheio,15000.0,42,448.19,15.3,12.73,19087.98
2026-09-24,Lar e Recheio,15000.0,48,405.13,15.3,12.85,19710.24
2026-09-24,Lar e Recheio,15000.0,54,372.08,15.3,12.97,20356.32
2026-09-24,Lar e Recheio,15000.0,60,344.02,15.1,12.84,20905.2
2026-09-24,Lar e Recheio,15000.0,66,319.79,14.7,12.56,21370.14
2026-09-24,Lar e Recheio,15000.0,72,300.29,14.4,12.4,21884.88
2026-09-24,Lar e Recheio,15000.0,78,282.27,14.0,12.07,22281.06
2026-09-24,Lar e Recheio,15000.0,84,259.91,12.6,10.95,22096.44
2026-09-24,Lar e Recheio,20000.0,24,946.45,15.3,12.05,23066.8
2026-09-24,Lar e Recheio,20000.0,30,783.15,15.3,12.37,23846.5
2026-09-24,Lar e Recheio,20000.0,36,674.69,15.3,12.58,24640.84
2026-09-24,Lar e Recheio,20000.0,42,597.59,15.3,12.73,25450.78
2026-09-24,Lar e Recheio,20000.0,48,540.18,15.3,12.85,26280.64
2026-09-24,Lar e Recheio,20000.0,54,496.1,15.3,12.97,27141.4
2026-09-24,Lar e Recheio,20000.0,60,458.69,15.1,12.84,27873.4
2026-09-24,Lar e Recheio,20000.0,66,426.39,14.7,12.56,28493.74
2026-09-24,Lar e Recheio,20000.0,72,400.39,14.4,12.4,29180.08
2026-09-24,Lar e Recheio,20000.0,78,376.36,14.0,12.07,29708.08
2026-09-24,Lar e Recheio,20000.0,84,346.55,12.6,10.95,29462.2
2026-09-24,Lar e Recheio,25000.0,24,1183.06,15.3,12.05,28833.44
2026-09-24,Lar e Recheio,25000.0,30,978.94,15.3,12.37,29808.2
2026-09-24,Lar e Recheio,25000.0,36,843.36,15.3,12.58,30800.96
2026-09-24,Lar e Recheio,25000.0,42,746.98,15.3,12.73,31813.16
2026-09-24,Lar e Recheio,25000.0,48,675.22,15.3,12.85,32850.56
2026-09-24,Lar e Recheio,25000.0,54,620.12,15.3,12.97,33926.48
2026-09-24,Lar e Recheio,25000.0,60,573.37,15.1,12.84,34842.2
2026-09-24,Lar e Recheio,25000.0,66,532.99,14.7,12.56,35617.34
2026-09-24,Lar e Recheio,25000.0,72,500.49,14.4,12.4,36475.28
2026-09-24,Lar e Recheio,25000.0,78,470.45,14.0,12.07,37135.1
2026-09-24,Lar e Recheio,25000.0,84,433.18,12.6,10.95,36827.12
2026-09-24,Lar e Recheio,30000.0,24,1419.67,15.3,12.05,34600.08
2026-09-24,Lar e Recheio,30000.0,30,1174.73,15.3,12.37,35769.9
2026-09-24,Lar e Recheio,30000.0,36,1012.03,15.3,12.58,36961.08
2026-09-24,Lar e Recheio,30000.0,42,896.38,15.3,12.73,38175.96
2026-09-24,Lar e Recheio,30000.0,48,810.26,15.3,12.85,39420.48
2026-09-24,Lar e Recheio,30000.0,54,744.15,15.3,12.97,40712.1
2026-09-24,Lar e Recheio,30000.0,60,688.04,15.1,12.84,41810.4
2026-09-24,Lar e Recheio,30000.0,66,639.58,14.7,12.56,42740.28
2026-09-24,Lar e Recheio,30000.0,72,600.58,14.4,12.4,43769.76
2026-09-24,Lar e Recheio,30000.0,78,564.54,14.0,12.07,44562.12
2026-09-24,Lar e Recheio,30000.0,84,519.82,12.6,10.95,44192.88
2026-09-24,Lar e Recheio,35000.0,24,1656.29,15.3,12.05,40366.96
2026-09-24,Lar e Recheio,35000.0,30,1370.51,15.3,12.37,41731.3
2026-09-24,Lar e Recheio,35000.0,36,1180.7,15.3,12.58,43121.2
2026-09-24,Lar e Recheio,35000.0,42,1045.78,15.3,12.73,44538.76
2026-09-24,Lar e Recheio,35000.0,48,945.3,15.3,12.85,45990.4
2026-09-24,Lar e Recheio,35000.0,54,868.17,15.3,12.97,47497.18
2026-09-24,Lar e Recheio,35000.0,60,802.71,15.1,12.84,48778.6
2026-09-24,Lar e Recheio,35000.0,66,746.18,14.7,12.56,49863.88
2026-09-24,Lar e Recheio,35000.0,72,700.68,14.4,12.4,51064.96
2026-09-24,Lar e Recheio,35000.0,78,658.62,14.0,12.07,51988.36
2026-09-24,Lar e Recheio,35000.0,84,606.45,12.6,10.95,51557.8
2026-09-24,Lar e Recheio,40000.0,24,1892.9,15.3,12.05,46133.6
2026-09-24,Lar e Recheio,40000.0,30,1566.3,15.3,12.37,47693.0
2026-09-24,Lar e Recheio,40000.0,36,1349.37,15.3,12.58,49281.32
2026-09-24,Lar e Recheio,40000.0,42,1195.17,15.3,12.73,50901.14
2026-09-24,Lar e Recheio,40000.0,48,1080.35,15.3,12.85,52560.8
2026-09-24,Lar e Recheio,40000.0,54,992.19,15.3,12.97,54282.26
2026-09-24,Lar e Recheio,40000.0,60,917.38,15.1,12.84,55746.8
2026-09-24,Lar e Recheio,40000.0,66,852.77,14.7,12.56,56986.82
2026-09-24,Lar e Recheio,40000.0,72,800.78,14.4,12.4,58360.16
2026-09-24,Lar e Recheio,40000.0,78,752.71,14.0,12.07,59415.38
2026-09-24,Lar e Recheio,40000.0,84,693.09,12.6,10.95,58923.56
2026-09-24,Lar e Recheio,45000.0,24,2129.51,15.3,12.05,51900.24
2026-09-24,Lar e Recheio,45000.0,30,1762.09,15.3,12.37,53654.7
2026-09-24,Lar e Recheio,45000.0,36,1518.04,15.3,12.58,55441.44
2026-09-24,Lar e Recheio,45000.0,42,1344.57,15.3,12.73,57263.94
2026-09-24,Lar e Recheio,45000.0,48,1215.39,15.3,12.85,59130.72
2026-09-24,Lar e Recheio,45000.0,54,1116.22,15.3,12.97,61067.88
2026-09-24,Lar e Recheio,45000.0,60,1032.06,15.1,12.84,62715.6
2026-09-24,Lar e Recheio,45000.0,66,959.37,14.7,12.56,64110.42
2026-09-24,Lar e Recheio,45000.0,72,900.87,14.4,12.4,65654.64
2026-09-24,Lar e Recheio,45000.0,78,846.8,14.0,12.07,66842.4
2026-09-24,Lar e Recheio,45000.0,84,779.73,12.6,10.95,66289.32
2026-09-24,Lar e Recheio,50000.0,24,2366.12,15.3,12.05,57666.88
2026-09-24,Lar e Recheio,50000.0,30,1957.87,15.3,12.37,59616.1
2026-09-24,Lar e Recheio,50000.0,36,1686.71,15.3,12.58,61601.56
2026-09-24,Lar e Recheio,50000.0,42,1493.96,15.3,12.73,63626.32
2026-09-24,Lar e Recheio,50000.0,48,1350.43,15.3,12.85,65700.64
2026-09-24,Lar e Recheio,50000.0,54,1240.24,15.3,12.97,67852.96
2026-09-24,Lar e Recheio,50000.0,60,1146.73,15.1,12.84,69683.8
2026-09-24,Lar e Recheio,50000.0,66,1065.97,14.7,12.56,71234.02
2026-09-24,Lar e Recheio,50000.0,72,1000.97,14.4,12.4,72949.84
2026-09-24,Lar e Recheio,50000.0,78,940.89,14.0,12.07,74269.42
2026-09-24,Lar e Recheio,50000.0,84,866.36,12.6,10.95,73654.24
2026-09-24,Formação,2500.0,24,111.72,8.9,6.55,2725.28
2026-09-24,Formação,2500.0,30,91.24,8.9,6.86,2781.2
2026-09-24,Formação,2500.0,36,77.61,8.9,7.08,2837.96
2026-09-24,Formação,2500.0,42,67.88,8.9,7.22,2894.96
2026-09-24,Formação,2500.0,48,60.61,8.9,7.34,2953.28
2026-09-24,Formação,2500.0,54,54.96,8.9,7.43,3011.84
2026-09-24,Formação,2500.0,60,50.46,8.9,7.5,3071.6
2026-09-24,Formação,2500.0,66,46.8,8.9,7.57,3132.8
2026-09-24,Formação,2500.0,72,43.73,8.9,7.61,3192.56
2026-09-24,Formação,5000.0,24,223.44,8.9,6.55,5450.56
2026-09-24,Formação,5000.0,30,182.47,8.9,6.86,5562.1
2026-09-24,Formação,5000.0,36,155.22,8.9,7.08,5675.92
2026-09-24,Formação,5000.0,42,135.75,8.9,7.22,5789.5
2026-09-24,Formação,5000.0,48,121.21,8.9,7.34,5906.08
2026-09-24,Formação,5000.0,54,109.92,8.9,7.43,6023.68
2026-09-24,Formação,5000.0,60,100.91,8.9,7.5,6142.6
2026-09-24,Formação,5000.0,66,93.59,8.9,7.57,6264.94
2026-09-24,Formação,5000.0,72,87.46,8.9,7.61,6385.12
2026-09-24,Formação,5000.0,78,82.31,8.9,7.65,6508.18
2026-09-24,Formação,5000.0,84,77.93,8.9,7.69,6634.12
2026-09-24,Formação,10000.0,24,446.88,8.9,6.55,10901.12
2026-09-24,Formação,10000.0,30,364.94,8.9,6.86,11124.2
2026-09-24,Formação,10000.0,36,310.44,8.9,7.08,11351.84
2026-09-24,Formação,10000.0,42,271.5,8.9,7.22,11579.0
2026-09-24,Formação,10000.0,48,242.42,8.9,7.34,11812.16
2026-09-24,Formação,10000.0,54,219.84,8.9,7.43,12047.36
2026-09-24,Formação,10000.0,60,201.81,8.9,7.5,12284.6
2026-09-24,Formação,10000.0,66,187.17,8.9,7.57,12529.22
2026-09-24,Formação,10000.0,72,174.92,8.9,7.61,12770.24
2026-09-24,Formação,10000.0,78,164.62,8.9,7.65,13016.36
2026-09-24,Formação,10000.0,84,155.86,8.9,7.69,13268.24
2026-09-24,Formação,10000.0,90,148.27,8.9,7.72,13520.3
2026-09-24,Formação,10000.0,96,141.68,8.9,7.75,13777.28
2026-09-24,Formação,10000.0,102,135.91,8.9,7.78,14038.82
2026-09-24,Formação,10000.0,108,130.77,8.9,7.8,14299.16
2026-09-24,Formação,10000.0,114,126.21,8.9,7.82,14563.94
2026-09-24,Formação,10000.0,120,122.09,8.9,7.83,14826.8
2026-09-24,Formação,15000.0,24,670.32,8.9,6.55,16351.68
2026-09-24,Formação,15000.0,30,547.4,8.9,6.86,16686.0
2026-09-24,Formação,15000.0,36,465.66,8.9,7.08,17027.76
2026-09-24,Formação,15000.0,42,407.24,8.9,7.22,17368.08
2026-09-24,Formação,15000.0,48,363.62,8.9,7.34,17717.76
2026-09-24,Formação,15000.0,54,329.76,8.9,7.43,18071.04
2026-09-24,Formação,15000.0,60,302.72,8.9,7.5,18427.2
2026-09-24,Formação,15000.0,66,280.76,8.9,7.57,18794.16
2026-09-24,Formação,15000.0,72,262.38,8.9,7.61,19155.36
2026-09-24,Formação,15000.0,78,246.93,8.9,7.65,19524.54
2026-09-24,Formação,15000.0,84,233.78,8.9,7.69,19901.52
2026-09-24,Formação,15000.0,90,222.4,8.9,7.72,20280.0
2026-09-24,Formação,15000.0,96,212.51,8.9,7.75,20664.96
2026-09-24,Formação,15000.0,102,203.86,8.9,7.78,21057.72
2026-09-24,Formação,15000.0,108,196.16,8.9,7.8,21449.28
2026-09-24,Formação,15000.0,114,189.32,8.9,7.82,21846.48
2026-09-24,Formação,15000.0,120,183.13,8.9,7.83,22239.6
2026-09-24,Formação,20000.0,24,893.75,8.9,6.55,21802.0
2026-09-24,Formação,20000.0,30,729.87,8.9,6.86,22248.1
2026-09-24,Formação,20000.0,36,620.87,8.9,7.08,22703.32
2026-09-24,Formação,20000.0,42,542.99,8.9,7.22,23157.58
2026-09-24,Formação,20000.0,48,484.83,8.9,7.34,23623.84
2026-09-24,Formação,20000.0,54,439.67,8.9,7.43,24094.18
2026-09-24,Formação,20000.0,60,403.62,8.9,7.5,24569.2
2026-09-24,Formação,20000.0,66,374.34,8.9,7.57,25058.44
2026-09-24,Formação,20000.0,72,349.83,8.9,7.61,25539.76
2026-09-24,Formação,20000.0,78,329.23,8.9,7.65,26031.94
2026-09-24,Formação,20000.0,84,311.71,8.9,7.69,26535.64
2026-09-24,Formação,20000.0,90,296.53,8.9,7.72,27039.7
2026-09-24,Formação,20000.0,96,283.35,8.9,7.75,27553.6
2026-09-24,Formação,20000.0,102,271.81,8.9,7.78,28076.62
2026-09-24,Formação,20000.0,108,261.54,8.9,7.8,28598.32
2026-09-24,Formação,20000.0,114,252.42,8.9,7.82,29127.88
2026-09-24,Formação,20000.0,120,244.18,8.9,7.83,29653.6
2026-09-24,Eficiência Energética,10000.0,84,155.91,8.9,7.7,13272.44
2026-09-24,Eficiência Energética,15000.0,54,329.9,8.9,7.45,18078.6
2026-09-24,Eficiência Energética,15000.0,60,302.72,8.9,7.5,18427.2
2026-09-24,Eficiência Energética,15000.0,66,280.61,8.9,7.55,18784.26
2026-09-24,Eficiência Energética,15000.0,72,262.3,8.9,7.6,19149.6
2026-09-24,Eficiência Energética,15000.0,78,246.93,8.9,7.65,19524.54
2026-09-24,Eficiência Energética,15000.0,84,233.86,8.9,7.7,19908.24
2026-09-24,Eficiência Energética,20000.0,54,439.87,8.9,7.45,24104.98
2026-09-24,Eficiência Energética,20000.0,60,403.62,8.9,7.5,24569.2
2026-09-24,Eficiência Energética,20000.0,66,374.14,8.9,7.55,25045.24
2026-09-24,Eficiência Energética,20000.0,72,349.73,8.9,7.6,25532.56
2026-09-24,Eficiência Energética,20000.0,78,329.23,8.9,7.65,26031.94
2026-09-24,Eficiência Energética,20000.0,84,311.81,8.9,7.7,26544.04
2026-09-24,Eficiência Energética,25000.0,54,549.83,8.9,7.45,30130.82
2026-09-24,Eficiência Energética,25000.0,60,504.53,8.9,7.5,30711.8
2026-09-24,Eficiência Energética,25000.0,66,467.67,8.9,7.55,31306.22
2026-09-24,Eficiência Energética,25000.0,72,437.17,8.9,7.6,31916.24
2026-09-24,Eficiência Energética,25000.0,78,411.54,8.9,7.65,32540.12
2026-09-24,Eficiência Energética,25000.0,84,389.76,8.9,7.7,33179.84
2026-09-24,Eficiência Energética,30000.0,54,659.8,8.9,7.45,36157.2
2026-09-24,Eficiência Energética,30000.0,60,605.43,8.9,7.5,36853.8
2026-09-24,Eficiência Energética,30000.0,66,561.21,8.9,7.55,37567.86
2026-09-24,Eficiência Energética,30000.0,72,524.6,8.9,7.6,38299.2
2026-09-24,Eficiência Energética,30000.0,78,493.85,8.9,7.65,39048.3
2026-09-24,Eficiência Energética,30000.0,84,467.71,8.9,7.7,39815.64
2026-09-24,Eficiência Energética,35000.0,54,769.77,8.9,7.45,42183.58
2026-09-24,Eficiência Energética,35000.0,60,706.33,8.9,7.5,42995.8
2026-09-24,Eficiência Energética,35000.0,66,654.74,8.9,7.55,43828.84
2026-09-24,Eficiência Energética,35000.0,72,612.03,8.9,7.6,44682.16
2026-09-24,Eficiência Energética,35000.0,78,576.16,8.9,7.65,45556.48
2026-09-24,Eficiência Energética,35000.0,84,545.66,8.9,7.7,46451.44
2026-09-24,Eficiência Energética,40000.0,54,879.73,8.9,7.45,48209.42
2026-09-24,Eficiência Energética,40000.0,60,807.24,8.9,7.5,49138.4
2026-09-24,Eficiência Energética,40000.0,66,748.27,8.9,7.55,50089.82
2026-09-24,Eficiência Energética,40000.0,72,699.46,8.9,7.6,51065.12
2026-09-24,Eficiência Energética,40000.0,78,658.46,8.9,7.65,52063.88
2026-09-24,Eficiência Energética,40000.0,84,623.61,8.9,7.7,53087.24
2026-09-24,Eficiência Energética,45000.0,54,989.7,8.9,7.45,54235.8
2026-09-24,Eficiência Energética,45000.0,60,908.14,8.9,7.5,55280.4
2026-09-24,Eficiência Energética,45000.0,66,841.81,8.9,7.55,56351.46
2026-09-24,Eficiência Energética,45000.0,72,786.89,8.9,7.6,57448.08
2026-09-24,Eficiência Energética,45000.0,78,740.77,8.9,7.65,58572.06
2026-09-24,Eficiência Energética,45000.0,84,701.56,8.9,7.7,59723.04
2026-09-24,Eficiência Energética,50000.0,54,1099.66,8.9,7.45,60261.64
2026-09-24,Eficiência Energética,50000.0,60,1009.05,8.9,7.5,61423.0
2026-09-24,Eficiência Energética,50000.0,66,935.34,8.9,7.55,62612.44
2026-09-24,Eficiência Energética,50000.0,72,874.33,8.9,7.6,63831.76
2026-09-24,Eficiência Energética,50000.0,78,823.08,8.9,7.65,65080.24
2026-09-24,Eficiência Energética,50000.0,84,779.52,8.9,7.7,66359.68
2026-09-25,Pagar Despesas / Férias e Lazer,5000.0,54,124.03,15.3,12.97,6785.62
2026-09-25,Pagar Despesas / Férias e Lazer,5000.0,60,115.24,15.3,13.05,7002.4
2026-09-25,Pagar Despesas / Férias e Lazer,5000.0,66,108.09,15.3,13.11,7221.94
2026-09-25,Pagar Despesas / Férias e Lazer,5000.0,72,102.17,15.3,13.15,7444.24
2026-09-25,Pagar Despesas / Férias e Lazer,5000.0,78,97.25,15.3,13.2,7673.5
2026-09-25,Pagar Despesas / Férias e Lazer,5000.0,84,93.04,15.3,13.23,7903.36
2026-09-25,Pagar Despesas / Férias e Lazer,10000.0,54,248.05,15.3,12.97,13570.7
2026-09-25,Pagar Despesas / Férias e Lazer,10000.0,60,229.35,15.1,12.84,13937.0
2026-09-25,Pagar Despesas / Férias e Lazer,10000.0,66,213.2,14.7,12.56,14247.2
2026-09-25,Pagar Despesas / Férias e Lazer,10000.0,72,200.2,14.4,12.4,14590.4
2026-09-25,Pagar Despesas / Férias e Lazer,10000.0,78,188.18,14.0,12.07,14854.04
2026-09-25,Pagar Despesas / Férias e Lazer,10000.0,84,174.21,12.8,11.12,14809.64
2026-09-25,Pagar Despesas / Férias e Lazer,15000.0,54,372.08,15.3,12.97,20356.32
2026-09-25,Pagar Despesas / Férias e Lazer,15000.0,60,344.02,15.1,12.84,20905.2
2026-09-25,Pagar Despesas / Férias e Lazer,15000.0,66,319.79,14.7,12.56,21370.14
2026-09-25,Pagar Despesas / Férias e Lazer,15000.0,72,300.29,14.4,12.4,21884.88
2026-09-25,Pagar Despesas / Férias e Lazer,15000.0,78,282.27,14.0,12.07,22281.06
2026-09-25,Pagar Despesas / Férias e Lazer,15000.0,84,259.91,12.6,10.95,22096.44
2026-09-25,Pagar Despesas / Férias e Lazer,20000.0,54,496.1,15.3,12.97,27141.4
2026-09-25,Pagar Despesas / Férias e Lazer,20000.0,60,458.69,15.1,12.84,27873.4
2026-09-25,Pagar Despesas / Férias e Lazer,20000.0,66,426.39,14.7,12.56,28493.74
2026-09-25,Pagar Despesas / Férias e Lazer,20000.0,72,400.39,14.4,12.4,29180.08
2026-09-25,Pagar Despesas / Férias e Lazer,20000.0,78,376.36,14.0,12.07,29708.08
2026-09-25,Pagar Despesas / Férias e Lazer,20000.0,84,346.55,12.6,10.95,29462.2
2026-09-25,Pagar Despesas / Férias e Lazer,25000.0,54,620.12,15.3,12.97,33926.48
2026-09-25,Pagar Despesas / Férias e Lazer,25000.0,60,573.37,15.1,12.84,34842.2
2026-09-25,Pagar Despesas / Férias e Lazer,25000.0,66,532.99,14.7,12.56,35617.34
2026-09-25,Pagar Despesas / Férias e Lazer,25000.0,72,500.49,14.4,12.4,36475.28
2026-09-25,Pagar Despesas / Férias e Lazer,25000.0,78,470.45,14.0,12.07,37135.1
2026-09-25,Pagar Despesas / Férias e Lazer,25000.0,84,433.18,12.6,10.95,36827.12
2026-09-25,Pagar Despesas / Férias e Lazer,30000.0,54,744.15,15.3,12.97,40712.1
2026-09-25,Pagar Despesas / Férias e Lazer,30000.0,60,688.04,15.1,12.84,41810.4
2026-09-25,Pagar Despesas / Férias e Lazer,30000.0,66,639.58,14.7,12.56,42740.28
2026-09-25,Pagar Despesas / Férias e Lazer,30000.0,72,600.58,14.4,12.4,43769.76
2026-09-25,Pagar Despesas / Férias e Lazer,30000.0,78,564.54,14.0,12.07,44562.12
2026-09-25,Pagar Despesas / Férias e Lazer,30000.0,84,519.82,12.6,10.95,44192.88
2026-09-25,Pagar Despesas / Férias e Lazer,35000.0,54,868.17,15.3,12.97,47497.18
2026-09-25,Pagar Despesas / Férias e Lazer,35000.0,60,802.71,15.1,12.84,48778.6
2026-09-25,Pagar Despesas / Férias e Lazer,35000.0,66,746.18,14.7,12.56,49863.88
2026-09-25,Pagar Despesas / Férias e Lazer,35000.0,72,700.68,14.4,12.4,51064.96
2026-09-25,Pagar Despesas / Férias e Lazer,35000.0,78,658.62,14.0,12.07,51988.36
2026-09-25,Pagar Despesas / Férias e Lazer,35000.0,84,606.45,12.6,10.95,51557.8
2026-09-25,Pagar Despesas / Férias e Lazer,40000.0,54,992.19,15.3,12.97,54282.26
2026-09-25,Pagar Despesas / Férias e Lazer,40000.0,60,917.38,15.1,12.84,55746.8
2026-09-25,Pagar Despesas / Férias e Lazer,40000.0,66,852.77,14.7,12.56,56986.82
2026-09-25,Pagar Despesas / Férias e Lazer,40000.0,72,800.78,14.4,12.4,58360.16
2026-09-25,Pagar Despesas / Férias e Lazer,40000.0,78,752.71,14.0,12.07,59415.38
2026-09-25,Pagar Despesas / Férias e Lazer,40000.0,84,693.09,12.6,10.95,58923.56
2026-09-25,Pagar Despesas / Férias e Lazer,45000.0,54,1116.22,15.3,12.97,61067.88
2026-09-25,Pagar Despesas / Férias e Lazer,45000.0,60,1032.06,15.1,12.84,62715.6
2026-09-25,Pagar Despesas / Férias e Lazer,45000.0,66,959.37,14.7,12.56,64110.42
2026-09-25,Pagar Despesas / Férias e Lazer,45000.0,72,900.87,14.4,12.4,65654.64
2026-09-25,Pagar Despesas / Férias e Lazer,45000.0,78,846.8,14.0,12.07,66842.4
2026-09-25,Pagar Despesas / Férias e Lazer,45000.0,84,779.73,12.6,10.95,66289.32
2026-09-25,Pagar Despesas / Férias e Lazer,50000.0,54,1240.24,15.3,12.97,67852.96
2026-09-25,Pagar Despesas / Férias e Lazer,50000.0,60,1146.73,15.1,12.84,69683.8
2026-09-25,Pagar Despesas / Férias e Lazer,50000.0,66,1065.97,14.7,12.56,71234.02
2026-09-25,Pagar Despesas / Férias e Lazer,50000.0,72,1000.97,14.4,12.4,72949.84
2026-09-25,Pagar Despesas / Férias e Lazer,50000.0,78,940.89,14.0,12.07,74269.42
2026-09-25,Pagar Despesas / Férias e Lazer,50000.0,84,866.36,12.6,10.95,73654.24
2026-09-25,Lar e Recheio,5000.0,24,236.62,15.3,12.05,5766.88
2026-09-25,Lar e Recheio,5000.0,30,195.79,15.3,12.37,5961.7
2026-09-25,Lar e Recheio,5000.0,36,168.68,15.3,12.58,6160.48
2026-09-25,Lar e Recheio,5000.0,42,149.4,15.3,12.73,6362.8
2026-09-25,Lar e Recheio,5000.0,48,135.05,15.3,12.85,6570.4
2026-09-25,Lar e Recheio,5000.0,54,124.03,15.3,12.97,6785.62
2026-09-25,Lar e Recheio,5000.0,60,115.24,15.3,13.05,7002.4
2026-09-25,Lar e Recheio,5000.0,66,108.09,15.3,13.11,7221.94
2026-09-25,Lar e Recheio,5000.0,72,102.17,15.3,13.15,7444.24
2026-09-25,Lar e Recheio,5000.0,78,97.25,15.3,13.2,7673.5
2026-09-25,Lar e Recheio,5000.0,84,93.04,15.3,13.23,7903.36
2026-09-25,Lar e Recheio,10000.0,24,473.23,15.3,12.05,11533.52
2026-09-25,Lar e Recheio,10000.0,30,391.58,15.3,12.37,11923.4
2026-09-25,Lar e Recheio,10000.0,36,337.35,15.3,12.58,12320.6
2026-09-25,Lar e Recheio,10000.0,42,298.8,15.3,12.73,12725.6
2026-09-25,Lar e Recheio,10000.0,48,270.09,15.3,12.85,13140.32
2026-09-25,Lar e Recheio,10000.0,54,248.05,15.3,12.97,13570.7
2026-09-25,Lar e Recheio,10000.0,60,229.35,15.1,12.84,13937.0
2026-09-25,Lar e Recheio,10000.0,66,213.2,14.7,12.56,14247.2
2026-09-25,Lar e Recheio,10000.0,72,200.2,14.4,12.4,14590.4
2026-09-25,Lar e Recheio,10000.0,78,188.18,14.0,12.07,14854.04
2026-09-25,Lar e Recheio,10000.0,84,174.21,12.8,11.12,14809.64
2026-09-25,Lar e Recheio,15000.0,24,709.84,15.3,12.05,17300.16
2026-09-25,Lar e Recheio,15000.0,30,587.37,15.3,12.37,17885.1
2026-09-25,Lar e Recheio,15000.0,36,506.02,15.3,12.58,18480.72
2026-09-25,Lar e Recheio,15000.0,42,448.19,15.3,12.73,19087.98
2026-09-25,Lar e Recheio,15000.0,48,405.13,15.3,12.85,19710.24
2026-09-25,Lar e Recheio,15000.0,54,372.08,15.3,12.97,20356.32
2026-09-25,Lar e Recheio,15000.0,60,344.02,15.1,12.84,20905.2
2026-09-25,Lar e Recheio,15000.0,66,319.79,14.7,12.56,21370.14
2026-09-25,Lar e Recheio,15000.0,72,300.29,14.4,12.4,21884.88
2026-09-25,Lar e Recheio,15000.0,78,282.27,14.0,12.07,22281.06
2026-09-25,Lar e Recheio,15000.0,84,259.91,12.6,10.95,22096.44
2026-09-25,Lar e Recheio,20000.0,24,946.45,15.3,12.05,23066.8
2026-09-25,Lar e Recheio,20000.0,30,783.15,15.3,12.37,23846.5
2026-09-25,Lar e Recheio,20000.0,36,674.69,15.3,12.58,24640.84
2026-09-25,Lar e Recheio,20000.0,42,597.59,15.3,12.73,25450.78
2026-09-25,Lar e Recheio,20000.0,48,540.18,15.3,12.85,26280.64
2026-09-25,Lar e Recheio,20000.0,54,496.1,15.3,12.97,27141.4
2026-09-25,Lar e Recheio,20000.0,60,458.69,15.1,12.84,27873.4
2026-09-25,Lar e Recheio,20000.0,66,426.39,14.7,12.56,28493.74
2026-09-25,Lar e Recheio,20000.0,72,400.39,14.4,12.4,29180.08
2026-09-25,Lar e Recheio,20000.0,78,376.36,14.0,12.07,29708.08
2026-09-25,Lar e Recheio,20000.0,84,346.55,12.6,10.95,29462.2
2026-09-25,Lar e Recheio,25000.0,24,1183.06,15.3,12.05,28833.44
2026-09-25,Lar e Recheio,25000.0,30,978.94,15.3,12.37,29808.2
2026-09-25,Lar e Recheio,25000.0,36,843.36,15.3,12.58,30800.96
2026-09-25,Lar e Recheio,25000.0,42,746.98,15.3,12.73,31813.16
2026-09-25,Lar e Recheio,25000.0,48,675.22,15.3,12.85,32850.56
2026-09-25,Lar e Recheio,25000.0,54,620.12,15.3,12.97,33926.48
2026-09-25,Lar e Recheio,25000.0,60,573.37,15.1,12.84,34842.2
2026-09-25,Lar e Recheio,25000.0,66,532.99,14.7,12.56,35617.34
2026-09-25,Lar e Recheio,25000.0,72,500.49,14.4,12.4,36475.28
2026-09-25,Lar e Recheio,25000.0,78,470.45,14.0,12.07,37135.1
2026-09-25,Lar e Recheio,25000.0,84,433.18,12.6,10.95,36827.12
2026-09-25,Lar e Recheio,30000.0,24,1419.67,15.3,12.05,34600.08
2026-09-25,Lar e Recheio,30000.0,30,1174.73,15.3,12.37,35769.9
2026-09-25,Lar e Recheio,30000.0,36,1012.03,15.3,12.58,36961.08
2026-09-25,Lar e Recheio,30000.0,42,896.38,15.3,12.73,38175.96
2026-09-25,Lar e Recheio,30000.0,48,810.26,15.3,12.85,39420.48
2026-09-25,Lar e Recheio,30000.0,54,744.15,15.3,12.97,40712.1
2026-09-25,Lar e Recheio,30000.0,60,688.04,15.1,12.84,41810.4
2026-09-25,Lar e Recheio,30000.0,66,639.58,14.7,12.56,42740.28
2026-09-25,Lar e Recheio,30000.0,72,600.58,14.4,12.4,43769.76
2026-09-25,Lar e Recheio,30000.0,78,564.54,14.0,12.07,44562.12
2026-09-25,Lar e Recheio,30000.0,84,519.82,12.6,10.95,44192.88
2026-09-25,Lar e Recheio,35000.0,24,1656.29,15.3,12.05,40366.96
2026-09-25,Lar e Recheio,35000.0,30,1370.51,15.3,12.37,41731.3
2026-09-25,Lar e Recheio,35000.0,36,1180.7,15.3,12.58,43121.2
2026-09-25,Lar e Recheio,35000.0,42,1045.78,15.3,12.73,44538.76
2026-09-25,Lar e Recheio,35000.0,48,945.3,15.3,12.85,45990.4
2026-09-25,Lar e Recheio,35000.0,54,868.17,15.3,12.97,47497.18
2026-09-25,Lar e Recheio,35000.0,60,802.71,15.1,12.84,48778.6
2026-09-25,Lar e Recheio,35000.0,66,746.18,14.7,12.56,49863.88
2026-09-25,Lar e Recheio,35000.0,72,700.68,14.4,12.4,51064.96
2026-09-25,Lar e Recheio,35000.0,78,658.62,14.0,12.07,51988.36
2026-09-25,Lar e Recheio,35000.0,84,606.45,12.6,10.95,51557.8
2026-09-25,Lar e Recheio,40000.0,24,1892.9,15.3,12.05,46133.6
2026-09-25,Lar e Recheio,40000.0,30,1566.3,15.3,12.37,47693.0
2026-09-25,Lar e Recheio,40000.0,36,1349.37,15.3,12.58,49281.32
2026-09-25,Lar e Recheio,40000.0,42,1195.17,15.3,12.73,50901.14
2026-09-25,Lar e Recheio,40000.0,48,1080.35,15.3,12.85,52560.8
2026-09-25,Lar e Recheio,40000.0,54,992.19,15.3,12.97,54282.26
2026-09-25,Lar e Recheio,40000.0,60,917.38,15.1,12.84,55746.8
2026-09-25,Lar e Recheio,40000.0,66,852.77,14.7,12.56,56986.82
2026-09-25,Lar e Recheio,40000.0,72,800.78,14.4,12.4,58360.16
2026-09-25,Lar e Recheio,40000.0,78,752.71,14.0,12.07,59415.38
2026-09-25,Lar e Recheio,40000.0,84,693.09,12.6,10.95,58923.56
2026-09-25,Lar e Recheio,45000.0,24,2129.51,15.3,12.05,51900.24
2026-09-25,Lar e Recheio,45000.0,30,1762.09,15.3,12.37,53654.7
2026-09-25,Lar e Recheio,45000.0,36,1518.04,15.3,12.58,55441.44
2026-09-25,Lar e Recheio,45000.0,42,1344.57,15.3,12.73,57263.94
2026-09-25,Lar e Recheio,45000.0,48,1215.39,15.3,12.85,59130.72
2026-09-25,Lar e Recheio,45000.0,54,1116.22,15.3,12.97,61067.88
2026-09-25,Lar e Recheio,45000.0,60,1032.06,15.1,12.84,62715.6
2026-09-25,Lar e Recheio,45000.0,66,959.37,14.7,12.56,64110.42
2026-09-25,Lar e Recheio,45000.0,72,900.87,14.4,12.4,65654.64
2026-09-25,Lar e Recheio,45000.0,78,846.8,14.0,12.07,66842.4
2026-09-25,Lar e Recheio,45000.0,84,779.73,12.6,10.95,66289.32
2026-09-25,Lar e Recheio,50000.0,24,2366.12,15.3,12.05,57666.88
2026-09-25,Lar e Recheio,50000.0,30,1957.87,15.3,12.37,59616.1
2026-09-25,Lar e Recheio,50000.0,36,1686.71,15.3,12.58,61601.56
2026-09-25,Lar e Recheio,50000.0,42,1493.96,15.3,12.73,63626.32
2026-09-25,Lar e Recheio,50000.0,48,1350.43,15.3,12.85,65700.64
2026-09-25,Lar e Recheio,50000.0,54,1240.24,15.3,12.97,67852.96
2026-09-25,Lar e Recheio,50000.0,60,1146.73,15.1,12.84,69683.8
2026-09-25,Lar e Recheio,50000.0,66,1065.97,14.7,12.56,71234.02
2026-09-25,Lar e Recheio,50000.0,72,1000.97,14.4,12.4,72949.84
2026-09-25,Lar e Recheio,50000.0,78,940.89,14.0,12.07,74269.42
2026-09-25,Lar e Recheio,50000.0,84,866.36,12.6,10.95,73654.24
2026-09-25,Formação,2500.0,24,111.72,8.9,6.55,2725.28
2026-09-25,Formação,2500.0,30,91.24,8.9,6.86,2781.2
2026-09-25,Formação,2500.0,36,77.61,8.9,7.08,2837.96
2026-09-25,Formação,2500.0,42,67.88,8.9,7.22,2894.96
2026-09-25,Formação,2500.0,48,60.61,8.9,7.34,2953.28
2026-09-25,Formação,2500.0,54,54.96,8.9,7.43,3011.84
2026-09-25,Formação,2500.0,60,50.46,8.9,7.5,3071.6
2026-09-25,Formação,2500.0,66,46.8,8.9,7.57,3132.8
2026-09-25,Formação,2500.0,72,43.73,8.9,7.61,3192.56
2026-09-25,Formação,5000.0,24,223.44,8.9,6.55,5450.56
2026-09-25,Formação,5000.0,30,182.47,8.9,6.86,5562.1
2026-09-25,Formação,5000.0,36,155.22,8.9,7.08,5675.92
2026-09-25,Formação,5000.0,42,135.75,8.9,7.22,5789.5
2026-09-25,Formação,5000.0,48,121.21,8.9,7.34,5906.08
2026-09-25,Formação,5000.0,54,109.92,8.9,7.43,6023.68
2026-09-25,Formação,5000.0,60,100.91,8.9,7.5,6142.6
2026-09-25,Formação,5000.0,66,93.59,8.9,7.57,6264.94
2026-09-25,Formação,5000.0,72,87.46,8.9,7.61,6385.12
2026-09-25,Formação,5000.0,78,82.31,8.9,7.65,6508.18
2026-09-25,Formação,5000.0,84,77.93,8.9,7.69,6634.12
2026-09-25,Formação,10000.0,24,446.88,8.9,6.55,10901.12
2026-09-25,Formação,10000.0,30,364.94,8.9,6.86,11124.2
2026-09-25,Formação,10000.0,36,310.44,8.9,7.08,11351.84
2026-09-25,Formação,10000.0,42,271.5,8.9,7.22,11579.0
2026-09-25,Formação,10000.0,48,242.42,8.9,7.34,11812.16
2026-09-25,Formação,10000.0,54,219.84,8.9,7.43,12047.36
2026-09-25,Formação,10000.0,60,201.81,8.9,7.5,12284.6
2026-09-25,Formação,10000.0,66,187.17,8.9,7.57,12529.22
2026-09-25,Formação,10000.0,72,174.92,8.9,7.61,12770.24
2026-09-25,Formação,10000.0,78,164.62,8.9,7.65,13016.36
2026-09-25,Formação,10000.0,84,155.86,8.9,7.69,13268.24
2026-09-25,Formação,10000.0,90,148.27,8.9,7.72,13520.3
2026-09-25,Formação,10000.0,96,141.68,8.9,7.75,13777.28
2026-09-25,Formação,10000.0,102,135.91,8.9,7.78,14038.82
2026-09-25,Formação,10000.0,108,130.77,8.9,7.8,14299.16
2026-09-25,Formação,10000.0,114,126.21,8.9,7.82,14563.94
2026-09-25,Formação,10000.0,120,122.09,8.9,7.83,14826.8
2026-09-25,Formação,15000.0,24,670.32,8.9,6.55,16351.68
2026-09-25,Formação,15000.0,30,547.4,8.9,6.86,16686.0
2026-09-25,Formação,15000.0,36,465.66,8.9,7.08,17027.76
2026-09-25,Formação,15000.0,42,407.24,8.9,7.22,17368.08
2026-09-25,Formação,15000.0,48,363.62,8.9,7.34,17717.76
2026-09-25,Formação,15000.0,54,329.76,8.9,7.43,18071.04
2026-09-25,Formação,15000.0,60,302.72,8.9,7.5,18427.2
2026-09-25,Formação,15000.0,66,280.76,8.9,7.57,18794.16
2026-09-25,Formação,15000.0,72,262.38,8.9,7.61,19155.36
2026-09-25,Formação,15000.0,78,246.93,8.9,7.65,19524.54
2026-09-25,Formação,15000.0,84,233.78,8.9,7.69,19901.52
2026-09-25,Formação,15000.0,90,222.4,8.9,7.72,20280.0
2026-09-25,Formação,15000.0,96,212.51,8.9,7.75,20664.96
2026-09-25,Formação,15000.0,102,203.86,8.9,7.78,21057.72
2026-09-25,Formação,15000.0,108,196.16,8.9,7.8,21449.28
2026-09-25,Formação,15000.0,114,189.32,8.9,7.82,21846.48
2026-09-25,Formação,15000.0,120,183.13,8.9,7.83,22239.6
2026-09-25,Formação,20000.0,24,893.75,8.9,6.55,21802.0
2026-09-25,Formação,20000.0,30,729.87,8.9,6.86,22248.1
2026-09-25,Formação,20000.0,36,620.87,8.9,7.08,22703.32
2026-09-25,Formação,20000.0,42,542.99,8.9,7.22,23157.58
2026-09-25,Formação,20000.0,48,484.83,8.9,7.34,23623.84
2026-09-25,Formação,20000.0,54,439.67,8.9,7.43,24094.18
2026-09-25,Formação,20000.0,60,403.62,8.9,7.5,24569.2
2026-09-25,Formação,20000.0,66,374.34,8.9,7.57,25058.44
2026-09-25,Formação,20000.0,72,349.83,8.9,7.61,25539.76
2026-09-25,Formação,20000.0,78,329.23,8.9,7.65,26031.94
2026-09-25,Formação,20000.0,84,311.71,8.9,7.69,26535.64
2026-09-25,Formação,20000.0,90,296.53,8.9,7.72,27039.7
2026-09-25,Formação,20000.0,96,283.35,8.9,7.75,27553.6
2026-09-25,Formação,20000.0,102,271.81,8.9,7.78,28076.62
2026-09-25,Formação,20000.0,108,261.54,8.9,7.8,28598.32
2026-09-25,Formação,20000.0,114,252.42,8.9,7.82,29127.88
2026-09-25,Formação,20000.0,120,244.18,8.9,7.83,29653.6
2026-09-25,Eficiência Energética,10000.0,84,155.91,8.9,7.7,13272.44
2026-09-25,Eficiência Energética,15000.0,54,329.9,8.9,7.45,18078.6
2026-09-25,Eficiência Energética,15000.0,60,302.72,8.9,7.5,18427.2
2026-09-25,Eficiência Energética,15000.0,66,280.61,8.9,7.55,18784.26
2026-09-25,Eficiência Energética,15000.0,72,262.3,8.9,7.6,19149.6
2026-09-25,Eficiência Energética,15000.0,78,246.93,8.9,7.65,19524.54
2026-09-25,Eficiência Energética,15000.0,84,233.86,8.9,7.7,19908.24
2026-09-25,Eficiência Energética,20000.0,54,439.87,8.9,7.45,24104.98
2026-09-25,Eficiência Energética,20000.0,60,403.62,8.9,7.5,24569.2
2026-09-25,Eficiência Energética,20000.0,66,374.14,8.9,7.55,25045.24
2026-09-25,Eficiência Energética,20000.0,72,349.73,8.9,7.6,25532.56
2026-09-25,Eficiência Energética,20000.0,78,329.23,8.9,7.65,26031.94
2026-09-25,Eficiência Energética,20000.0,84,311.81,8.9,7.7,26544.04
2026-09-25,Eficiência Energética,25000.0,54,549.83,8.9,7.45,30130.82
2026-09-25,Eficiência Energética,25000.0,60,504.53,8.9,7.5,30711.8
2026-09-25,Eficiência Energética,25000.0,66,467.67,8.9,7.55,31306.22
2026-09-25,Eficiência Energética,25000.0,72,437.17,8.9,7.6,31916.24
2026-09-25,Eficiência Energética,25000.0,78,411.54,8.9,7.65,32540.12
2026-09-25,Eficiência Energética,25000.0,84,389.76,8.9,7.7,33179.84
2026-09-25,Eficiência Energética,30000.0,54,659.8,8.9,7.45,36157.2
2026-09-25,Eficiência Energética,30000.0,60,605.43,8.9,7.5,36853.8
2026-09-25,Eficiência Energética,30000.0,66,561.21,8.9,7.55,37567.86
2026-09-25,Eficiência Energética,30000.0,72,524.6,8.9,7.6,38299.2
2026-09-25,Eficiência Energética,30000.0,78,493.85,8.9,7.65,39048.3
2026-09-25,Eficiência Energética,30000.0,84,467.71,8.9,7.7,39815.64
2026-09-25,Eficiência Energética,35000.0,54,769.77,8.9,7.45,42183.58
2026-09-25,Eficiência Energética,35000.0,60,706.33,8.9,7.5,42995.8
2026-09-25,Eficiência Energética,35000.0,66,654.74,8.9,7.55,43828.84
2026-09-25,Eficiência Energética,35000.0,72,612.03,8.9,7.6,44682.16
2026-09-25,Eficiência Energética,35000.0,78,576.16,8.9,7.65,45556.48
2026-09-25,Eficiência Energética,35000.0,84,545.66,8.9,7.7,46451.44
2026-09-25,Eficiência Energética,40000.0,54,879.73,8.9,7.45,48209.42
2026-09-25,Eficiência Energética,40000.0,60,807.24,8.9,7.5,49138.4
2026-09-25,Eficiência Energética,40000.0,66,748.27,8.9,7.55,50089.82
2026-09-25,Eficiência Energética,40000.0,72,699.46,8.9,7.6,51065.12
2026-09-25,Eficiência Energética,40000.0,78,658.46,8.9,7.65,52063.88
2026-09-25,Eficiência Energética,40000.0,84,623.61,8.9,7.7,53087.24
2026-09-25,Eficiência Energética,45000.0,54,989.7,8.9,7.45,54235.8
2026-09-25,Eficiência Energética,45000.0,60,908.14,8.9,7.5,55280.4
2026-09-25,Eficiência Energética,45000.0,66,841.81,8.9,7.55,56351.46
2026-09-25,Eficiência Energética,45000.0,72,786.89,8.9,7.6,57448.08
2026-09-25,Eficiência Energética,45000.0,78,740.77,8.9,7.65,58572.06
2026-09-25,Eficiência Energética,45000.0,84,701.56,8.9,7.7,59723.04
2026-09-25,Eficiência Energética,50000.0,54,1099.66,8.9,7.45,60261.64
2026-09-25,Eficiência Energética,50000.0,60,1009.05,8.9,7.5,61423.0
2026-09-25,Eficiência Energética,50000.0,66,935.34,8.9,7.55,62612.44
2026-09-25,Eficiência Energética,50000.0,72,874.33,8.9,7.6,63831.76
2026-09-25,Eficiência Energética,50000.0,78,823.08,8.9,7.65,65080.24
2026-09-25,Eficiência Energética,50000.0,84,779.52,8.9,7.7,66359.68
2026-09-25,Auto / Moto Novo,2500.0,24,113.38,10.5,7.95,2765.12
2026-09-25,Auto / Moto Novo,2500.0,30,92.95,10.5,8.3,2832.5
2026-09-25,Auto / Moto Novo,2500.0,36,79.26,10.5,8.45,2897.36
2026-09-25,Auto / Moto Novo,2500.0,42,69.55,10.5,8.6,2965.1
2026-09-25,Auto / Moto Novo,2500.0,48,62.34,10.5,8.75,3036.32
2026-09-25,Auto / Moto Novo,2500.0,54,56.66,10.5,8.8,3103.64
2026-09-25,Auto / Moto Novo,2500.0,60,52.21,10.5,8.9,3176.6
2026-09-25,Auto / Moto Novo,2500.0,66,48.61,10.5,9.0,3252.26
2026-09-25,Auto / Moto Novo,2500.0,72,45.52,10.5,9.0,3321.44
2026-09-25,Auto / Moto Novo,5000.0,24,226.75,10.5,7.95,5530.0
2026-09-25,Auto / Moto Novo,5000.0,30,185.9,10.5,8.3,5665.0
2026-09-25,Auto / Moto Novo,5000.0,36,158.51,10.5,8.45,5794.36
2026-09-25,Auto / Moto Novo,5000.0,42,139.1,10.5,8.6,5930.2
2026-09-25,Auto / Moto Novo,5000.0,48,124.67,10.5,8.75,6072.16
2026-09-25,Auto / Moto Novo,5000.0,54,113.32,10.5,8.8,6207.28
2026-09-25,Auto / Moto Novo,5000.0,60,104.42,10.5,8.9,6353.2
2026-09-25,Auto / Moto Novo,5000.0,66,97.22,10.5,9.0,6504.52
2026-09-25,Auto / Moto Novo,5000.0,72,91.03,10.5,9.0,6642.16
2026-09-25,Auto / Moto Novo,5000.0,78,86.08,10.5,9.1,6802.24
2026-09-25,Auto / Moto Novo,5000.0,84,81.63,10.5,9.1,6944.92
2026-09-25,Auto / Moto Novo,10000.0,24,453.5,10.5,7.95,11060.0
2026-09-25,Auto / Moto Novo,10000.0,30,371.79,10.5,8.3,11329.7
2026-09-25,Auto / Moto Novo,10000.0,36,317.02,10.5,8.45,11588.72
2026-09-25,Auto / Moto Novo,10000.0,42,278.19,10.5,8.6,11859.98
2026-09-25,Auto / Moto Novo,10000.0,48,249.33,10.5,8.75,12143.84
2026-09-25,Auto / Moto Novo,10000.0,54,226.63,10.5,8.8,12414.02
2026-09-25,Auto / Moto Novo,10000.0,60,208.83,10.5,8.9,12705.8
2026-09-25,Auto / Moto Novo,10000.0,66,194.43,10.5,9.0,13008.38
2026-09-25,Auto / Moto Novo,10000.0,72,182.05,10.5,9.0,13283.6
2026-09-25,Auto / Moto Novo,10000.0,78,172.15,10.5,9.1,13603.7
2026-09-25,Auto / Moto Novo,10000.0,84,163.26,10.5,9.1,13889.84
2026-09-25,Auto / Moto Novo,10000.0,90,155.6,10.5,9.1,14180.0
2026-09-25,Auto / Moto Novo,10000.0,96,149.2,10.5,9.15,14499.2
2026-09-25,Auto / Moto Novo,15000.0,24,680.25,10.5,7.95,16590.0
2026-09-25,Auto / Moto Novo,15000.0,30,557.68,10.5,8.3,16994.4
2026-09-25,Auto / Moto Novo,15000.0,36,475.52,10.5,8.45,17382.72
2026-09-25,Auto / Moto Novo,15000.0,42,417.28,10.5,8.6,17789.76
2026-09-25,Auto / Moto Novo,15000.0,48,373.99,10.5,8.75,18215.52
2026-09-25,Auto / Moto Novo,15000.0,54,339.94,10.5,8.8,18620.76
2026-09-25,Auto / Moto Novo,15000.0,60,313.25,10.5,8.9,19059.0
2026-09-25,Auto / Moto Novo,15000.0,66,291.64,10.5,9.0,19512.24
2026-09-25,Auto / Moto Novo,15000.0,72,273.08,10.5,9.0,19925.76
2026-09-25,Auto / Moto Novo,15000.0,78,258.22,10.5,9.1,20405.16
2026-09-25,Auto / Moto Novo,15000.0,84,244.89,10.5,9.1,20834.76
2026-09-25,Auto / Moto Novo,15000.0,90,233.39,10.5,9.1,21269.1
2026-09-25,Auto / Moto Novo,15000.0,96,223.79,10.5,9.15,21747.84
2026-09-25,Auto / Moto Novo,20000.0,24,907.0,10.5,7.95,22120.0
2026-09-25,Auto / Moto Novo,20000.0,30,743.58,10.5,8.3,22659.4
2026-09-25,Auto / Moto Novo,20000.0,36,634.03,10.5,8.45,23177.08
2026-09-25,Auto / Moto Novo,20000.0,42,556.37,10.5,8.6,23719.54
2026-09-25,Auto / Moto Novo,20000.0,48,498.66,10.5,8.75,24287.68
2026-09-25,Auto / Moto Novo,20000.0,54,453.25,10.5,8.8,24827.5
2026-09-25,Auto / Moto Novo,20000.0,60,417.66,10.5,8.9,25411.6
2026-09-25,Auto / Moto Novo,20000.0,66,388.85,10.5,9.0,26016.1
2026-09-25,Auto / Moto Novo,20000.0,72,364.1,10.5,9.0,26567.2
2026-09-25,Auto / Moto Novo,20000.0,78,344.3,10.5,9.1,27207.4
2026-09-25,Auto / Moto Novo,20000.0,84,326.52,10.5,9.1,27779.68
2026-09-25,Auto / Moto Novo,20000.0,90,311.19,10.5,9.1,28359.1
2026-09-25,Auto / Moto Novo,20000.0,96,298.39,10.5,9.15,28997.44
2026-09-25,Auto / Moto Novo,25000.0,24,1133.75,10.5,7.95,27650.0
2026-09-25,Auto / Moto Novo,25000.0,30,929.47,10.5,8.3,28324.1
2026-09-25,Auto / Moto Novo,25000.0,36,792.53,10.5,8.45,28971.08
2026-09-25,Auto / Moto Novo,25000.0,42,695.46,10.5,8.6,29649.32
2026-09-25,Auto / Moto Novo,25000.0,48,623.32,10.5,8.75,30359.36
2026-09-25,Auto / Moto Novo,25000.0,54,566.57,10.5,8.8,31034.78
2026-09-25,Auto / Moto Novo,25000.0,60,522.08,10.5,8.9,31764.8
2026-09-25,Auto / Moto Novo,25000.0,66,486.06,10.5,9.0,32519.96
2026-09-25,Auto / Moto Novo,25000.0,72,455.12,10.5,9.0,33208.64
2026-09-25,Auto / Moto Novo,25000.0,78,430.37,10.5,9.1,34008.86
2026-09-25,Auto / Moto Novo,25000.0,84,408.14,10.5,9.1,34723.76
2026-09-25,Auto / Moto Novo,25000.0,90,388.98,10.5,9.1,35448.2
2026-09-25,Auto / Moto Novo,25000.0,96,372.99,10.5,9.15,36247.04
2026-09-25,Auto / Moto Novo,30000.0,24,1360.49,10.5,7.95,33179.76
2026-09-25,Auto / Moto Novo,30000.0,30,1115.36,10.5,8.3,33988.8
2026-09-25,Auto / Moto Novo,30000.0,36,951.04,10.5,8.45,34765.44
2026-09-25,Auto / Moto Novo,30000.0,42,834.55,10.5,8.6,35579.1
2026-09-25,Auto / Moto Novo,30000.0,48,747.98,10.5,8.75,36431.04
2026-09-25,Auto / Moto Novo,30000.0,54,679.88,10.5,8.8,37241.52
2026-09-25,Auto / Moto Novo,30000.0,60,626.49,10.5,8.9,38117.4
2026-09-25,Auto / Moto Novo,30000.0,66,583.28,10.5,9.0,39024.48
2026-09-25,Auto / Moto Novo,30000.0,72,546.15,10.5,9.0,39850.8
2026-09-25,Auto / Moto Novo,30000.0,78,516.44,10.5,9.1,40810.32
2026-09-25,Auto / Moto Novo,30000.0,84,489.77,10.5,9.1,41668.68
2026-09-25,Auto / Moto Novo,30000.0,90,466.78,10.5,9.1,42538.2
2026-09-25,Auto / Moto Novo,30000.0,96,447.58,10.5,9.15,43495.68
2026-09-25,Auto / Moto Novo,35000.0,24,1587.24,10.5,7.95,38709.76
2026-09-25,Auto / Moto Novo,35000.0,30,1301.25,10.5,8.3,39653.5
2026-09-25,Auto / Moto Novo,35000.0,36,1109.55,10.5,8.45,40559.8
2026-09-25,Auto / Moto Novo,35000.0,42,973.64,10.5,8.6,41508.88
2026-09-25,Auto / Moto Novo,35000.0,48,872.64,10.5,8.75,42502.72
2026-09-25,Auto / Moto Novo,35000.0,54,793.19,10.5,8.8,43448.26
2026-09-25,Auto / Moto Novo,35000.0,60,730.9,10.5,8.9,44470.0
2026-09-25,Auto / Moto Novo,35000.0,66,680.49,10.5,9.0,45528.34
2026-09-25,Auto / Moto Novo,35000.0,72,637.17,10.5,9.0,46492.24
2026-09-25,Auto / Moto Novo,35000.0,78,602.51,10.5,9.1,47611.78
2026-09-25,Auto / Moto Novo,35000.0,84,571.4,10.5,9.1,48613.6
2026-09-25,Auto / Moto Novo,35000.0,90,544.57,10.5,9.1,49627.3
2026-09-25,Auto / Moto Novo,35000.0,96,522.18,10.5,9.15,50745.28
2026-09-25,Auto / Moto Novo,40000.0,24,1813.99,10.5,7.95,44239.76
2026-09-25,Auto / Moto Novo,40000.0,30,1487.15,10.5,8.3,45318.5
2026-09-25,Auto / Moto Novo,40000.0,36,1268.05,10.5,8.45,46353.8
2026-09-25,Auto / Moto Novo,40000.0,42,1112.73,10.5,8.6,47438.66
2026-09-25,Auto / Moto Novo,40000.0,48,997.31,10.5,8.75,48574.88
2026-09-25,Auto / Moto Novo,40000.0,54,906.5,10.5,8.8,49655.0
2026-09-25,Auto / Moto Novo,40000.0,60,835.32,10.5,8.9,50823.2
2026-09-25,Auto / Moto Novo,40000.0,66,777.7,10.5,9.0,52032.2
2026-09-25,Auto / Moto Novo,40000.0,72,728.19,10.5,9.0,53133.68
2026-09-25,Auto / Moto Novo,40000.0,78,688.59,10.5,9.1,54414.02
2026-09-25,Auto / Moto Novo,40000.0,84,653.03,10.5,9.1,55558.52
2026-09-25,Auto / Moto Novo,40000.0,90,622.37,10.5,9.1,56717.3
2026-09-25,Auto / Moto Novo,40000.0,96,596.78,10.5,9.15,57994.88
2026-09-25,Auto / Moto Novo,45000.0,24,2040.74,10.5,7.95,49769.76
2026-09-25,Auto / Moto Novo,45000.0,30,1673.04,10.5,8.3,50983.2
2026-09-25,Auto / Moto Novo,45000.0,36,1426.56,10.5,8.45,52148.16
2026-09-25,Auto / Moto Novo,45000.0,42,1251.82,10.5,8.6,53368.44
2026-09-25,Auto / Moto Novo,45000.0,48,1121.97,10.5,8.75,54646.56
2026-09-25,Auto / Moto Novo,45000.0,54,1019.81,10.5,8.8,55861.74
2026-09-25,Auto / Moto Novo,45000.0,60,939.73,10.5,8.9,57175.8
2026-09-25,Auto / Moto Novo,45000.0,66,874.91,10.5,9.0,58536.06
2026-09-25,Auto / Moto Novo,45000.0,72,819.22,10.5,9.0,59775.84
2026-09-25,Auto / Moto Novo,45000.0,78,774.66,10.5,9.1,61215.48
2026-09-25,Auto / Moto Novo,45000.0,84,734.65,10.5,9.1,62502.6
2026-09-25,Auto / Moto Novo,45000.0,90,700.16,10.5,9.1,63806.4
2026-09-25,Auto / Moto Novo,45000.0,96,671.37,10.5,9.15,65243.52
2026-09-25,Auto / Moto Novo,50000.0,24,2267.49,10.5,7.95,55299.76
2026-09-25,Auto / Moto Novo,50000.0,30,1858.93,10.5,8.3,56647.9
2026-09-25,Auto / Moto Novo,50000.0,36,1585.06,10.5,8.45,57942.16
2026-09-25,Auto / Moto Novo,50000.0,42,1390.92,10.5,8.6,59298.64
2026-09-25,Auto / Moto Novo,50000.0,48,1246.63,10.5,8.75,60718.24
2026-09-25,Auto / Moto Novo,50000.0,54,1133.13,10.5,8.8,62069.02
2026-09-25,Auto / Moto Novo,50000.0,60,1044.15,10.5,8.9,63529.0
2026-09-25,Auto / Moto Novo,50000.0,66,972.12,10.5,9.0,65039.92
2026-09-25,Auto / Moto Novo,50000.0,72,910.24,10.5,9.0,66417.28
2026-09-25,Auto / Moto Novo,50000.0,78,860.73,10.5,9.1,68016.94
2026-09-25,Auto / Moto Novo,50000.0,84,816.28,10.5,9.1,69447.52
2026-09-25,Auto / Moto Novo,50000.0,90,777.96,10.5,9.1,70896.4
2026-09-25,Auto / Moto Novo,50000.0,96,745.97,10.5,9.15,72493.12
2026-09-25,Auto / Moto Usado,1500.0,24,70.26,14.1,11.05,1712.64
2026-09-25,Auto / Moto Usado,1500.0,30,58.0,14.1,11.36,1766.4
2026-09-25,Auto / Moto Usado,1500.0,36,49.85,14.1,11.57,1821.0
2026-09-25,Auto / Moto Usado,1500.0,42,44.06,14.1,11.73,1876.92
2026-09-25,Auto / Moto Usado,1500.0,48,39.74,14.1,11.84,1933.92
2026-09-25,Auto / Moto Usado,1500.0,54,36.39,14.1,11.93,1991.46
2026-09-25,Auto / Moto Usado,1500.0,60,33.77,14.1,12.04,2052.6
2026-09-25,Auto / Moto Usado,1500.0,66,31.61,14.1,12.1,2112.66
2026-09-25,Auto / Moto Usado,1500.0,72,29.8,14.1,12.11,2172.0
2026-09-25,Auto / Moto Usado,1500.0,78,28.3,14.1,12.15,2233.8
2026-09-25,Auto / Moto Usado,1500.0,84,27.03,14.1,12.19,2296.92
2026-09-25,Auto / Moto Usado,5000.0,24,234.19,14.1,11.05,5708.56
2026-09-25,Auto / Moto Usado,5000.0,30,193.31,14.1,11.36,5887.3
2026-09-25,Auto / Moto Usado,5000.0,36,166.15,14.1,11.57,6069.4
2026-09-25,Auto / Moto Usado,5000.0,42,146.87,14.1,11.73,6256.54
2026-09-25,Auto / Moto Usado,5000.0,48,132.45,14.1,11.84,6445.6
2026-09-25,Auto / Moto Usado,5000.0,54,121.3,14.1,11.93,6638.2
2026-09-25,Auto / Moto Usado,5000.0,60,112.55,14.1,12.04,6841.0
2026-09-25,Auto / Moto Usado,5000.0,66,105.36,14.1,12.1,7041.76
2026-09-25,Auto / Moto Usado,5000.0,72,99.31,14.1,12.11,7238.32
2026-09-25,Auto / Moto Usado,5000.0,78,94.32,14.1,12.15,7444.96
2026-09-25,Auto / Moto Usado,5000.0,84,90.09,14.1,12.19,7655.56
2026-09-25,Auto / Moto Usado,10000.0,102,156.63,13.2,11.5,16152.26
2026-09-25,Auto / Moto Usado,10000.0,108,151.62,13.2,11.5,16550.96
2026-09-25,Auto / Moto Usado,10000.0,114,147.19,13.1,11.5,16955.66
2026-09-25,Auto / Moto Usado,10000.0,120,143.24,13.1,11.5,17364.8
2026-09-25,Auto / Moto Usado,15000.0,102,234.94,13.2,11.5,24227.88
2026-09-25,Auto / Moto Usado,15000.0,108,227.43,13.2,11.5,24826.44
2026-09-25,Auto / Moto Usado,15000.0,114,220.78,13.1,11.5,25432.92
2026-09-25,Auto / Moto Usado,15000.0,120,214.86,13.1,11.5,26047.2
2026-09-25,Auto / Moto Usado,20000.0,102,313.25,13.2,11.5,32303.5
2026-09-25,Auto / Moto Usado,20000.0,108,303.24,13.2,11.5,33101.92
2026-09-25,Auto / Moto Usado,20000.0,114,294.37,13.1,11.5,33910.18
2026-09-25,Auto / Moto Usado,20000.0,120,286.48,13.1,11.5,34729.6
2026-09-25,Auto / Moto Usado,25000.0,102,391.56,13.2,11.5,40379.12
2026-09-25,Auto / Moto Usado,25000.0,108,379.05,13.2,11.5,41377.4
2026-09-25,Auto / Moto Usado,25000.0,114,367.97,13.1,11.5,42388.58
2026-09-25,Auto / Moto Usado,25000.0,120,358.1,13.1,11.5,43412.0
2026-09-25,Auto / Moto Usado,30000.0,102,469.87,13.2,11.5,48454.74
2026-09-25,Auto / Moto Usado,30000.0,108,454.86,13.2,11.5,49652.88
2026-09-25,Auto / Moto Usado,30000.0,114,441.56,13.1,11.5,50865.84
2026-09-25,Auto / Moto Usado,30000.0,120,429.72,13.1,11.5,52094.4
2026-09-25,Auto / Moto Usado,35000.0,102,548.18,13.2,11.5,56530.36
2026-09-25,Auto / Moto Usado,35000.0,108,530.66,13.2,11.5,57927.28
2026-09-25,Auto / Moto Usado,35000.0,114,515.15,13.1,11.5,59343.1
2026-09-25,Auto / Moto Usado,35000.0,120,501.34,13.1,11.5,60776.8
2026-09-25,Auto / Moto Usado,40000.0,102,626.49,13.2,11.5,64605.98
2026-09-25,Auto / Moto Usado,40000.0,108,606.47,13.2,11.5,66202.76
2026-09-25,Auto / Moto Usado,40000.0,114,588.74,13.1,11.5,67820.36
2026-09-25,Auto / Moto Usado,40000.0,120,572.96,13.1,11.5,69459.2
2026-09-25,Auto / Moto Usado,45000.0,102,704.8,13.2,11.5,72681.6
2026-09-25,Auto / Moto Usado,45000.0,108,682.28,13.2,11.5,74478.24
2026-09-25,Auto / Moto Usado,45000.0,114,662.34,13.1,11.5,76298.76
2026-09-25,Auto / Moto Usado,45000.0,120,644.58,13.1,11.5,78141.6
2026-09-25,Auto / Moto Usado,50000.0,102,783.12,13.2,11.5,80758.24
2026-09-25,Auto / Moto Usado,50000.0,108,758.09,13.2,11.5,82753.72
2026-09-25,Auto / Moto Usado,50000.0,114,735.93,13.1,11.5,84776.02
2026-09-25,Auto / Moto Usado,50000.0,120,716.2,13.1,11.5,86824.0
2026-09-28,Pagar Despesas / Férias e Lazer,5000.0,54,124.03,15.3,12.97,6785.62
2026-09-28,Pagar Despesas / Férias e Lazer,5000.0,60,115.24,15.3,13.05,7002.4
2026-09-28,Pagar Despesas / Férias e Lazer,5000.0,66,108.09,15.3,13.11,7221.94
2026-09-28,Pagar Despesas / Férias e Lazer,5000.0,72,102.17,15.3,13.15,7444.24
2026-09-28,Pagar Despesas / Férias e Lazer,5000.0,78,97.25,15.3,13.2,7673.5
2026-09-28,Pagar Despesas / Férias e Lazer,5000.0,84,93.04,15.3,13.23,7903.36
2026-09-28,Pagar Despesas / Férias e Lazer,10000.0,54,248.05,15.3,12.97,13570.7
2026-09-28,Pagar Despesas / Férias e Lazer,10000.0,60,229.35,15.1,12.84,13937.0
2026-09-28,Pagar Despesas / Férias e Lazer,10000.0,66,213.2,14.7,12.56,14247.2
2026-09-28,Pagar Despesas / Férias e Lazer,10000.0,72,200.2,14.4,12.4,14590.4
2026-09-28,Pagar Despesas / Férias e Lazer,10000.0,78,188.18,14.0,12.07,14854.04
2026-09-28,Pagar Despesas / Férias e Lazer,10000.0,84,174.21,12.8,11.12,14809.64
2026-09-28,Pagar Despesas / Férias e Lazer,15000.0,54,372.08,15.3,12.97,20356.32
2026-09-28,Pagar Despesas / Férias e Lazer,15000.0,60,344.02,15.1,12.84,20905.2
2026-09-28,Pagar Despesas / Férias e Lazer,15000.0,66,319.79,14.7,12.56,21370.14
2026-09-28,Pagar Despesas / Férias e Lazer,15000.0,72,300.29,14.4,12.4,21884.88
2026-09-28,Pagar Despesas / Férias e Lazer,15000.0,78,282.27,14.0,12.07,22281.06
2026-09-28,Pagar Despesas / Férias e Lazer,15000.0,84,259.91,12.6,10.95,22096.44
2026-09-28,Pagar Despesas / Férias e Lazer,20000.0,54,496.1,15.3,12.97,27141.4
2026-09-28,Pagar Despesas / Férias e Lazer,20000.0,60,458.69,15.1,12.84,27873.4
2026-09-28,Pagar Despesas / Férias e Lazer,20000.0,66,426.39,14.7,12.56,28493.74
2026-09-28,Pagar Despesas / Férias e Lazer,20000.0,72,400.39,14.4,12.4,29180.08
2026-09-28,Pagar Despesas / Férias e Lazer,20000.0,78,376.36,14.0,12.07,29708.08
2026-09-28,Pagar Despesas / Férias e Lazer,20000.0,84,346.55,12.6,10.95,29462.2
2026-09-28,Pagar Despesas / Férias e Lazer,25000.0,54,620.12,15.3,12.97,33926.48
2026-09-28,Pagar Despesas / Férias e Lazer,25000.0,60,573.37,15.1,12.84,34842.2
2026-09-28,Pagar Despesas / Férias e Lazer,25000.0,66,532.99,14.7,12.56,35617.34
2026-09-28,Pagar Despesas / Férias e Lazer,25000.0,72,500.49,14.4,12.4,36475.28
2026-09-28,Pagar Despesas / Férias e Lazer,25000.0,78,470.45,14.0,12.07,37135.1
2026-09-28,Pagar Despesas / Férias e Lazer,25000.0,84,433.18,12.6,10.95,36827.12
2026-09-28,Pagar Despesas / Férias e Lazer,30000.0,54,744.15,15.3,12.97,40712.1
2026-09-28,Pagar Despesas / Férias e Lazer,30000.0,60,688.04,15.1,12.84,41810.4
2026-09-28,Pagar Despesas / Férias e Lazer,30000.0,66,639.58,14.7,12.56,42740.28
2026-09-28,Pagar Despesas / Férias e Lazer,30000.0,72,600.58,14.4,12.4,43769.76
2026-09-28,Pagar Despesas / Férias e Lazer,30000.0,78,564.54,14.0,12.07,44562.12
2026-09-28,Pagar Despesas / Férias e Lazer,30000.0,84,519.82,12.6,10.95,44192.88
2026-09-28,Pagar Despesas / Férias e Lazer,35000.0,54,868.17,15.3,12.97,47497.18
2026-09-28,Pagar Despesas / Férias e Lazer,35000.0,60,802.71,15.1,12.84,48778.6
2026-09-28,Pagar Despesas / Férias e Lazer,35000.0,66,746.18,14.7,12.56,49863.88
2026-09-28,Pagar Despesas / Férias e Lazer,35000.0,72,700.68,14.4,12.4,51064.96
2026-09-28,Pagar Despesas / Férias e Lazer,35000.0,78,658.62,14.0,12.07,51988.36
2026-09-28,Pagar Despesas / Férias e Lazer,35000.0,84,606.45,12.6,10.95,51557.8
2026-09-28,Pagar Despesas / Férias e Lazer,40000.0,54,992.19,15.3,12.97,54282.26
2026-09-28,Pagar Despesas / Férias e Lazer,40000.0,60,917.38,15.1,12.84,55746.8
2026-09-28,Pagar Despesas / Férias e Lazer,40000.0,66,852.77,14.7,12.56,56986.82
2026-09-28,Pagar Despesas / Férias e Lazer,40000.0,72,800.78,14.4,12.4,58360.16
2026-09-28,Pagar Despesas / Férias e Lazer,40000.0,78,752.71,14.0,12.07,59415.38
2026-09-28,Pagar Despesas / Férias e Lazer,40000.0,84,693.09,12.6,10.95,58923.56
2026-09-28,Pagar Despesas / Férias e Lazer,45000.0,54,1116.22,15.3,12.97,61067.88
2026-09-28,Pagar Despesas / Férias e Lazer,45000.0,60,1032.06,15.1,12.84,62715.6
2026-09-28,Pagar Despesas / Férias e Lazer,45000.0,66,959.37,14.7,12.56,64110.42
2026-09-28,Pagar Despesas / Férias e Lazer,45000.0,72,900.87,14.4,12.4,65654.64
2026-09-28,Pagar Despesas / Férias e Lazer,45000.0,78,846.8,14.0,12.07,66842.4
2026-09-28,Pagar Despesas / Férias e Lazer,45000.0,84,779.73,12.6,10.95,66289.32
2026-09-28,Pagar Despesas / Férias e Lazer,50000.0,54,1240.24,15.3,12.97,67852.96
2026-09-28,Pagar Despesas / Férias e Lazer,50000.0,60,1146.73,15.1,12.84,69683.8
2026-09-28,Pagar Despesas / Férias e Lazer,50000.0,66,1065.97,14.7,12.56,71234.02
2026-09-28,Pagar Despesas / Férias e Lazer,50000.0,72,1000.97,14.4,12.4,72949.84
2026-09-28,Pagar Despesas / Férias e Lazer,50000.0,78,940.89,14.0,12.07,74269.42
2026-09-28,Pagar Despesas / Férias e Lazer,50000.0,84,866.36,12.6,10.95,73654.24
2026-09-28,Lar e Recheio,5000.0,24,236.62,15.3,12.05,5766.88
2026-09-28,Lar e Recheio,5000.0,30,195.79,15.3,12.37,5961.7
2026-09-28,Lar e Recheio,5000.0,36,168.68,15.3,12.58,6160.48
2026-09-28,Lar e Recheio,5000.0,42,149.4,15.3,12.73,6362.8
2026-09-28,Lar e Recheio,5000.0,48,135.05,15.3,12.85,6570.4
2026-09-28,Lar e Recheio,5000.0,54,124.03,15.3,12.97,6785.62
2026-09-28,Lar e Recheio,5000.0,60,115.24,15.3,13.05,7002.4
2026-09-28,Lar e Recheio,5000.0,66,108.09,15.3,13.11,7221.94
2026-09-28,Lar e Recheio,5000.0,72,102.17,15.3,13.15,7444.24
2026-09-28,Lar e Recheio,5000.0,78,97.25,15.3,13.2,7673.5
2026-09-28,Lar e Recheio,5000.0,84,93.04,15.3,13.23,7903.36
2026-09-28,Lar e Recheio,10000.0,24,473.23,15.3,12.05,11533.52
2026-09-28,Lar e Recheio,10000.0,30,391.58,15.3,12.37,11923.4
2026-09-28,Lar e Recheio,10000.0,36,337.35,15.3,12.58,12320.6
2026-09-28,Lar e Recheio,10000.0,42,298.8,15.3,12.73,12725.6
2026-09-28,Lar e Recheio,10000.0,48,270.09,15.3,12.85,13140.32
2026-09-28,Lar e Recheio,10000.0,54,248.05,15.3,12.97,13570.7
2026-09-28,Lar e Recheio,10000.0,60,229.35,15.1,12.84,13937.0
2026-09-28,Lar e Recheio,10000.0,66,213.2,14.7,12.56,14247.2
2026-09-28,Lar e Recheio,10000.0,72,200.2,14.4,12.4,14590.4
2026-09-28,Lar e Recheio,10000.0,78,188.18,14.0,12.07,14854.04
2026-09-28,Lar e Recheio,10000.0,84,174.21,12.8,11.12,14809.64
2026-09-28,Lar e Recheio,15000.0,24,709.84,15.3,12.05,17300.16
2026-09-28,Lar e Recheio,15000.0,30,587.37,15.3,12.37,17885.1
2026-09-28,Lar e Recheio,15000.0,36,506.02,15.3,12.58,18480.72
2026-09-28,Lar e Recheio,15000.0,42,448.19,15.3,12.73,19087.98
2026-09-28,Lar e Recheio,15000.0,48,405.13,15.3,12.85,19710.24
2026-09-28,Lar e Recheio,15000.0,54,372.08,15.3,12.97,20356.32
2026-09-28,Lar e Recheio,15000.0,60,344.02,15.1,12.84,20905.2
2026-09-28,Lar e Recheio,15000.0,66,319.79,14.7,12.56,21370.14
2026-09-28,Lar e Recheio,15000.0,72,300.29,14.4,12.4,21884.88
2026-09-28,Lar e Recheio,15000.0,78,282.27,14.0,12.07,22281.06
2026-09-28,Lar e Recheio,15000.0,84,259.91,12.6,10.95,22096.44
2026-09-28,Lar e Recheio,20000.0,24,946.45,15.3,12.05,23066.8
2026-09-28,Lar e Recheio,20000.0,30,783.15,15.3,12.37,23846.5
2026-09-28,Lar e Recheio,20000.0,36,674.69,15.3,12.58,24640.84
2026-09-28,Lar e Recheio,20000.0,42,597.59,15.3,12.73,25450.78
2026-09-28,Lar e Recheio,20000.0,48,540.18,15.3,12.85,26280.64
2026-09-28,Lar e Recheio,20000.0,54,496.1,15.3,12.97,27141.4
2026-09-28,Lar e Recheio,20000.0,60,458.69,15.1,12.84,27873.4
2026-09-28,Lar e Recheio,20000.0,66,426.39,14.7,12.56,28493.74
2026-09-28,Lar e Recheio,20000.0,72,400.39,14.4,12.4,29180.08
2026-09-28,Lar e Recheio,20000.0,78,376.36,14.0,12.07,29708.08
2026-09-28,Lar e Recheio,20000.0,84,346.55,12.6,10.95,29462.2
2026-09-28,Lar e Recheio,25000.0,24,1183.06,15.3,12.05,28833.44
2026-09-28,Lar e Recheio,25000.0,30,978.94,15.3,12.37,29808.2
2026-09-28,Lar e Recheio,25000.0,36,843.36,15.3,12.58,30800.96
2026-09-28,Lar e Recheio,25000.0,42,746.98,15.3,12.73,31813.16
2026-09-28,Lar e Recheio,25000.0,48,675.22,15.3,12.85,32850.56
2026-09-28,Lar e Recheio,25000.0,54,620.12,15.3,12.97,33926.48
2026-09-28,Lar e Recheio,25000.0,60,573.37,15.1,12.84,34842.2
2026-09-28,Lar e Recheio,25000.0,66,532.99,14.7,12.56,35617.34
2026-09-28,Lar e Recheio,25000.0,72,500.49,14.4,12.4,36475.28
2026-09-28,Lar e Recheio,25000.0,78,470.45,14.0,12.07,37135.1
2026-09-28,Lar e Recheio,25000.0,84,433.18,12.6,10.95,36827.12
2026-09-28,Lar e Recheio,30000.0,24,1419.67,15.3,12.05,34600.08
2026-09-28,Lar e Recheio,30000.0,30,1174.73,15.3,12.37,35769.9
2026-09-28,Lar e Recheio,30000.0,36,1012.03,15.3,12.58,36961.08
2026-09-28,Lar e Recheio,30000.0,42,896.38,15.3,12.73,38175.96
2026-09-28,Lar e Recheio,30000.0,48,810.26,15.3,12.85,39420.48
2026-09-28,Lar e Recheio,30000.0,54,744.15,15.3,12.97,40712.1
2026-09-28,Lar e Recheio,30000.0,60,688.04,15.1,12.84,41810.4
2026-09-28,Lar e Recheio,30000.0,66,639.58,14.7,12.56,42740.28
2026-09-28,Lar e Recheio,30000.0,72,600.58,14.4,12.4,43769.76
2026-09-28,Lar e Recheio,30000.0,78,564.54,14.0,12.07,44562.12
2026-09-28,Lar e Recheio,30000.0,84,519.82,12.6,10.95,44192.88
2026-09-28,Lar e Recheio,35000.0,24,1656.29,15.3,12.05,40366.96
2026-09-28,Lar e Recheio,35000.0,30,1370.51,15.3,12.37,41731.3
2026-09-28,Lar e Recheio,35000.0,36,1180.7,15.3,12.58,43121.2
2026-09-28,Lar e Recheio,35000.0,42,1045.78,15.3,12.73,44538.76
2026-09-28,Lar e Recheio,35000.0,48,945.3,15.3,12.85,45990.4
2026-09-28,Lar e Recheio,35000.0,54,868.17,15.3,12.97,47497.18
2026-09-28,Lar e Recheio,35000.0,60,802.71,15.1,12.84,48778.6
2026-09-28,Lar e Recheio,35000.0,66,746.18,14.7,12.56,49863.88
2026-09-28,Lar e Recheio,35000.0,72,700.68,14.4,12.4,51064.96
2026-09-28,Lar e Recheio,35000.0,78,658.62,14.0,12.07,51988.36
2026-09-28,Lar e Recheio,35000.0,84,606.45,12.6,10.95,51557.8
2026-09-28,Lar e Recheio,40000.0,24,1892.9,15.3,12.05,46133.6
2026-09-28,Lar e Recheio,40000.0,30,1566.3,15.3,12.37,47693.0
2026-09-28,Lar e Recheio,40000.0,36,1349.37,15.3,12.58,49281.32
2026-09-28,Lar e Recheio,40000.0,42,1195.17,15.3,12.73,50901.14
2026-09-28,Lar e Recheio,40000.0,48,1080.35,15.3,12.85,52560.8
2026-09-28,Lar e Recheio,40000.0,54,992.19,15.3,12.97,54282.26
2026-09-28,Lar e Recheio,40000.0,60,917.38,15.1,12.84,55746.8
2026-09-28,Lar e Recheio,40000.0,66,852.77,14.7,12.56,56986.82
2026-09-28,Lar e Recheio,40000.0,72,800.78,14.4,12.4,58360.16
2026-09-28,Lar e Recheio,40000.0,78,752.71,14.0,12.07,59415.38
2026-09-28,Lar e Recheio,40000.0,84,693.09,12.6,10.95,58923.56
2026-09-28,Lar e Recheio,45000.0,24,2129.51,15.3,12.05,51900.24
2026-09-28,Lar e Recheio,45000.0,30,1762.09,15.3,12.37,53654.7
2026-09-28,Lar e Recheio,45000.0,36,1518.04,15.3,12.58,55441.44
2026-09-28,Lar e Recheio,45000.0,42,1344.57,15.3,12.73,57263.94
2026-09-28,Lar e Recheio,45000.0,48,1215.39,15.3,12.85,59130.72
2026-09-28,Lar e Recheio,45000.0,54,1116.22,15.3,12.97,61067.88
2026-09-28,Lar e Recheio,45000.0,60,1032.06,15.1,12.84,62715.6
2026-09-28,Lar e Recheio,45000.0,66,959.37,14.7,12.56,64110.42
2026-09-28,Lar e Recheio,45000.0,72,900.87,14.4,12.4,65654.64
2026-09-28,Lar e Recheio,45000.0,78,846.8,14.0,12.07,66842.4
2026-09-28,Lar e Recheio,45000.0,84,779.73,12.6,10.95,66289.32
2026-09-28,Lar e Recheio,50000.0,24,2366.12,15.3,12.05,57666.88
2026-09-28,Lar e Recheio,50000.0,30,1957.87,15.3,12.37,59616.1
2026-09-28,Lar e Recheio,50000.0,36,1686.71,15.3,12.58,61601.56
2026-09-28,Lar e Recheio,50000.0,42,1493.96,15.3,12.73,63626.32
2026-09-28,Lar e Recheio,50000.0,48,1350.43,15.3,12.85,65700.64
2026-09-28,Lar e Recheio,50000.0,54,1240.24,15.3,12.97,67852.96
2026-09-28,Lar e Recheio,50000.0,60,1146.73,15.1,12.84,69683.8
2026-09-28,Lar e Recheio,50000.0,66,1065.97,14.7,12.56,71234.02
2026-09-28,Lar e Recheio,50000.0,72,1000.97,14.4,12.4,72949.84
2026-09-28,Lar e Recheio,50000.0,78,940.89,14.0,12.07,74269.42
2026-09-28,Lar e Recheio,50000.0,84,866.36,12.6,10.95,73654.24
2026-09-28,Formação,2500.0,24,111.72,8.9,6.55,2725.28
2026-09-28,Formação,2500.0,30,91.24,8.9,6.86,2781.2
2026-09-28,Formação,2500.0,36,77.61,8.9,7.08,2837.96
2026-09-28,Formação,2500.0,42,67.88,8.9,7.22,2894.96
2026-09-28,Formação,2500.0,48,60.61,8.9,7.34,2953.28
2026-09-28,Formação,2500.0,54,54.96,8.9,7.43,3011.84
2026-09-28,Formação,2500.0,60,50.46,8.9,7.5,3071.6
2026-09-28,Formação,2500.0,66,46.8,8.9,7.57,3132.8
2026-09-28,Formação,2500.0,72,43.73,8.9,7.61,3192.56
2026-09-28,Formação,5000.0,24,223.44,8.9,6.55,5450.56
2026-09-28,Formação,5000.0,30,182.47,8.9,6.86,5562.1
2026-09-28,Formação,5000.0,36,155.22,8.9,7.08,5675.92
2026-09-28,Formação,5000.0,42,135.75,8.9,7.22,5789.5
2026-09-28,Formação,5000.0,48,121.21,8.9,7.34,5906.08
2026-09-28,Formação,5000.0,54,109.92,8.9,7.43,6023.68
2026-09-28,Formação,5000.0,60,100.91,8.9,7.5,6142.6
2026-09-28,Formação,5000.0,66,93.59,8.9,7.57,6264.94
2026-09-28,Formação,5000.0,72,87.46,8.9,7.61,6385.12
2026-09-28,Formação,5000.0,78,82.31,8.9,7.65,6508.18
2026-09-28,Formação,5000.0,84,77.93,8.9,7.69,6634.12
2026-09-28,Formação,10000.0,24,446.88,8.9,6.55,10901.12
2026-09-28,Formação,10000.0,30,364.94,8.9,6.86,11124.2
2026-09-28,Formação,10000.0,36,310.44,8.9,7.08,11351.84
2026-09-28,Formação,10000.0,42,271.5,8.9,7.22,11579.0
2026-09-28,Formação,10000.0,48,242.42,8.9,7.34,11812.16
2026-09-28,Formação,10000.0,54,219.84,8.9,7.43,12047.36
2026-09-28,Formação,10000.0,60,201.81,8.9,7.5,12284.6
2026-09-28,Formação,10000.0,66,187.17,8.9,7.57,12529.22
2026-09-28,Formação,10000.0,72,174.92,8.9,7.61,12770.24
2026-09-28,Formação,10000.0,78,164.62,8.9,7.65,13016.36
2026-09-28,Formação,10000.0,84,155.86,8.9,7.69,13268.24
2026-09-28,Formação,10000.0,90,148.27,8.9,7.72,13520.3
2026-09-28,Formação,10000.0,96,141.68,8.9,7.75,13777.28
2026-09-28,Formação,10000.0,102,135.91,8.9,7.78,14038.82
2026-09-28,Formação,10000.0,108,130.77,8.9,7.8,14299.16
2026-09-28,Formação,10000.0,114,126.21,8.9,7.82,14563.94
2026-09-28,Formação,10000.0,120,122.09,8.9,7.83,14826.8
2026-09-28,Formação,15000.0,24,670.32,8.9,6.55,16351.68
2026-09-28,Formação,15000.0,30,547.4,8.9,6.86,16686.0
2026-09-28,Formação,15000.0,36,465.66,8.9,7.08,17027.76
2026-09-28,Formação,15000.0,42,407.24,8.9,7.22,17368.08
2026-09-28,Formação,15000.0,48,363.62,8.9,7.34,17717.76
2026-09-28,Formação,15000.0,54,329.76,8.9,7.43,18071.04
2026-09-28,Formação,15000.0,60,302.72,8.9,7.5,18427.2
2026-09-28,Formação,15000.0,66,280.76,8.9,7.57,18794.16
2026-09-28,Formação,15000.0,72,262.38,8.9,7.61,19155.36
2026-09-28,Formação,15000.0,78,246.93,8.9,7.65,19524.54
2026-09-28,Formação,15000.0,84,233.78,8.9,7.69,19901.52
2026-09-28,Formação,15000.0,90,222.4,8.9,7.72,20280.0
2026-09-28,Formação,15000.0,96,212.51,8.9,7.75,20664.96
2026-09-28,Formação,15000.0,102,203.86,8.9,7.78,21057.72
2026-09-28,Formação,15000.0,108,196.16,8.9,7.8,21449.28
2026-09-28,Formação,15000.0,114,189.32,8.9,7.82,21846.48
2026-09-28,Formação,15000.0,120,183.13,8.9,7.83,22239.6
2026-09-28,Formação,20000.0,24,893.75,8.9,6.55,21802.0
2026-09-28,Formação,20000.0,30,729.87,8.9,6.86,22248.1
2026-09-28,Formação,20000.0,36,620.87,8.9,7.08,22703.32
2026-09-28,Formação,20000.0,42,542.99,8.9,7.22,23157.58
2026-09-28,Formação,20000.0,48,484.83,8.9,7.34,23623.84
2026-09-28,Formação,20000.0,54,439.67,8.9,7.43,24094.18
2026-09-28,Formação,20000.0,60,403.62,8.9,7.5,24569.2
2026-09-28,Formação,20000.0,66,374.34,8.9,7.57,25058.44
2026-09-28,Formação,20000.0,72,349.83,8.9,7.61,25539.76
2026-09-28,Formação,20000.0,78,329.23,8.9,7.65,26031.94
2026-09-28,Formação,20000.0,84,311.71,8.9,7.69,26535.64
2026-09-28,Formação,20000.0,90,296.53,8.9,7.72,27039.7
2026-09-28,Formação,20000.0,96,283.35,8.9,7.75,27553.6
2026-09-28,Formação,20000.0,102,271.81,8.9,7.78,28076.62
2026-09-28,Formação,20000.0,108,261.54,8.9,7.8,28598.32
2026-09-28,Formação,20000.0,114,252.42,8.9,7.82,29127.88
2026-09-28,Formação,20000.0,120,244.18,8.9,7.83,29653.6
2026-09-28,Eficiência Energética,10000.0,84,155.91,8.9,7.7,13272.44
2026-09-28,Eficiência Energética,15000.0,54,329.9,8.9,7.45,18078.6
2026-09-28,Eficiência Energética,15000.0,60,302.72,8.9,7.5,18427.2
2026-09-28,Eficiência Energética,15000.0,66,280.61,8.9,7.55,18784.26
2026-09-28,Eficiência Energética,15000.0,72,262.3,8.9,7.6,19149.6
2026-09-28,Eficiência Energética,15000.0,78,246.93,8.9,7.65,19524.54
2026-09-28,Eficiência Energética,15000.0,84,233.86,8.9,7.7,19908.24
2026-09-28,Eficiência Energética,20000.0,54,439.87,8.9,7.45,24104.98
2026-09-28,Eficiência Energética,20000.0,60,403.62,8.9,7.5,24569.2
2026-09-28,Eficiência Energética,20000.0,66,374.14,8.9,7.55,25045.24
2026-09-28,Eficiência Energética,20000.0,72,349.73,8.9,7.6,25532.56
2026-09-28,Eficiência Energética,20000.0,78,329.23,8.9,7.65,26031.94
2026-09-28,Eficiência Energética,20000.0,84,311.81,8.9,7.7,26544.04
2026-09-28,Eficiência Energética,25000.0,54,549.83,8.9,7.45,30130.82
2026-09-28,Eficiência Energética,25000.0,60,504.53,8.9,7.5,30711.8
2026-09-28,Eficiência Energética,25000.0,66,467.67,8.9,7.55,31306.22
2026-09-28,Eficiência Energética,25000.0,72,437.17,8.9,7.6,31916.24
2026-09-28,Eficiência Energética,25000.0,78,411.54,8.9,7.65,32540.12
2026-09-28,Eficiência Energética,25000.0,84,389.76,8.9,7.7,33179.84
2026-09-28,Eficiência Energética,30000.0,54,659.8,8.9,7.45,36157.2
2026-09-28,Eficiência Energética,30000.0,60,605.43,8.9,7.5,36853.8
2026-09-28,Eficiência Energética,30000.0,66,561.21,8.9,7.55,37567.86
2026-09-28,Eficiência Energética,30000.0,72,524.6,8.9,7.6,38299.2
2026-09-28,Eficiência Energética,30000.0,78,493.85,8.9,7.65,39048.3
2026-09-28,Eficiência Energética,30000.0,84,467.71,8.9,7.7,39815.64
2026-09-28,Eficiência Energética,35000.0,54,769.77,8.9,7.45,42183.58
2026-09-28,Eficiência Energética,35000.0,60,706.33,8.9,7.5,42995.8
2026-09-28,Eficiência Energética,35000.0,66,654.74,8.9,7.55,43828.84
2026-09-28,Eficiência Energética,35000.0,72,612.03,8.9,7.6,44682.16
2026-09-28,Eficiência Energética,35000.0,78,576.16,8.9,7.65,45556.48
2026-09-28,Eficiência Energética,35000.0,84,545.66,8.9,7.7,46451.44
2026-09-28,Eficiência Energética,40000.0,54,879.73,8.9,7.45,48209.42
2026-09-28,Eficiência Energética,40000.0,60,807.24,8.9,7.5,49138.4
2026-09-28,Eficiência Energética,40000.0,66,748.27,8.9,7.55,50089.82
2026-09-28,Eficiência Energética,40000.0,72,699.46,8.9,7.6,51065.12
2026-09-28,Eficiência Energética,40000.0,78,658.46,8.9,7.65,52063.88
2026-09-28,Eficiência Energética,40000.0,84,623.61,8.9,7.7,53087.24
2026-09-28,Eficiência Energética,45000.0,54,989.7,8.9,7.45,54235.8
2026-09-28,Eficiência Energética,45000.0,60,908.14,8.9,7.5,55280.4
2026-09-28,Eficiência Energética,45000.0,66,841.81,8.9,7.55,56351.46
2026-09-28,Eficiência Energética,45000.0,72,786.89,8.9,7.6,57448.08
2026-09-28,Eficiência Energética,45000.0,78,740.77,8.9,7.65,58572.06
2026-09-28,Eficiência Energética,45000.0,84,701.56,8.9,7.7,59723.04
2026-09-28,Eficiência Energética,50000.0,54,1099.66,8.9,7.45,60261.64
2026-09-28,Eficiência Energética,50000.0,60,1009.05,8.9,7.5,61423.0
2026-09-28,Eficiência Energética,50000.0,66,935.34,8.9,7.55,62612.44
2026-09-28,Eficiência Energética,50000.0,72,874.33,8.9,7.6,63831.76
2026-09-28,Eficiência Energética,50000.0,78,823.08,8.9,7.65,65080.24
2026-09-28,Eficiência Energética,50000.0,84,779.52,8.9,7.7,66359.68
2026-09-28,Auto / Moto Novo,2500.0,24,113.38,10.5,7.95,2765.12
2026-09-28,Auto / Moto Novo,2500.0,30,92.95,10.5,8.3,2832.5
2026-09-28,Auto / Moto Novo,2500.0,36,79.26,10.5,8.45,2897.36
2026-09-28,Auto / Moto Novo,2500.0,42,69.55,10.5,8.6,2965.1
2026-09-28,Auto / Moto Novo,2500.0,48,62.34,10.5,8.75,3036.32
2026-09-28,Auto / Moto Novo,2500.0,54,56.66,10.5,8.8,3103.64
2026-09-28,Auto / Moto Novo,2500.0,60,52.21,10.5,8.9,3176.6
2026-09-28,Auto / Moto Novo,2500.0,66,48.61,10.5,9.0,3252.26
2026-09-28,Auto / Moto Novo,2500.0,72,45.52,10.5,9.0,3321.44
2026-09-28,Auto / Moto Novo,5000.0,24,226.75,10.5,7.95,5530.0
2026-09-28,Auto / Moto Novo,5000.0,30,185.9,10.5,8.3,5665.0
2026-09-28,Auto / Moto Novo,5000.0,36,158.51,10.5,8.45,5794.36
2026-09-28,Auto / Moto Novo,5000.0,42,139.1,10.5,8.6,5930.2
2026-09-28,Auto / Moto Novo,5000.0,48,124.67,10.5,8.75,6072.16
2026-09-28,Auto / Moto Novo,5000.0,54,113.32,10.5,8.8,6207.28
2026-09-28,Auto / Moto Novo,5000.0,60,104.42,10.5,8.9,6353.2
2026-09-28,Auto / Moto Novo,5000.0,66,97.22,10.5,9.0,6504.52
2026-09-28,Auto / Moto Novo,5000.0,72,91.03,10.5,9.0,6642.16
2026-09-28,Auto / Moto Novo,5000.0,78,86.08,10.5,9.1,6802.24
2026-09-28,Auto / Moto Novo,5000.0,84,81.63,10.5,9.1,6944.92
2026-09-28,Auto / Moto Novo,10000.0,24,453.5,10.5,7.95,11060.0
2026-09-28,Auto / Moto Novo,10000.0,30,371.79,10.5,8.3,11329.7
2026-09-28,Auto / Moto Novo,10000.0,36,317.02,10.5,8.45,11588.72
2026-09-28,Auto / Moto Novo,10000.0,42,278.19,10.5,8.6,11859.98
2026-09-28,Auto / Moto Novo,10000.0,48,249.33,10.5,8.75,12143.84
2026-09-28,Auto / Moto Novo,10000.0,54,226.63,10.5,8.8,12414.02
2026-09-28,Auto / Moto Novo,10000.0,60,208.83,10.5,8.9,12705.8
2026-09-28,Auto / Moto Novo,10000.0,66,194.43,10.5,9.0,13008.38
2026-09-28,Auto / Moto Novo,10000.0,72,182.05,10.5,9.0,13283.6
2026-09-28,Auto / Moto Novo,10000.0,78,172.15,10.5,9.1,13603.7
2026-09-28,Auto / Moto Novo,10000.0,84,163.26,10.5,9.1,13889.84
2026-09-28,Auto / Moto Novo,10000.0,90,155.6,10.5,9.1,14180.0
2026-09-28,Auto / Moto Novo,10000.0,96,149.2,10.5,9.15,14499.2
2026-09-28,Auto / Moto Novo,15000.0,24,680.25,10.5,7.95,16590.0
2026-09-28,Auto / Moto Novo,15000.0,30,557.68,10.5,8.3,16994.4
2026-09-28,Auto / Moto Novo,15000.0,36,475.52,10.5,8.45,17382.72
2026-09-28,Auto / Moto Novo,15000.0,42,417.28,10.5,8.6,17789.76
2026-09-28,Auto / Moto Novo,15000.0,48,373.99,10.5,8.75,18215.52
2026-09-28,Auto / Moto Novo,15000.0,54,339.94,10.5,8.8,18620.76
2026-09-28,Auto / Moto Novo,15000.0,60,313.25,10.5,8.9,19059.0
2026-09-28,Auto / Moto Novo,15000.0,66,291.64,10.5,9.0,19512.24
2026-09-28,Auto / Moto Novo,15000.0,72,273.08,10.5,9.0,19925.76
2026-09-28,Auto / Moto Novo,15000.0,78,258.22,10.5,9.1,20405.16
2026-09-28,Auto / Moto Novo,15000.0,84,244.89,10.5,9.1,20834.76
2026-09-28,Auto / Moto Novo,15000.0,90,233.39,10.5,9.1,21269.1
2026-09-28,Auto / Moto Novo,15000.0,96,223.79,10.5,9.15,21747.84
2026-09-28,Auto / Moto Novo,20000.0,24,907.0,10.5,7.95,22120.0
2026-09-28,Auto / Moto Novo,20000.0,30,743.58,10.5,8.3,22659.4
2026-09-28,Auto / Moto Novo,20000.0,36,634.03,10.5,8.45,23177.08
2026-09-28,Auto / Moto Novo,20000.0,42,556.37,10.5,8.6,23719.54
2026-09-28,Auto / Moto Novo,20000.0,48,498.66,10.5,8.75,24287.68
2026-09-28,Auto / Moto Novo,20000.0,54,453.25,10.5,8.8,24827.5
2026-09-28,Auto / Moto Novo,20000.0,60,417.66,10.5,8.9,25411.6
2026-09-28,Auto / Moto Novo,20000.0,66,388.85,10.5,9.0,26016.1
2026-09-28,Auto / Moto Novo,20000.0,72,364.1,10.5,9.0,26567.2
2026-09-28,Auto / Moto Novo,20000.0,78,344.3,10.5,9.1,27207.4
2026-09-28,Auto / Moto Novo,20000.0,84,326.52,10.5,9.1,27779.68
2026-09-28,Auto / Moto Novo,20000.0,90,311.19,10.5,9.1,28359.1
2026-09-28,Auto / Moto Novo,20000.0,96,298.39,10.5,9.15,28997.44
2026-09-28,Auto / Moto Novo,25000.0,24,1133.75,10.5,7.95,27650.0
2026-09-28,Auto / Moto Novo,25000.0,30,929.47,10.5,8.3,28324.1
2026-09-28,Auto / Moto Novo,25000.0,36,792.53,10.5,8.45,28971.08
2026-09-28,Auto / Moto Novo,25000.0,42,695.46,10.5,8.6,29649.32
2026-09-28,Auto / Moto Novo,25000.0,48,623.32,10.5,8.75,30359.36
2026-09-28,Auto / Moto Novo,25000.0,54,566.57,10.5,8.8,31034.78
2026-09-28,Auto / Moto Novo,25000.0,60,522.08,10.5,8.9,31764.8
2026-09-28,Auto / Moto Novo,25000.0,66,486.06,10.5,9.0,32519.96
2026-09-28,Auto / Moto Novo,25000.0,72,455.12,10.5,9.0,33208.64
2026-09-28,Auto / Moto Novo,25000.0,78,430.37,10.5,9.1,34008.86
2026-09-28,Auto / Moto Novo,25000.0,84,408.14,10.5,9.1,34723.76
2026-09-28,Auto / Moto Novo,25000.0,90,388.98,10.5,9.1,35448.2
2026-09-28,Auto / Moto Novo,25000.0,96,372.99,10.5,9.15,36247.04
2026-09-28,Auto / Moto Novo,30000.0,24,1360.49,10.5,7.95,33179.76
2026-09-28,Auto / Moto Novo,30000.0,30,1115.36,10.5,8.3,33988.8
2026-09-28,Auto / Moto Novo,30000.0,36,951.04,10.5,8.45,34765.44
2026-09-28,Auto / Moto Novo,30000.0,42,834.55,10.5,8.6,35579.1
2026-09-28,Auto / Moto Novo,30000.0,48,747.98,10.5,8.75,36431.04
2026-09-28,Auto / Moto Novo,30000.0,54,679.88,10.5,8.8,37241.52
2026-09-28,Auto / Moto Novo,30000.0,60,626.49,10.5,8.9,38117.4
2026-09-28,Auto / Moto Novo,30000.0,66,583.28,10.5,9.0,39024.48
2026-09-28,Auto / Moto Novo,30000.0,72,546.15,10.5,9.0,39850.8
2026-09-28,Auto / Moto Novo,30000.0,78,516.44,10.5,9.1,40810.32
2026-09-28,Auto / Moto Novo,30000.0,84,489.77,10.5,9.1,41668.68
2026-09-28,Auto / Moto Novo,30000.0,90,466.78,10.5,9.1,42538.2
2026-09-28,Auto / Moto Novo,30000.0,96,447.58,10.5,9.15,43495.68
2026-09-28,Auto / Moto Novo,35000.0,24,1587.24,10.5,7.95,38709.76
2026-09-28,Auto / Moto Novo,35000.0,30,1301.25,10.5,8.3,39653.5
2026-09-28,Auto / Moto Novo,35000.0,36,1109.55,10.5,8.45,40559.8
2026-09-28,Auto / Moto Novo,35000.0,42,973.64,10.5,8.6,41508.88
2026-09-28,Auto / Moto Novo,35000.0,48,872.64,10.5,8.75,42502.72
2026-09-28,Auto / Moto Novo,35000.0,54,793.19,10.5,8.8,43448.26
2026-09-28,Auto / Moto Novo,35000.0,60,730.9,10.5,8.9,44470.0
2026-09-28,Auto / Moto Novo,35000.0,66,680.49,10.5,9.0,45528.34
2026-09-28,Auto / Moto Novo,35000.0,72,637.17,10.5,9.0,46492.24
2026-09-28,Auto / Moto Novo,35000.0,78,602.51,10.5,9.1,47611.78
2026-09-28,Auto / Moto Novo,35000.0,84,571.4,10.5,9.1,48613.6
2026-09-28,Auto / Moto Novo,35000.0,90,544.57,10.5,9.1,49627.3
2026-09-28,Auto / Moto Novo,35000.0,96,522.18,10.5,9.15,50745.28
2026-09-28,Auto / Moto Novo,40000.0,24,1813.99,10.5,7.95,44239.76
2026-09-28,Auto / Moto Novo,40000.0,30,1487.15,10.5,8.3,45318.5
2026-09-28,Auto / Moto Novo,40000.0,36,1268.05,10.5,8.45,46353.8
2026-09-28,Auto / Moto Novo,40000.0,42,1112.73,10.5,8.6,47438.66
2026-09-28,Auto / Moto Novo,40000.0,48,997.31,10.5,8.75,48574.88
2026-09-28,Auto / Moto Novo,40000.0,54,906.5,10.5,8.8,49655.0
2026-09-28,Auto / Moto Novo,40000.0,60,835.32,10.5,8.9,50823.2
2026-09-28,Auto / Moto Novo,40000.0,66,777.7,10.5,9.0,52032.2
2026-09-28,Auto / Moto Novo,40000.0,72,728.19,10.5,9.0,53133.68
2026-09-28,Auto / Moto Novo,40000.0,78,688.59,10.5,9.1,54414.02
2026-09-28,Auto / Moto Novo,40000.0,84,653.03,10.5,9.1,55558.52
2026-09-28,Auto / Moto Novo,40000.0,90,622.37,10.5,9.1,56717.3
2026-09-28,Auto / Moto Novo,40000.0,96,596.78,10.5,9.15,57994.88
2026-09-28,Auto / Moto Novo,45000.0,24,2040.74,10.5,7.95,49769.76
2026-09-28,Auto / Moto Novo,45000.0,30,1673.04,10.5,8.3,50983.2
2026-09-28,Auto / Moto Novo,45000.0,36,1426.56,10.5,8.45,52148.16
2026-09-28,Auto / Moto Novo,45000.0,42,1251.82,10.5,8.6,53368.44
2026-09-28,Auto / Moto Novo,45000.0,48,1121.97,10.5,8.75,54646.56
2026-09-28,Auto / Moto Novo,45000.0,54,1019.81,10.5,8.8,55861.74
2026-09-28,Auto / Moto Novo,45000.0,60,939.73,10.5,8.9,57175.8
2026-09-28,Auto / Moto Novo,45000.0,66,874.91,10.5,9.0,58536.06
2026-09-28,Auto / Moto Novo,45000.0,72,819.22,10.5,9.0,59775.84
2026-09-28,Auto / Moto Novo,45000.0,78,774.66,10.5,9.1,61215.48
2026-09-28,Auto / Moto Novo,45000.0,84,734.65,10.5,9.1,62502.6
2026-09-28,Auto / Moto Novo,45000.0,90,700.16,10.5,9.1,63806.4
2026-09-28,Auto / Moto Novo,45000.0,96,671.37,10.5,9.15,65243.52
2026-09-28,Auto / Moto Novo,50000.0,24,2267.49,10.5,7.95,55299.76
2026-09-28,Auto / Moto Novo,50000.0,30,1858.93,10.5,8.3,56647.9
2026-09-28,Auto / Moto Novo,50000.0,36,1585.06,10.5,8.45,57942.16
2026-09-28,Auto / Moto Novo,50000.0,42,1390.92,10.5,8.6,59298.64
2026-09-28,Auto / Moto Novo,50000.0,48,1246.63,10.5,8.75,60718.24
2026-09-28,Auto / Moto Novo,50000.0,54,1133.13,10.5,8.8,62069.02
2026-09-28,Auto / Moto Novo,50000.0,60,1044.15,10.5,8.9,63529.0
2026-09-28,Auto / Moto Novo,50000.0,66,972.12,10.5,9.0,65039.92
2026-09-28,Auto / Moto Novo,50000.0,72,910.24,10.5,9.0,66417.28
2026-09-28,Auto / Moto Novo,50000.0,78,860.73,10.5,9.1,68016.94
2026-09-28,Auto / Moto Novo,50000.0,84,816.28,10.5,9.1,69447.52
2026-09-28,Auto / Moto Novo,50000.0,90,777.96,10.5,9.1,70896.4
2026-09-28,Auto / Moto Novo,50000.0,96,745.97,10.5,9.15,72493.12
2026-09-28,Auto / Moto Usado,1500.0,24,70.26,14.1,11.05,1712.64
2026-09-28,Auto / Moto Usado,1500.0,30,58.0,14.1,11.36,1766.4
2026-09-28,Auto / Moto Usado,1500.0,36,49.85,14.1,11.57,1821.0
2026-09-28,Auto / Moto Usado,1500.0,42,44.06,14.1,11.73,1876.92
2026-09-28,Auto / Moto Usado,1500.0,48,39.74,14.1,11.84,1933.92
2026-09-28,Auto / Moto Usado,1500.0,54,36.39,14.1,11.93,1991.46
2026-09-28,Auto / Moto Usado,1500.0,60,33.77,14.1,12.04,2052.6
2026-09-28,Auto / Moto Usado,1500.0,66,31.61,14.1,12.1,2112.66
2026-09-28,Auto / Moto Usado,1500.0,72,29.8,14.1,12.11,2172.0
2026-09-28,Auto / Moto Usado,1500.0,78,28.3,14.1,12.15,2233.8
2026-09-28,Auto / Moto Usado,1500.0,84,27.03,14.1,12.19,2296.92
2026-09-28,Auto / Moto Usado,5000.0,24,234.19,14.1,11.05,5708.56
2026-09-28,Auto / Moto Usado,5000.0,30,193.31,14.1,11.36,5887.3
2026-09-28,Auto / Moto Usado,5000.0,36,166.15,14.1,11.57,6069.4
2026-09-28,Auto / Moto Usado,5000.0,42,146.87,14.1,11.73,6256.54
2026-09-28,Auto / Moto Usado,5000.0,48,132.45,14.1,11.84,6445.6
2026-09-28,Auto / Moto Usado,5000.0,54,121.3,14.1,11.93,6638.2
2026-09-28,Auto / Moto Usado,5000.0,60,112.55,14.1,12.04,6841.0
2026-09-28,Auto / Moto Usado,5000.0,66,105.36,14.1,12.1,7041.76
2026-09-28,Auto / Moto Usado,5000.0,72,99.31,14.1,12.11,7238.32
2026-09-28,Auto / Moto Usado,5000.0,78,94.32,14.1,12.15,7444.96
2026-09-28,Auto / Moto Usado,5000.0,84,90.09,14.1,12.19,7655.56
2026-09-28,Auto / Moto Usado,10000.0,102,156.63,13.2,11.5,16152.26
2026-09-28,Auto / Moto Usado,10000.0,108,151.62,13.2,11.5,16550.96
2026-09-28,Auto / Moto Usado,10000.0,114,147.19,13.1,11.5,16955.66
2026-09-28,Auto / Moto Usado,10000.0,120,143.24,13.1,11.5,17364.8
2026-09-28,Auto / Moto Usado,15000.0,102,234.94,13.2,11.5,24227.88
2026-09-28,Auto / Moto Usado,15000.0,108,227.43,13.2,11.5,24826.44
2026-09-28,Auto / Moto Usado,15000.0,114,220.78,13.1,11.5,25432.92
2026-09-28,Auto / Moto Usado,15000.0,120,214.86,13.1,11.5,26047.2
2026-09-28,Auto / Moto Usado,20000.0,102,313.25,13.2,11.5,32303.5
2026-09-28,Auto / Moto Usado,20000.0,108,303.24,13.2,11.5,33101.92
2026-09-28,Auto / Moto Usado,20000.0,114,294.37,13.1,11.5,33910.18
2026-09-28,Auto / Moto Usado,20000.0,120,286.48,13.1,11.5,34729.6
2026-09-28,Auto / Moto Usado,25000.0,102,391.56,13.2,11.5,40379.12
2026-09-28,Auto / Moto Usado,25000.0,108,379.05,13.2,11.5,41377.4
2026-09-28,Auto / Moto Usado,25000.0,114,367.97,13.1,11.5,42388.58
2026-09-28,Auto / Moto Usado,25000.0,120,358.1,13.1,11.5,43412.0
2026-09-28,Auto / Moto Usado,30000.0,102,469.87,13.2,11.5,48454.74
2026-09-28,Auto / Moto Usado,30000.0,108,454.86,13.2,11.5,49652.88
2026-09-28,Auto / Moto Usado,30000.0,114,441.56,13.1,11.5,50865.84
2026-09-28,Auto / Moto Usado,30000.0,120,429.72,13.1,11.5,52094.4
2026-09-28,Auto / Moto Usado,35000.0,102,548.18,13.2,11.5,56530.36
2026-09-28,Auto / Moto Usado,35000.0,108,530.66,13.2,11.5,57927.28
2026-09-28,Auto / Moto Usado,35000.0,114,515.15,13.1,11.5,59343.1
2026-09-28,Auto / Moto Usado,35000.0,120,501.34,13.1,11.5,60776.8
2026-09-28,Auto / Moto Usado,40000.0,102,626.49,13.2,11.5,64605.98
2026-09-28,Auto / Moto Usado,40000.0,108,606.47,13.2,11.5,66202.76
2026-09-28,Auto / Moto Usado,40000.0,114,588.74,13.1,11.5,67820.36
2026-09-28,Auto / Moto Usado,40000.0,120,572.96,13.1,11.5,69459.2
2026-09-28,Auto / Moto Usado,45000.0,102,704.8,13.2,11.5,72681.6
2026-09-28,Auto / Moto Usado,45000.0,108,682.28,13.2,11.5,74478.24
2026-09-28,Auto / Moto Usado,45000.0,114,662.34,13.1,11.5,76298.76
2026-09-28,Auto / Moto Usado,45000.0,120,644.58,13.1,11.5,78141.6
2026-09-28,Auto / Moto Usado,50000.0,102,783.12,13.2,11.5,80758.24
2026-09-28,Auto / Moto Usado,50000.0,108,758.09,13.2,11.5,82753.72
2026-09-28,Auto / Moto Usado,50000.0,114,735.93,13.1,11.5,84776.02
2026-09-28,Auto / Moto Usado,50000.0,120,716.2,13.1,11.5,86824.0
2026-09-29,Pagar Despesas / Férias e Lazer,5000.0,54,124.03,15.3,12.97,6785.62
2026-09-29,Pagar Despesas / Férias e Lazer,5000.0,60,115.24,15.3,13.05,7002.4
2026-09-29,Pagar Despesas / Férias e Lazer,5000.0,66,108.09,15.3,13.11,7221.94
2026-09-29,Pagar Despesas / Férias e Lazer,5000.0,72,102.17,15.3,13.15,7444.24
2026-09-29,Pagar Despesas / Férias e Lazer,5000.0,78,97.25,15.3,13.2,7673.5
2026-09-29,Pagar Despesas / Férias e Lazer,5000.0,84,93.04,15.3,13.23,7903.36
2026-09-29,Pagar Despesas / Férias e Lazer,10000.0,54,248.05,15.3,12.97,13570.7
2026-09-29,Pagar Despesas / Férias e Lazer,10000.0,60,229.35,15.1,12.84,13937.0
2026-09-29,Pagar Despesas / Férias e Lazer,10000.0,66,213.2,14.7,12.56,14247.2
2026-09-29,Pagar Despesas / Férias e Lazer,10000.0,72,200.2,14.4,12.4,14590.4
2026-09-29,Pagar Despesas / Férias e Lazer,10000.0,78,188.18,14.0,12.07,14854.04
2026-09-29,Pagar Despesas / Férias e Lazer,10000.0,84,174.21,12.8,11.12,14809.64
2026-09-29,Pagar Despesas / Férias e Lazer,15000.0,54,372.08,15.3,12.97,20356.32
2026-09-29,Pagar Despesas / Férias e Lazer,15000.0,60,344.02,15.1,12.84,20905.2
2026-09-29,Pagar Despesas / Férias e Lazer,15000.0,66,319.79,14.7,12.56,21370.14
2026-09-29,Pagar Despesas / Férias e Lazer,15000.0,72,300.29,14.4,12.4,21884.88
2026-09-29,Pagar Despesas / Férias e Lazer,15000.0,78,282.27,14.0,12.07,22281.06
2026-09-29,Pagar Despesas / Férias e Lazer,15000.0,84,259.91,12.6,10.95,22096.44
2026-09-29,Pagar Despesas / Férias e Lazer,20000.0,54,496.1,15.3,12.97,27141.4
2026-09-29,Pagar Despesas / Férias e Lazer,20000.0,60,458.69,15.1,12.84,27873.4
2026-09-29,Pagar Despesas / Férias e Lazer,20000.0,66,426.39,14.7,12.56,28493.74
2026-09-29,Pagar Despesas / Férias e Lazer,20000.0,72,400.39,14.4,12.4,29180.08
2026-09-29,Pagar Despesas / Férias e Lazer,20000.0,78,376.36,14.0,12.07,29708.08
2026-09-29,Pagar Despesas / Férias e Lazer,20000.0,84,346.55,12.6,10.95,29462.2
2026-09-29,Pagar Despesas / Férias e Lazer,25000.0,54,620.12,15.3,12.97,33926.48
2026-09-29,Pagar Despesas / Férias e Lazer,25000.0,60,573.37,15.1,12.84,34842.2
2026-09-29,Pagar Despesas / Férias e Lazer,25000.0,66,532.99,14.7,12.56,35617.34
2026-09-29,Pagar Despesas / Férias e Lazer,25000.0,72,500.49,14.4,12.4,36475.28
2026-09-29,Pagar Despesas / Férias e Lazer,25000.0,78,470.45,14.0,12.07,37135.1
2026-09-29,Pagar Despesas / Férias e Lazer,25000.0,84,433.18,12.6,10.95,36827.12
2026-09-29,Pagar Despesas / Férias e Lazer,30000.0,54,744.15,15.3,12.97,40712.1
2026-09-29,Pagar Despesas / Férias e Lazer,30000.0,60,688.04,15.1,12.84,41810.4
2026-09-29,Pagar Despesas / Férias e Lazer,30000.0,66,639.58,14.7,12.56,42740.28
2026-09-29,Pagar Despesas / Férias e Lazer,30000.0,72,600.58,14.4,12.4,43769.76
2026-09-29,Pagar Despesas / Férias e Lazer,30000.0,78,564.54,14.0,12.07,44562.12
2026-09-29,Pagar Despesas / Férias e Lazer,30000.0,84,519.82,12.6,10.95,44192.88
2026-09-29,Pagar Despesas / Férias e Lazer,35000.0,54,868.17,15.3,12.97,47497.18
2026-09-29,Pagar Despesas / Férias e Lazer,35000.0,60,802.71,15.1,12.84,48778.6
2026-09-29,Pagar Despesas / Férias e Lazer,35000.0,66,746.18,14.7,12.56,49863.88
2026-09-29,Pagar Despesas / Férias e Lazer,35000.0,72,700.68,14.4,12.4,51064.96
2026-09-29,Pagar Despesas / Férias e Lazer,35000.0,78,658.62,14.0,12.07,51988.36
2026-09-29,Pagar Despesas / Férias e Lazer,35000.0,84,606.45,12.6,10.95,51557.8
2026-09-29,Pagar Despesas / Férias e Lazer,40000.0,54,992.19,15.3,12.97,54282.26
2026-09-29,Pagar Despesas / Férias e Lazer,40000.0,60,917.38,15.1,12.84,55746.8
2026-09-29,Pagar Despesas / Férias e Lazer,40000.0,66,852.77,14.7,12.56,56986.82
2026-09-29,Pagar Despesas / Férias e Lazer,40000.0,72,800.78,14.4,12.4,58360.16
2026-09-29,Pagar Despesas / Férias e Lazer,40000.0,78,752.71,14.0,12.07,59415.38
2026-09-29,Pagar Despesas / Férias e Lazer,40000.0,84,693.09,12.6,10.95,58923.56
2026-09-29,Pagar Despesas / Férias e Lazer,45000.0,54,1116.22,15.3,12.97,61067.88
2026-09-29,Pagar Despesas / Férias e Lazer,45000.0,60,1032.06,15.1,12.84,62715.6
2026-09-29,Pagar Despesas / Férias e Lazer,45000.0,66,959.37,14.7,12.56,64110.42
2026-09-29,Pagar Despesas / Férias e Lazer,45000.0,72,900.87,14.4,12.4,65654.64
2026-09-29,Pagar Despesas / Férias e Lazer,45000.0,78,846.8,14.0,12.07,66842.4
2026-09-29,Pagar Despesas / Férias e Lazer,45000.0,84,779.73,12.6,10.95,66289.32
2026-09-29,Pagar Despesas / Férias e Lazer,50000.0,54,1240.24,15.3,12.97,67852.96
2026-09-29,Pagar Despesas / Férias e Lazer,50000.0,60,1146.73,15.1,12.84,69683.8
2026-09-29,Pagar Despesas / Férias e Lazer,50000.0,66,1065.97,14.7,12.56,71234.02
2026-09-29,Pagar Despesas / Férias e Lazer,50000.0,72,1000.97,14.4,12.4,72949.84
2026-09-29,Pagar Despesas / Férias e Lazer,50000.0,78,940.89,14.0,12.07,74269.42
2026-09-29,Pagar Despesas / Férias e Lazer,50000.0,84,866.36,12.6,10.95,73654.24
2026-09-29,Lar e Recheio,5000.0,24,236.62,15.3,12.05,5766.88
2026-09-29,Lar e Recheio,5000.0,30,195.79,15.3,12.37,5961.7
2026-09-29,Lar e Recheio,5000.0,36,168.68,15.3,12.58,6160.48
2026-09-29,Lar e Recheio,5000.0,42,149.4,15.3,12.73,6362.8
2026-09-29,Lar e Recheio,5000.0,48,135.05,15.3,12.85,6570.4
2026-09-29,Lar e Recheio,5000.0,54,124.03,15.3,12.97,6785.62
2026-09-29,Lar e Recheio,5000.0,60,115.24,15.3,13.05,7002.4
2026-09-29,Lar e Recheio,5000.0,66,108.09,15.3,13.11,7221.94
2026-09-29,Lar e Recheio,5000.0,72,102.17,15.3,13.15,7444.24
2026-09-29,Lar e Recheio,5000.0,78,97.25,15.3,13.2,7673.5
2026-09-29,Lar e Recheio,5000.0,84,93.04,15.3,13.23,7903.36
2026-09-29,Lar e Recheio,10000.0,24,473.23,15.3,12.05,11533.52
2026-09-29,Lar e Recheio,10000.0,30,391.58,15.3,12.37,11923.4
2026-09-29,Lar e Recheio,10000.0,36,337.35,15.3,12.58,12320.6
2026-09-29,Lar e Recheio,10000.0,42,298.8,15.3,12.73,12725.6
2026-09-29,Lar e Recheio,10000.0,48,270.09,15.3,12.85,13140.32
2026-09-29,Lar e Recheio,10000.0,54,248.05,15.3,12.97,13570.7
2026-09-29,Lar e Recheio,10000.0,60,229.35,15.1,12.84,13937.0
2026-09-29,Lar e Recheio,10000.0,66,213.2,14.7,12.56,14247.2
2026-09-29,Lar e Recheio,10000.0,72,200.2,14.4,12.4,14590.4
2026-09-29,Lar e Recheio,10000.0,78,188.18,14.0,12.07,14854.04
2026-09-29,Lar e Recheio,10000.0,84,174.21,12.8,11.12,14809.64
2026-09-29,Lar e Recheio,15000.0,24,709.84,15.3,12.05,17300.16
2026-09-29,Lar e Recheio,15000.0,30,587.37,15.3,12.37,17885.1
2026-09-29,Lar e Recheio,15000.0,36,506.02,15.3,12.58,18480.72
2026-09-29,Lar e Recheio,15000.0,42,448.19,15.3,12.73,19087.98
2026-09-29,Lar e Recheio,15000.0,48,405.13,15.3,12.85,19710.24
2026-09-29,Lar e Recheio,15000.0,54,372.08,15.3,12.97,20356.32
2026-09-29,Lar e Recheio,15000.0,60,344.02,15.1,12.84,20905.2
2026-09-29,Lar e Recheio,15000.0,66,319.79,14.7,12.56,21370.14
2026-09-29,Lar e Recheio,15000.0,72,300.29,14.4,12.4,21884.88
2026-09-29,Lar e Recheio,15000.0,78,282.27,14.0,12.07,22281.06
2026-09-29,Lar e Recheio,15000.0,84,259.91,12.6,10.95,22096.44
2026-09-29,Lar e Recheio,20000.0,24,946.45,15.3,12.05,23066.8
2026-09-29,Lar e Recheio,20000.0,30,783.15,15.3,12.37,23846.5
2026-09-29,Lar e Recheio,20000.0,36,674.69,15.3,12.58,24640.84
2026-09-29,Lar e Recheio,20000.0,42,597.59,15.3,12.73,25450.78
2026-09-29,Lar e Recheio,20000.0,48,540.18,15.3,12.85,26280.64
2026-09-29,Lar e Recheio,20000.0,54,496.1,15.3,12.97,27141.4
2026-09-29,Lar e Recheio,20000.0,60,458.69,15.1,12.84,27873.4
2026-09-29,Lar e Recheio,20000.0,66,426.39,14.7,12.56,28493.74
2026-09-29,Lar e Recheio,20000.0,72,400.39,14.4,12.4,29180.08
2026-09-29,Lar e Recheio,20000.0,78,376.36,14.0,12.07,29708.08
2026-09-29,Lar e Recheio,20000.0,84,346.55,12.6,10.95,29462.2
2026-09-29,Lar e Recheio,25000.0,24,1183.06,15.3,12.05,28833.44
2026-09-29,Lar e Recheio,25000.0,30,978.94,15.3,12.37,29808.2
2026-09-29,Lar e Recheio,25000.0,36,843.36,15.3,12.58,30800.96
2026-09-29,Lar e Recheio,25000.0,42,746.98,15.3,12.73,31813.16
2026-09-29,Lar e Recheio,25000.0,48,675.22,15.3,12.85,32850.56
2026-09-29,Lar e Recheio,25000.0,54,620.12,15.3,12.97,33926.48
2026-09-29,Lar e Recheio,25000.0,60,573.37,15.1,12.84,34842.2
2026-09-29,Lar e Recheio,25000.0,66,532.99,14.7,12.56,35617.34
2026-09-29,Lar e Recheio,25000.0,72,500.49,14.4,12.4,36475.28
2026-09-29,Lar e Recheio,25000.0,78,470.45,14.0,12.07,37135.1
2026-09-29,Lar e Recheio,25000.0,84,433.18,12.6,10.95,36827.12
2026-09-29,Lar e Recheio,30000.0,24,1419.67,15.3,12.05,34600.08
2026-09-29,Lar e Recheio,30000.0,30,1174.73,15.3,12.37,35769.9
2026-09-29,Lar e Recheio,30000.0,36,1012.03,15.3,12.58,36961.08
2026-09-29,Lar e Recheio,30000.0,42,896.38,15.3,12.73,38175.96
2026-09-29,Lar e Recheio,30000.0,48,810.26,15.3,12.85,39420.48
2026-09-29,Lar e Recheio,30000.0,54,744.15,15.3,12.97,40712.1
2026-09-29,Lar e Recheio,30000.0,60,688.04,15.1,12.84,41810.4
2026-09-29,Lar e Recheio,30000.0,66,639.58,14.7,12.56,42740.28
2026-09-29,Lar e Recheio,30000.0,72,600.58,14.4,12.4,43769.76
2026-09-29,Lar e Recheio,30000.0,78,564.54,14.0,12.07,44562.12
2026-09-29,Lar e Recheio,30000.0,84,519.82,12.6,10.95,44192.88
2026-09-29,Lar e Recheio,35000.0,24,1656.29,15.3,12.05,40366.96
2026-09-29,Lar e Recheio,35000.0,30,1370.51,15.3,12.37,41731.3
2026-09-29,Lar e Recheio,35000.0,36,1180.7,15.3,12.58,43121.2
2026-09-29,Lar e Recheio,35000.0,42,1045.78,15.3,12.73,44538.76
2026-09-29,Lar e Recheio,35000.0,48,945.3,15.3,12.85,45990.4
2026-09-29,Lar e Recheio,35000.0,54,868.17,15.3,12.97,47497.18
2026-09-29,Lar e Recheio,35000.0,60,802.71,15.1,12.84,48778.6
2026-09-29,Lar e Recheio,35000.0,66,746.18,14.7,12.56,49863.88
2026-09-29,Lar e Recheio,35000.0,72,700.68,14.4,12.4,51064.96
2026-09-29,Lar e Recheio,35000.0,78,658.62,14.0,12.07,51988.36
2026-09-29,Lar e Recheio,35000.0,84,606.45,12.6,10.95,51557.8
2026-09-29,Lar e Recheio,40000.0,24,1892.9,15.3,12.05,46133.6
2026-09-29,Lar e Recheio,40000.0,30,1566.3,15.3,12.37,47693.0
2026-09-29,Lar e Recheio,40000.0,36,1349.37,15.3,12.58,49281.32
2026-09-29,Lar e Recheio,40000.0,42,1195.17,15.3,12.73,50901.14
2026-09-29,Lar e Recheio,40000.0,48,1080.35,15.3,12.85,52560.8
2026-09-29,Lar e Recheio,40000.0,54,992.19,15.3,12.97,54282.26
2026-09-29,Lar e Recheio,40000.0,60,917.38,15.1,12.84,55746.8
2026-09-29,Lar e Recheio,40000.0,66,852.77,14.7,12.56,56986.82
2026-09-29,Lar e Recheio,40000.0,72,800.78,14.4,12.4,58360.16
2026-09-29,Lar e Recheio,40000.0,78,752.71,14.0,12.07,59415.38
2026-09-29,Lar e Recheio,40000.0,84,693.09,12.6,10.95,58923.56
2026-09-29,Lar e Recheio,45000.0,24,2129.51,15.3,12.05,51900.24
2026-09-29,Lar e Recheio,45000.0,30,1762.09,15.3,12.37,53654.7
2026-09-29,Lar e Recheio,45000.0,36,1518.04,15.3,12.58,55441.44
2026-09-29,Lar e Recheio,45000.0,42,1344.57,15.3,12.73,57263.94
2026-09-29,Lar e Recheio,45000.0,48,1215.39,15.3,12.85,59130.72
2026-09-29,Lar e Recheio,45000.0,54,1116.22,15.3,12.97,61067.88
2026-09-29,Lar e Recheio,45000.0,60,1032.06,15.1,12.84,62715.6
2026-09-29,Lar e Recheio,45000.0,66,959.37,14.7,12.56,64110.42
2026-09-29,Lar e Recheio,45000.0,72,900.87,14.4,12.4,65654.64
2026-09-29,Lar e Recheio,45000.0,78,846.8,14.0,12.07,66842.4
2026-09-29,Lar e Recheio,45000.0,84,779.73,12.6,10.95,66289.32
2026-09-29,Lar e Recheio,50000.0,24,2366.12,15.3,12.05,57666.88
2026-09-29,Lar e Recheio,50000.0,30,1957.87,15.3,12.37,59616.1
2026-09-29,Lar e Recheio,50000.0,36,1686.71,15.3,12.58,61601.56
2026-09-29,Lar e Recheio,50000.0,42,1493.96,15.3,12.73,63626.32
2026-09-29,Lar e Recheio,50000.0,48,1350.43,15.3,12.85,65700.64
2026-09-29,Lar e Recheio,50000.0,54,1240.24,15.3,12.97,67852.96
2026-09-29,Lar e Recheio,50000.0,60,1146.73,15.1,12.84,69683.8
2026-09-29,Lar e Recheio,50000.0,66,1065.97,14.7,12.56,71234.02
2026-09-29,Lar e Recheio,50000.0,72,1000.97,14.4,12.4,72949.84
2026-09-29,Lar e Recheio,50000.0,78,940.89,14.0,12.07,74269.42
2026-09-29,Lar e Recheio,50000.0,84,866.36,12.6,10.95,73654.24
2026-09-29,Formação,2500.0,24,111.72,8.9,6.55,2725.28
2026-09-29,Formação,2500.0,30,91.24,8.9,6.86,2781.2
2026-09-29,Formação,2500.0,36,77.61,8.9,7.08,2837.96
2026-09-29,Formação,2500.0,42,67.88,8.9,7.22,2894.96
2026-09-29,Formação,2500.0,48,60.61,8.9,7.34,2953.28
2026-09-29,Formação,2500.0,54,54.96,8.9,7.43,3011.84
2026-09-29,Formação,2500.0,60,50.46,8.9,7.5,3071.6
2026-09-29,Formação,2500.0,66,46.8,8.9,7.57,3132.8
2026-09-29,Formação,2500.0,72,43.73,8.9,7.61,3192.56
2026-09-29,Formação,5000.0,24,223.44,8.9,6.55,5450.56
2026-09-29,Formação,5000.0,30,182.47,8.9,6.86,5562.1
2026-09-29,Formação,5000.0,36,155.22,8.9,7.08,5675.92
2026-09-29,Formação,5000.0,42,135.75,8.9,7.22,5789.5
2026-09-29,Formação,5000.0,48,121.21,8.9,7.34,5906.08
2026-09-29,Formação,5000.0,54,109.92,8.9,7.43,6023.68
2026-09-29,Formação,5000.0,60,100.91,8.9,7.5,6142.6
2026-09-29,Formação,5000.0,66,93.59,8.9,7.57,6264.94
2026-09-29,Formação,5000.0,72,87.46,8.9,7.61,6385.12
2026-09-29,Formação,5000.0,78,82.31,8.9,7.65,6508.18
2026-09-29,Formação,5000.0,84,77.93,8.9,7.69,6634.12
2026-09-29,Formação,10000.0,24,446.88,8.9,6.55,10901.12
2026-09-29,Formação,10000.0,30,364.94,8.9,6.86,11124.2
2026-09-29,Formação,10000.0,36,310.44,8.9,7.08,11351.84
2026-09-29,Formação,10000.0,42,271.5,8.9,7.22,11579.0
2026-09-29,Formação,10000.0,48,242.42,8.9,7.34,11812.16
2026-09-29,Formação,10000.0,54,219.84,8.9,7.43,12047.36
2026-09-29,Formação,10000.0,60,201.81,8.9,7.5,12284.6
2026-09-29,Formação,10000.0,66,187.17,8.9,7.57,12529.22
2026-09-29,Formação,10000.0,72,174.92,8.9,7.61,12770.24
2026-09-29,Formação,10000.0,78,164.62,8.9,7.65,13016.36
2026-09-29,Formação,10000.0,84,155.86,8.9,7.69,13268.24
2026-09-29,Formação,10000.0,90,148.27,8.9,7.72,13520.3
2026-09-29,Formação,10000.0,96,141.68,8.9,7.75,13777.28
2026-09-29,Formação,10000.0,102,135.91,8.9,7.78,14038.82
2026-09-29,Formação,10000.0,108,130.77,8.9,7.8,14299.16
2026-09-29,Formação,10000.0,114,126.21,8.9,7.82,14563.94
2026-09-29,Formação,10000.0,120,122.09,8.9,7.83,14826.8
2026-09-29,Formação,15000.0,24,670.32,8.9,6.55,16351.68
2026-09-29,Formação,15000.0,30,547.4,8.9,6.86,16686.0
2026-09-29,Formação,15000.0,36,465.66,8.9,7.08,17027.76
2026-09-29,Formação,15000.0,42,407.24,8.9,7.22,17368.08
2026-09-29,Formação,15000.0,48,363.62,8.9,7.34,17717.76
2026-09-29,Formação,15000.0,54,329.76,8.9,7.43,18071.04
2026-09-29,Formação,15000.0,60,302.72,8.9,7.5,18427.2
2026-09-29,Formação,15000.0,66,280.76,8.9,7.57,18794.16
2026-09-29,Formação,15000.0,72,262.38,8.9,7.61,19155.36
2026-09-29,Formação,15000.0,78,246.93,8.9,7.65,19524.54
2026-09-29,Formação,15000.0,84,233.78,8.9,7.69,19901.52
2026-09-29,Formação,15000.0,90,222.4,8.9,7.72,20280.0
2026-09-29,Formação,15000.0,96,212.51,8.9,7.75,20664.96
2026-09-29,Formação,15000.0,102,203.86,8.9,7.78,21057.72
2026-09-29,Formação,15000.0,108,196.16,8.9,7.8,21449.28
2026-09-29,Formação,15000.0,114,189.32,8.9,7.82,21846.48
2026-09-29,Formação,15000.0,120,183.13,8.9,7.83,22239.6
2026-09-29,Formação,20000.0,24,893.75,8.9,6.55,21802.0
2026-09-29,Formação,20000.0,30,729.87,8.9,6.86,22248.1
2026-09-29,Formação,20000.0,36,620.87,8.9,7.08,22703.32
2026-09-29,Formação,20000.0,42,542.99,8.9,7.22,23157.58
2026-09-29,Formação,20000.0,48,484.83,8.9,7.34,23623.84
2026-09-29,Formação,20000.0,54,439.67,8.9,7.43,24094.18
2026-09-29,Formação,20000.0,60,403.62,8.9,7.5,24569.2
2026-09-29,Formação,20000.0,66,374.34,8.9,7.57,25058.44
2026-09-29,Formação,20000.0,72,349.83,8.9,7.61,25539.76
2026-09-29,Formação,20000.0,78,329.23,8.9,7.65,26031.94
2026-09-29,Formação,20000.0,84,311.71,8.9,7.69,26535.64
2026-09-29,Formação,20000.0,90,296.53,8.9,7.72,27039.7
2026-09-29,Formação,20000.0,96,283.35,8.9,7.75,27553.6
2026-09-29,Formação,20000.0,102,271.81,8.9,7.78,28076.62
2026-09-29,Formação,20000.0,108,261.54,8.9,7.8,28598.32
2026-09-29,Formação,20000.0,114,252.42,8.9,7.82,29127.88
2026-09-29,Formação,20000.0,120,244.18,8.9,7.83,29653.6
2026-09-29,Eficiência Energética,10000.0,84,155.91,8.9,7.7,13272.44
2026-09-29,Eficiência Energética,15000.0,54,329.9,8.9,7.45,18078.6
2026-09-29,Eficiência Energética,15000.0,60,302.72,8.9,7.5,18427.2
2026-09-29,Eficiência Energética,15000.0,66,280.61,8.9,7.55,18784.26
2026-09-29,Eficiência Energética,15000.0,72,262.3,8.9,7.6,19149.6
2026-09-29,Eficiência Energética,15000.0,78,246.93,8.9,7.65,19524.54
2026-09-29,Eficiência Energética,15000.0,84,233.86,8.9,7.7,19908.24
2026-09-29,Eficiência Energética,20000.0,54,439.87,8.9,7.45,24104.98
2026-09-29,Eficiência Energética,20000.0,60,403.62,8.9,7.5,24569.2
2026-09-29,Eficiência Energética,20000.0,66,374.14,8.9,7.55,25045.24
2026-09-29,Eficiência Energética,20000.0,72,349.73,8.9,7.6,25532.56
2026-09-29,Eficiência Energética,20000.0,78,329.23,8.9,7.65,26031.94
2026-09-29,Eficiência Energética,20000.0,84,311.81,8.9,7.7,26544.04
2026-09-29,Eficiência Energética,25000.0,54,549.83,8.9,7.45,30130.82
2026-09-29,Eficiência Energética,25000.0,60,504.53,8.9,7.5,30711.8
2026-09-29,Eficiência Energética,25000.0,66,467.67,8.9,7.55,31306.22
2026-09-29,Eficiência Energética,25000.0,72,437.17,8.9,7.6,31916.24
2026-09-29,Eficiência Energética,25000.0,78,411.54,8.9,7.65,32540.12
2026-09-29,Eficiência Energética,25000.0,84,389.76,8.9,7.7,33179.84
2026-09-29,Eficiência Energética,30000.0,54,659.8,8.9,7.45,36157.2
2026-09-29,Eficiência Energética,30000.0,60,605.43,8.9,7.5,36853.8
2026-09-29,Eficiência Energética,30000.0,66,561.21,8.9,7.55,37567.86
2026-09-29,Eficiência Energética,30000.0,72,524.6,8.9,7.6,38299.2
2026-09-29,Eficiência Energética,30000.0,78,493.85,8.9,7.65,39048.3
2026-09-29,Eficiência Energética,30000.0,84,467.71,8.9,7.7,39815.64
2026-09-29,Eficiência Energética,35000.0,54,769.77,8.9,7.45,42183.58
2026-09-29,Eficiência Energética,35000.0,60,706.33,8.9,7.5,42995.8
2026-09-29,Eficiência Energética,35000.0,66,654.74,8.9,7.55,43828.84
2026-09-29,Eficiência Energética,35000.0,72,612.03,8.9,7.6,44682.16
2026-09-29,Eficiência Energética,35000.0,78,576.16,8.9,7.65,45556.48
2026-09-29,Eficiência Energética,35000.0,84,545.66,8.9,7.7,46451.44
2026-09-29,Eficiência Energética,40000.0,54,879.73,8.9,7.45,48209.42
2026-09-29,Eficiência Energética,40000.0,60,807.24,8.9,7.5,49138.4
2026-09-29,Eficiência Energética,40000.0,66,748.27,8.9,7.55,50089.82
2026-09-29,Eficiência Energética,40000.0,72,699.46,8.9,7.6,51065.12
2026-09-29,Eficiência Energética,40000.0,78,658.46,8.9,7.65,52063.88
2026-09-29,Eficiência Energética,40000.0,84,623.61,8.9,7.7,53087.24
2026-09-29,Eficiência Energética,45000.0,54,989.7,8.9,7.45,54235.8
2026-09-29,Eficiência Energética,45000.0,60,908.14,8.9,7.5,55280.4
2026-09-29,Eficiência Energética,45000.0,66,841.81,8.9,7.55,56351.46
2026-09-29,Eficiência Energética,45000.0,72,786.89,8.9,7.6,57448.08
2026-09-29,Eficiência Energética,45000.0,78,740.77,8.9,7.65,58572.06
2026-09-29,Eficiência Energética,45000.0,84,701.56,8.9,7.7,59723.04
2026-09-29,Eficiência Energética,50000.0,54,1099.66,8.9,7.45,60261.64
2026-09-29,Eficiência Energética,50000.0,60,1009.05,8.9,7.5,61423.0
2026-09-29,Eficiência Energética,50000.0,66,935.34,8.9,7.55,62612.44
2026-09-29,Eficiência Energética,50000.0,72,874.33,8.9,7.6,63831.76
2026-09-29,Eficiência Energética,50000.0,78,823.08,8.9,7.65,65080.24
2026-09-29,Eficiência Energética,50000.0,84,779.52,8.9,7.7,66359.68
2026-09-29,Auto / Moto Novo,2500.0,24,113.38,10.5,7.95,2765.12
2026-09-29,Auto / Moto Novo,2500.0,30,92.95,10.5,8.3,2832.5
2026-09-29,Auto / Moto Novo,2500.0,36,79.26,10.5,8.45,2897.36
2026-09-29,Auto / Moto Novo,2500.0,42,69.55,10.5,8.6,2965.1
2026-09-29,Auto / Moto Novo,2500.0,48,62.34,10.5,8.75,3036.32
2026-09-29,Auto / Moto Novo,2500.0,54,56.66,10.5,8.8,3103.64
2026-09-29,Auto / Moto Novo,2500.0,60,52.21,10.5,8.9,3176.6
2026-09-29,Auto / Moto Novo,2500.0,66,48.61,10.5,9.0,3252.26
2026-09-29,Auto / Moto Novo,2500.0,72,45.52,10.5,9.0,3321.44
2026-09-29,Auto / Moto Novo,5000.0,24,226.75,10.5,7.95,5530.0
2026-09-29,Auto / Moto Novo,5000.0,30,185.9,10.5,8.3,5665.0
2026-09-29,Auto / Moto Novo,5000.0,36,158.51,10.5,8.45,5794.36
2026-09-29,Auto / Moto Novo,5000.0,42,139.1,10.5,8.6,5930.2
2026-09-29,Auto / Moto Novo,5000.0,48,124.67,10.5,8.75,6072.16
2026-09-29,Auto / Moto Novo,5000.0,54,113.32,10.5,8.8,6207.28
2026-09-29,Auto / Moto Novo,5000.0,60,104.42,10.5,8.9,6353.2
2026-09-29,Auto / Moto Novo,5000.0,66,97.22,10.5,9.0,6504.52
2026-09-29,Auto / Moto Novo,5000.0,72,91.03,10.5,9.0,6642.16
2026-09-29,Auto / Moto Novo,5000.0,78,86.08,10.5,9.1,6802.24
2026-09-29,Auto / Moto Novo,5000.0,84,81.63,10.5,9.1,6944.92
2026-09-29,Auto / Moto Novo,10000.0,24,453.5,10.5,7.95,11060.0
2026-09-29,Auto / Moto Novo,10000.0,30,371.79,10.5,8.3,11329.7
2026-09-29,Auto / Moto Novo,10000.0,36,317.02,10.5,8.45,11588.72
2026-09-29,Auto / Moto Novo,10000.0,42,278.19,10.5,8.6,11859.98
2026-09-29,Auto / Moto Novo,10000.0,48,249.33,10.5,8.75,12143.84
2026-09-29,Auto / Moto Novo,10000.0,54,226.63,10.5,8.8,12414.02
2026-09-29,Auto / Moto Novo,10000.0,60,208.83,10.5,8.9,12705.8
2026-09-29,Auto / Moto Novo,10000.0,66,194.43,10.5,9.0,13008.38
2026-09-29,Auto / Moto Novo,10000.0,72,182.05,10.5,9.0,13283.6
2026-09-29,Auto / Moto Novo,10000.0,78,172.15,10.5,9.1,13603.7
2026-09-29,Auto / Moto Novo,10000.0,84,163.26,10.5,9.1,13889.84
2026-09-29,Auto / Moto Novo,10000.0,90,155.6,10.5,9.1,14180.0
2026-09-29,Auto / Moto Novo,10000.0,96,149.2,10.5,9.15,14499.2
2026-09-29,Auto / Moto Novo,15000.0,24,680.25,10.5,7.95,16590.0
2026-09-29,Auto / Moto Novo,15000.0,30,557.68,10.5,8.3,16994.4
2026-09-29,Auto / Moto Novo,15000.0,36,475.52,10.5,8.45,17382.72
2026-09-29,Auto / Moto Novo,15000.0,42,417.28,10.5,8.6,17789.76
2026-09-29,Auto / Moto Novo,15000.0,48,373.99,10.5,8.75,18215.52
2026-09-29,Auto / Moto Novo,15000.0,54,339.94,10.5,8.8,18620.76
2026-09-29,Auto / Moto Novo,15000.0,60,313.25,10.5,8.9,19059.0
2026-09-29,Auto / Moto Novo,15000.0,66,291.64,10.5,9.0,19512.24
2026-09-29,Auto / Moto Novo,15000.0,72,273.08,10.5,9.0,19925.76
2026-09-29,Auto / Moto Novo,15000.0,78,258.22,10.5,9.1,20405.16
2026-09-29,Auto / Moto Novo,15000.0,84,244.89,10.5,9.1,20834.76
2026-09-29,Auto / Moto Novo,15000.0,90,233.39,10.5,9.1,21269.1
2026-09-29,Auto / Moto Novo,15000.0,96,223.79,10.5,9.15,21747.84
2026-09-29,Auto / Moto Novo,20000.0,24,907.0,10.5,7.95,22120.0
2026-09-29,Auto / Moto Novo,20000.0,30,743.58,10.5,8.3,22659.4
2026-09-29,Auto / Moto Novo,20000.0,36,634.03,10.5,8.45,23177.08
2026-09-29,Auto / Moto Novo,20000.0,42,556.37,10.5,8.6,23719.54
2026-09-29,Auto / Moto Novo,20000.0,48,498.66,10.5,8.75,24287.68
2026-09-29,Auto / Moto Novo,20000.0,54,453.25,10.5,8.8,24827.5
2026-09-29,Auto / Moto Novo,20000.0,60,417.66,10.5,8.9,25411.6
2026-09-29,Auto / Moto Novo,20000.0,66,388.85,10.5,9.0,26016.1
2026-09-29,Auto / Moto Novo,20000.0,72,364.1,10.5,9.0,26567.2
2026-09-29,Auto / Moto Novo,20000.0,78,344.3,10.5,9.1,27207.4
2026-09-29,Auto / Moto Novo,20000.0,84,326.52,10.5,9.1,27779.68
2026-09-29,Auto / Moto Novo,20000.0,90,311.19,10.5,9.1,28359.1
2026-09-29,Auto / Moto Novo,20000.0,96,298.39,10.5,9.15,28997.44
2026-09-29,Auto / Moto Novo,25000.0,24,1133.75,10.5,7.95,27650.0
2026-09-29,Auto / Moto Novo,25000.0,30,929.47,10.5,8.3,28324.1
2026-09-29,Auto / Moto Novo,25000.0,36,792.53,10.5,8.45,28971.08
2026-09-29,Auto / Moto Novo,25000.0,42,695.46,10.5,8.6,29649.32
2026-09-29,Auto / Moto Novo,25000.0,48,623.32,10.5,8.75,30359.36
2026-09-29,Auto / Moto Novo,25000.0,54,566.57,10.5,8.8,31034.78
2026-09-29,Auto / Moto Novo,25000.0,60,522.08,10.5,8.9,31764.8
2026-09-29,Auto / Moto Novo,25000.0,66,486.06,10.5,9.0,32519.96
2026-09-29,Auto / Moto Novo,25000.0,72,455.12,10.5,9.0,33208.64
2026-09-29,Auto / Moto Novo,25000.0,78,430.37,10.5,9.1,34008.86
2026-09-29,Auto / Moto Novo,25000.0,84,408.14,10.5,9.1,34723.76
2026-09-29,Auto / Moto Novo,25000.0,90,388.98,10.5,9.1,35448.2
2026-09-29,Auto / Moto Novo,25000.0,96,372.99,10.5,9.15,36247.04
2026-09-29,Auto / Moto Novo,30000.0,24,1360.49,10.5,7.95,33179.76
2026-09-29,Auto / Moto Novo,30000.0,30,1115.36,10.5,8.3,33988.8
2026-09-29,Auto / Moto Novo,30000.0,36,951.04,10.5,8.45,34765.44
2026-09-29,Auto / Moto Novo,30000.0,42,834.55,10.5,8.6,35579.1
2026-09-29,Auto / Moto Novo,30000.0,48,747.98,10.5,8.75,36431.04
2026-09-29,Auto / Moto Novo,30000.0,54,679.88,10.5,8.8,37241.52
2026-09-29,Auto / Moto Novo,30000.0,60,626.49,10.5,8.9,38117.4
2026-09-29,Auto / Moto Novo,30000.0,66,583.28,10.5,9.0,39024.48
2026-09-29,Auto / Moto Novo,30000.0,72,546.15,10.5,9.0,39850.8
2026-09-29,Auto / Moto Novo,30000.0,78,516.44,10.5,9.1,40810.32
2026-09-29,Auto / Moto Novo,30000.0,84,489.77,10.5,9.1,41668.68
2026-09-29,Auto / Moto Novo,30000.0,90,466.78,10.5,9.1,42538.2
2026-09-29,Auto / Moto Novo,30000.0,96,447.58,10.5,9.15,43495.68
2026-09-29,Auto / Moto Novo,35000.0,24,1587.24,10.5,7.95,38709.76
2026-09-29,Auto / Moto Novo,35000.0,30,1301.25,10.5,8.3,39653.5
2026-09-29,Auto / Moto Novo,35000.0,36,1109.55,10.5,8.45,40559.8
2026-09-29,Auto / Moto Novo,35000.0,42,973.64,10.5,8.6,41508.88
2026-09-29,Auto / Moto Novo,35000.0,48,872.64,10.5,8.75,42502.72
2026-09-29,Auto / Moto Novo,35000.0,54,793.19,10.5,8.8,43448.26
2026-09-29,Auto / Moto Novo,35000.0,60,730.9,10.5,8.9,44470.0
2026-09-29,Auto / Moto Novo,35000.0,66,680.49,10.5,9.0,45528.34
2026-09-29,Auto / Moto Novo,35000.0,72,637.17,10.5,9.0,46492.24
2026-09-29,Auto / Moto Novo,35000.0,78,602.51,10.5,9.1,47611.78
2026-09-29,Auto / Moto Novo,35000.0,84,571.4,10.5,9.1,48613.6
2026-09-29,Auto / Moto Novo,35000.0,90,544.57,10.5,9.1,49627.3
2026-09-29,Auto / Moto Novo,35000.0,96,522.18,10.5,9.15,50745.28
2026-09-29,Auto / Moto Novo,40000.0,24,1813.99,10.5,7.95,44239.76
2026-09-29,Auto / Moto Novo,40000.0,30,1487.15,10.5,8.3,45318.5
2026-09-29,Auto / Moto Novo,40000.0,36,1268.05,10.5,8.45,46353.8
2026-09-29,Auto / Moto Novo,40000.0,42,1112.73,10.5,8.6,47438.66
2026-09-29,Auto / Moto Novo,40000.0,48,997.31,10.5,8.75,48574.88
2026-09-29,Auto / Moto Novo,40000.0,54,906.5,10.5,8.8,49655.0
2026-09-29,Auto / Moto Novo,40000.0,60,835.32,10.5,8.9,50823.2
2026-09-29,Auto / Moto Novo,40000.0,66,777.7,10.5,9.0,52032.2
2026-09-29,Auto / Moto Novo,40000.0,72,728.19,10.5,9.0,53133.68
2026-09-29,Auto / Moto Novo,40000.0,78,688.59,10.5,9.1,54414.02
2026-09-29,Auto / Moto Novo,40000.0,84,653.03,10.5,9.1,55558.52
2026-09-29,Auto / Moto Novo,40000.0,90,622.37,10.5,9.1,56717.3
2026-09-29,Auto / Moto Novo,40000.0,96,596.78,10.5,9.15,57994.88
2026-09-29,Auto / Moto Novo,45000.0,24,2040.74,10.5,7.95,49769.76
2026-09-29,Auto / Moto Novo,45000.0,30,1673.04,10.5,8.3,50983.2
2026-09-29,Auto / Moto Novo,45000.0,36,1426.56,10.5,8.45,52148.16
2026-09-29,Auto / Moto Novo,45000.0,42,1251.82,10.5,8.6,53368.44
2026-09-29,Auto / Moto Novo,45000.0,48,1121.97,10.5,8.75,54646.56
2026-09-29,Auto / Moto Novo,45000.0,54,1019.81,10.5,8.8,55861.74
2026-09-29,Auto / Moto Novo,45000.0,60,939.73,10.5,8.9,57175.8
2026-09-29,Auto / Moto Novo,45000.0,66,874.91,10.5,9.0,58536.06
2026-09-29,Auto / Moto Novo,45000.0,72,819.22,10.5,9.0,59775.84
2026-09-29,Auto / Moto Novo,45000.0,78,774.66,10.5,9.1,61215.48
2026-09-29,Auto / Moto Novo,45000.0,84,734.65,10.5,9.1,62502.6
2026-09-29,Auto / Moto Novo,45000.0,90,700.16,10.5,9.1,63806.4
2026-09-29,Auto / Moto Novo,45000.0,96,671.37,10.5,9.15,65243.52
2026-09-29,Auto / Moto Novo,50000.0,24,2267.49,10.5,7.95,55299.76
2026-09-29,Auto / Moto Novo,50000.0,30,1858.93,10.5,8.3,56647.9
2026-09-29,Auto / Moto Novo,50000.0,36,1585.06,10.5,8.45,57942.16
2026-09-29,Auto / Moto Novo,50000.0,42,1390.92,10.5,8.6,59298.64
2026-09-29,Auto / Moto Novo,50000.0,48,1246.63,10.5,8.75,60718.24
2026-09-29,Auto / Moto Novo,50000.0,54,1133.13,10.5,8.8,62069.02
2026-09-29,Auto / Moto Novo,50000.0,60,1044.15,10.5,8.9,63529.0
2026-09-29,Auto / Moto Novo,50000.0,66,972.12,10.5,9.0,65039.92
2026-09-29,Auto / Moto Novo,50000.0,72,910.24,10.5,9.0,66417.28
2026-09-29,Auto / Moto Novo,50000.0,78,860.73,10.5,9.1,68016.94
2026-09-29,Auto / Moto Novo,50000.0,84,816.28,10.5,9.1,69447.52
2026-09-29,Auto / Moto Novo,50000.0,90,777.96,10.5,9.1,70896.4
2026-09-29,Auto / Moto Novo,50000.0,96,745.97,10.5,9.15,72493.12
2026-09-29,Auto / Moto Usado,1500.0,24,70.26,14.1,11.05,1712.64
2026-09-29,Auto / Moto Usado,1500.0,30,58.0,14.1,11.36,1766.4
2026-09-29,Auto / Moto Usado,1500.0,36,49.85,14.1,11.57,1821.0
2026-09-29,Auto / Moto Usado,1500.0,42,44.06,14.1,11.73,1876.92
2026-09-29,Auto / Moto Usado,1500.0,48,39.74,14.1,11.84,1933.92
2026-09-29,Auto / Moto Usado,1500.0,54,36.39,14.1,11.93,1991.46
2026-09-29,Auto / Moto Usado,1500.0,60,33.77,14.1,12.04,2052.6
2026-09-29,Auto / Moto Usado,1500.0,66,31.61,14.1,12.1,2112.66
2026-09-29,Auto / Moto Usado,1500.0,72,29.8,14.1,12.11,2172.0
2026-09-29,Auto / Moto Usado,1500.0,78,28.3,14.1,12.15,2233.8
2026-09-29,Auto / Moto Usado,1500.0,84,27.03,14.1,12.19,2296.92
2026-09-29,Auto / Moto Usado,5000.0,24,234.19,14.1,11.05,5708.56
2026-09-29,Auto / Moto Usado,5000.0,30,193.31,14.1,11.36,5887.3
2026-09-29,Auto / Moto Usado,5000.0,36,166.15,14.1,11.57,6069.4
2026-09-29,Auto / Moto Usado,5000.0,42,146.87,14.1,11.73,6256.54
2026-09-29,Auto / Moto Usado,5000.0,48,132.45,14.1,11.84,6445.6
2026-09-29,Auto / Moto Usado,5000.0,54,121.3,14.1,11.93,6638.2
2026-09-29,Auto / Moto Usado,5000.0,60,112.55,14.1,12.04,6841.0
2026-09-29,Auto / Moto Usado,5000.0,66,105.36,14.1,12.1,7041.76
2026-09-29,Auto / Moto Usado,5000.0,72,99.31,14.1,12.11,7238.32
2026-09-29,Auto / Moto Usado,5000.0,78,94.32,14.1,12.15,7444.96
2026-09-29,Auto / Moto Usado,5000.0,84,90.09,14.1,12.19,7655.56
2026-09-29,Auto / Moto Usado,10000.0,102,156.63,13.2,11.5,16152.26
2026-09-29,Auto / Moto Usado,10000.0,108,151.62,13.2,11.5,16550.96
2026-09-29,Auto / Moto Usado,10000.0,114,147.19,13.1,11.5,16955.66
2026-09-29,Auto / Moto Usado,10000.0,120,143.24,13.1,11.5,17364.8
2026-09-29,Auto / Moto Usado,15000.0,102,234.94,13.2,11.5,24227.88
2026-09-29,Auto / Moto Usado,15000.0,108,227.43,13.2,11.5,24826.44
2026-09-29,Auto / Moto Usado,15000.0,114,220.78,13.1,11.5,25432.92
2026-09-29,Auto / Moto Usado,15000.0,120,214.86,13.1,11.5,26047.2
2026-09-29,Auto / Moto Usado,20000.0,102,313.25,13.2,11.5,32303.5
2026-09-29,Auto / Moto Usado,20000.0,108,303.24,13.2,11.5,33101.92
2026-09-29,Auto / Moto Usado,20000.0,114,294.37,13.1,11.5,33910.18
2026-09-29,Auto / Moto Usado,20000.0,120,286.48,13.1,11.5,34729.6
2026-09-29,Auto / Moto Usado,25000.0,102,391.56,13.2,11.5,40379.12
2026-09-29,Auto / Moto Usado,25000.0,108,379.05,13.2,11.5,41377.4
2026-09-29,Auto / Moto Usado,25000.0,114,367.97,13.1,11.5,42388.58
2026-09-29,Auto / Moto Usado,25000.0,120,358.1,13.1,11.5,43412.0
2026-09-29,Auto / Moto Usado,30000.0,102,469.87,13.2,11.5,48454.74
2026-09-29,Auto / Moto Usado,30000.0,108,454.86,13.2,11.5,49652.88
2026-09-29,Auto / Moto Usado,30000.0,114,441.56,13.1,11.5,50865.84
2026-09-29,Auto / Moto Usado,30000.0,120,429.72,13.1,11.5,52094.4
2026-09-29,Auto / Moto Usado,35000.0,102,548.18,13.2,11.5,56530.36
2026-09-29,Auto / Moto Usado,35000.0,108,530.66,13.2,11.5,57927.28
2026-09-29,Auto / Moto Usado,35000.0,114,515.15,13.1,11.5,59343.1
2026-09-29,Auto / Moto Usado,35000.0,120,501.34,13.1,11.5,60776.8
2026-09-29,Auto / Moto Usado,40000.0,102,626.49,13.2,11.5,64605.98
2026-09-29,Auto / Moto Usado,40000.0,108,606.47,13.2,11.5,66202.76
2026-09-29,Auto / Moto Usado,40000.0,114,588.74,13.1,11.5,67820.36
2026-09-29,Auto / Moto Usado,40000.0,120,572.96,13.1,11.5,69459.2
2026-09-29,Auto / Moto Usado,45000.0,102,704.8,13.2,11.5,72681.6
2026-09-29,Auto / Moto Usado,45000.0,108,682.28,13.2,11.5,74478.24
2026-09-29,Auto / Moto Usado,45000.0,114,662.34,13.1,11.5,76298.76
2026-09-29,Auto / Moto Usado,45000.0,120,644.58,13.1,11.5,78141.6
2026-09-29,Auto / Moto Usado,50000.0,102,783.12,13.2,11.5,80758.24
2026-09-29,Auto / Moto Usado,50000.0,108,758.09,13.2,11.5,82753.72
2026-09-29,Auto / Moto Usado,50000.0,114,735.93,13.1,11.5,84776.02
2026-09-29,Auto / Moto Usado,50000.0,120,716.2,13.1,11.5,86824.0
2026-09-30,Pagar Despesas / Férias e Lazer,5000.0,54,123.29,15.0,12.69,6745.66
2026-09-30,Pagar Despesas / Férias e Lazer,5000.0,60,114.46,15.0,12.76,6955.6
2026-09-30,Pagar Despesas / Férias e Lazer,5000.0,66,107.31,15.0,12.82,7170.46
2026-09-30,Pagar Despesas / Férias e Lazer,5000.0,72,101.39,15.0,12.87,7388.08
2026-09-30,Pagar Despesas / Férias e Lazer,5000.0,78,96.43,15.0,12.91,7609.54
2026-09-30,Pagar Despesas / Férias e Lazer,5000.0,84,92.24,15.0,12.95,7836.16
2026-09-30,Pagar Despesas / Férias e Lazer,10000.0,54,246.58,15.0,12.69,13491.32
2026-09-30,Pagar Despesas / Férias e Lazer,10000.0,60,228.92,15.0,12.76,13911.2
2026-09-30,Pagar Despesas / Férias e Lazer,10000.0,66,214.61,15.0,12.82,14340.26
2026-09-30,Pagar Despesas / Férias e Lazer,10000.0,72,202.78,15.0,12.87,14776.16
2026-09-30,Pagar Despesas / Férias e Lazer,10000.0,78,192.86,15.0,12.91,15219.08
2026-09-30,Pagar Despesas / Férias e Lazer,10000.0,84,184.48,15.0,12.95,15672.32
2026-09-30,Pagar Despesas / Férias e Lazer,15000.0,54,369.87,15.0,12.69,20236.98
2026-09-30,Pagar Despesas / Férias e Lazer,15000.0,60,343.38,15.0,12.76,20866.8
2026-09-30,Pagar Despesas / Férias e Lazer,15000.0,66,321.91,15.0,12.82,21510.06
2026-09-30,Pagar Despesas / Férias e Lazer,15000.0,72,304.17,15.0,12.87,22164.24
2026-09-30,Pagar Despesas / Férias e Lazer,15000.0,78,289.29,15.0,12.91,22828.62
2026-09-30,Pagar Despesas / Férias e Lazer,15000.0,84,276.72,15.0,12.95,23508.48
2026-09-30,Pagar Despesas / Férias e Lazer,20000.0,54,493.15,15.0,12.69,26982.1
2026-09-30,Pagar Despesas / Férias e Lazer,20000.0,60,457.84,15.0,12.76,27822.4
2026-09-30,Pagar Despesas / Férias e Lazer,20000.0,66,429.21,15.0,12.82,28679.86
2026-09-30,Pagar Despesas / Férias e Lazer,20000.0,72,405.56,15.0,12.87,29552.32
2026-09-30,Pagar Despesas / Férias e Lazer,20000.0,78,385.72,15.0,12.91,30438.16
2026-09-30,Pagar Despesas / Férias e Lazer,20000.0,84,368.95,15.0,12.95,31343.8
2026-09-30,Pagar Despesas / Férias e Lazer,25000.0,54,616.44,15.0,12.69,33727.76
2026-09-30,Pagar Despesas / Férias e Lazer,25000.0,60,572.3,15.0,12.76,34778.0
2026-09-30,Pagar Despesas / Férias e Lazer,25000.0,66,536.51,15.0,12.82,35849.66
2026-09-30,Pagar Despesas / Férias e Lazer,25000.0,72,506.95,15.0,12.87,36940.4
2026-09-30,Pagar Despesas / Férias e Lazer,25000.0,78,482.15,15.0,12.91,38047.7
2026-09-30,Pagar Despesas / Férias e Lazer,25000.0,84,461.19,15.0,12.95,39179.96
2026-09-30,Pagar Despesas / Férias e Lazer,30000.0,54,739.73,15.0,12.69,40473.42
2026-09-30,Pagar Despesas / Férias e Lazer,30000.0,60,686.76,15.0,12.76,41733.6
2026-09-30,Pagar Despesas / Férias e Lazer,30000.0,66,643.81,15.0,12.82,43019.46
2026-09-30,Pagar Despesas / Férias e Lazer,30000.0,72,608.34,15.0,12.87,44328.48
2026-09-30,Pagar Despesas / Férias e Lazer,30000.0,78,578.57,15.0,12.91,45656.46
2026-09-30,Pagar Despesas / Férias e Lazer,30000.0,84,553.43,15.0,12.95,47016.12
2026-09-30,Pagar Despesas / Férias e Lazer,35000.0,54,863.01,15.0,12.69,47218.54
2026-09-30,Pagar Despesas / Férias e Lazer,35000.0,60,801.22,15.0,12.76,48689.2
2026-09-30,Pagar Despesas / Férias e Lazer,35000.0,66,751.11,15.0,12.82,50189.26
2026-09-30,Pagar Despesas / Férias e Lazer,35000.0,72,709.73,15.0,12.87,51716.56
2026-09-30,Pagar Despesas / Férias e Lazer,35000.0,78,675.0,15.0,12.91,53266.0
2026-09-30,Pagar Despesas / Férias e Lazer,35000.0,84,645.66,15.0,12.95,54851.44
2026-09-30,Pagar Despesas / Férias e Lazer,40000.0,54,986.3,15.0,12.69,53964.2
2026-09-30,Pagar Despesas / Férias e Lazer,40000.0,60,915.67,15.0,12.76,55644.2
2026-09-30,Pagar Despesas / Férias e Lazer,40000.0,66,858.41,15.0,12.82,57359.06
2026-09-30,Pagar Despesas / Férias e Lazer,40000.0,72,811.12,15.0,12.87,59104.64
2026-09-30,Pagar Despesas / Férias e Lazer,40000.0,78,771.43,15.0,12.91,60875.54
2026-09-30,Pagar Despesas / Férias e Lazer,40000.0,84,737.9,15.0,12.95,62687.6
2026-09-30,Pagar Despesas / Férias e Lazer,45000.0,54,1109.59,15.0,12.69,60709.86
2026-09-30,Pagar Despesas / Férias e Lazer,45000.0,60,1030.13,15.0,12.76,62599.8
2026-09-30,Pagar Despesas / Férias e Lazer,45000.0,66,965.71,15.0,12.82,64528.86
2026-09-30,Pagar Despesas / Férias e Lazer,45000.0,72,912.5,15.0,12.87,66492.0
2026-09-30,Pagar Despesas / Férias e Lazer,45000.0,78,867.86,15.0,12.91,68485.08
2026-09-30,Pagar Despesas / Férias e Lazer,45000.0,84,830.14,15.0,12.95,70523.76
2026-09-30,Pagar Despesas / Férias e Lazer,50000.0,54,1232.87,15.0,12.69,67454.98
2026-09-30,Pagar Despesas / Férias e Lazer,50000.0,60,1144.59,15.0,12.76,69555.4
2026-09-30,Pagar Despesas / Férias e Lazer,50000.0,66,1073.01,15.0,12.82,71698.66
2026-09-30,Pagar Despesas / Férias e Lazer,50000.0,72,1013.89,15.0,12.87,73880.08
2026-09-30,Pagar Despesas / Férias e Lazer,50000.0,78,964.29,15.0,12.91,76094.62
2026-09-30,Pagar Despesas / Férias e Lazer,50000.0,84,922.37,15.0,12.95,78359.08
2026-09-30,Lar e Recheio,5000.0,24,236.03,15.0,11.81,5752.72
2026-09-30,Lar e Recheio,5000.0,30,195.18,15.0,12.12,5943.4
2026-09-30,Lar e Recheio,5000.0,36,168.05,15.0,12.33,6137.8
2026-09-30,Lar e Recheio,5000.0,42,148.79,15.0,12.49,6337.18
2026-09-30,Lar e Recheio,5000.0,48,134.4,15.0,12.6,6539.2
2026-09-30,Lar e Recheio,5000.0,54,123.29,15.0,12.69,6745.66
2026-09-30,Lar e Recheio,5000.0,60,114.46,15.0,12.76,6955.6
2026-09-30,Lar e Recheio,5000.0,66,107.31,15.0,12.82,7170.46
2026-09-30,Lar e Recheio,5000.0,72,101.39,15.0,12.87,7388.08
2026-09-30,Lar e Recheio,5000.0,78,96.43,15.0,12.91,7609.54
2026-09-30,Lar e Recheio,5000.0,84,92.24,15.0,12.95,7836.16
2026-09-30,Lar e Recheio,10000.0,24,472.06,15.0,11.81,11505.44
2026-09-30,Lar e Recheio,10000.0,30,390.35,15.0,12.12,11886.5
2026-09-30,Lar e Recheio,10000.0,36,336.09,15.0,12.33,12275.24
2026-09-30,Lar e Recheio,10000.0,42,297.58,15.0,12.49,12674.36
2026-09-30,Lar e Recheio,10000.0,48,268.8,15.0,12.6,13078.4
2026-09-30,Lar e Recheio,10000.0,54,246.58,15.0,12.69,13491.32
2026-09-30,Lar e Recheio,10000.0,60,228.92,15.0,12.76,13911.2
2026-09-30,Lar e Recheio,10000.0,66,214.61,15.0,12.82,14340.26
2026-09-30,Lar e Recheio,10000.0,72,202.78,15.0,12.87,14776.16
2026-09-30,Lar e Recheio,10000.0,78,192.86,15.0,12.91,15219.08
2026-09-30,Lar e Recheio,10000.0,84,184.48,15.0,12.95,15672.32
2026-09-30,Lar e Recheio,15000.0,24,708.09,15.0,11.81,17258.16
2026-09-30,Lar e Recheio,15000.0,30,585.52,15.0,12.12,17829.6
2026-09-30,Lar e Recheio,15000.0,36,504.14,15.0,12.33,18413.04
2026-09-30,Lar e Recheio,15000.0,42,446.36,15.0,12.49,19011.12
2026-09-30,Lar e Recheio,15000.0,48,403.19,15.0,12.6,19617.12
2026-09-30,Lar e Recheio,15000.0,54,369.87,15.0,12.69,20236.98
2026-09-30,Lar e Recheio,15000.0,60,343.38,15.0,12.76,20866.8
2026-09-30,Lar e Recheio,15000.0,66,321.91,15.0,12.82,21510.06
2026-09-30,Lar e Recheio,15000.0,72,304.17,15.0,12.87,22164.24
2026-09-30,Lar e Recheio,15000.0,78,289.29,15.0,12.91,22828.62
2026-09-30,Lar e Recheio,15000.0,84,276.72,15.0,12.95,23508.48
2026-09-30,Lar e Recheio,20000.0,24,944.11,15.0,11.81,23010.64
2026-09-30,Lar e Recheio,20000.0,30,780.69,15.0,12.12,23772.7
2026-09-30,Lar e Recheio,20000.0,36,672.18,15.0,12.33,24550.48
2026-09-30,Lar e Recheio,20000.0,42,595.15,15.0,12.49,25348.3
2026-09-30,Lar e Recheio,20000.0,48,537.59,15.0,12.6,26156.32
2026-09-30,Lar e Recheio,20000.0,54,493.15,15.0,12.69,26982.1
2026-09-30,Lar e Recheio,20000.0,60,457.84,15.0,12.76,27822.4
2026-09-30,Lar e Recheio,20000.0,66,429.21,15.0,12.82,28679.86
2026-09-30,Lar e Recheio,20000.0,72,405.56,15.0,12.87,29552.32
2026-09-30,Lar e Recheio,20000.0,78,385.72,15.0,12.91,30438.16
2026-09-30,Lar e Recheio,20000.0,84,368.95,15.0,12.95,31343.8
2026-09-30,Lar e Recheio,25000.0,24,1180.14,15.0,11.81,28763.36
2026-09-30,Lar e Recheio,25000.0,30,975.86,15.0,12.12,29715.8
2026-09-30,Lar e Recheio,25000.0,36,840.23,15.0,12.33,30688.28
2026-09-30,Lar e Recheio,25000.0,42,743.93,15.0,12.49,31685.06
2026-09-30,Lar e Recheio,25000.0,48,671.98,15.0,12.6,32695.04
2026-09-30,Lar e Recheio,25000.0,54,616.44,15.0,12.69,33727.76
2026-09-30,Lar e Recheio,25000.0,60,572.3,15.0,12.76,34778.0
2026-09-30,Lar e Recheio,25000.0,66,536.51,15.0,12.82,35849.66
2026-09-30,Lar e Recheio,25000.0,72,506.95,15.0,12.87,36940.4
2026-09-30,Lar e Recheio,25000.0,78,482.15,15.0,12.91,38047.7
2026-09-30,Lar e Recheio,25000.0,84,461.19,15.0,12.95,39179.96
2026-09-30,Lar e Recheio,30000.0,24,1416.17,15.0,11.81,34516.08
2026-09-30,Lar e Recheio,30000.0,30,1171.03,15.0,12.12,35658.9
2026-09-30,Lar e Recheio,30000.0,36,1008.27,15.0,12.33,36825.72
2026-09-30,Lar e Recheio,30000.0,42,892.72,15.0,12.49,38022.24
2026-09-30,Lar e Recheio,30000.0,48,806.38,15.0,12.6,39234.24
2026-09-30,Lar e Recheio,30000.0,54,739.73,15.0,12.69,40473.42
2026-09-30,Lar e Recheio,30000.0,60,686.76,15.0,12.76,41733.6
2026-09-30,Lar e Recheio,30000.0,66,643.81,15.0,12.82,43019.46
2026-09-30,Lar e Recheio,30000.0,72,608.34,15.0,12.87,44328.48
2026-09-30,Lar e Recheio,30000.0,78,578.57,15.0,12.91,45656.46
2026-09-30,Lar e Recheio,30000.0,84,553.43,15.0,12.95,47016.12
2026-09-30,Lar e Recheio,35000.0,24,1652.2,15.0,11.81,40268.8
2026-09-30,Lar e Recheio,35000.0,30,1366.2,15.0,12.12,41602.0
2026-09-30,Lar e Recheio,35000.0,36,1176.32,15.0,12.33,42963.52
2026-09-30,Lar e Recheio,35000.0,42,1041.5,15.0,12.49,44359.0
2026-09-30,Lar e Recheio,35000.0,48,940.77,15.0,12.6,45772.96
2026-09-30,Lar e Recheio,35000.0,54,863.01,15.0,12.69,47218.54
2026-09-30,Lar e Recheio,35000.0,60,801.22,15.0,12.76,48689.2
2026-09-30,Lar e Recheio,35000.0,66,751.11,15.0,12.82,50189.26
2026-09-30,Lar e Recheio,35000.0,72,709.73,15.0,12.87,51716.56
2026-09-30,Lar e Recheio,35000.0,78,675.0,15.0,12.91,53266.0
2026-09-30,Lar e Recheio,35000.0,84,645.66,15.0,12.95,54851.44
2026-09-30,Lar e Recheio,40000.0,24,1888.22,15.0,11.81,46021.28
2026-09-30,Lar e Recheio,40000.0,30,1561.37,15.0,12.12,47545.1
2026-09-30,Lar e Recheio,40000.0,36,1344.36,15.0,12.33,49100.96
2026-09-30,Lar e Recheio,40000.0,42,1190.29,15.0,12.49,50696.18
2026-09-30,Lar e Recheio,40000.0,48,1075.17,15.0,12.6,52312.16
2026-09-30,Lar e Recheio,40000.0,54,986.3,15.0,12.69,53964.2
2026-09-30,Lar e Recheio,40000.0,60,915.67,15.0,12.76,55644.2
2026-09-30,Lar e Recheio,40000.0,66,858.41,15.0,12.82,57359.06
2026-09-30,Lar e Recheio,40000.0,72,811.12,15.0,12.87,59104.64
2026-09-30,Lar e Recheio,40000.0,78,771.43,15.0,12.91,60875.54
2026-09-30,Lar e Recheio,40000.0,84,737.9,15.0,12.95,62687.6
2026-09-30,Lar e Recheio,45000.0,24,2124.25,15.0,11.81,51774.0
2026-09-30,Lar e Recheio,45000.0,30,1756.54,15.0,12.12,53488.2
2026-09-30,Lar e Recheio,45000.0,36,1512.4,15.0,12.33,55238.4
2026-09-30,Lar e Recheio,45000.0,42,1339.07,15.0,12.49,57032.94
2026-09-30,Lar e Recheio,45000.0,48,1209.57,15.0,12.6,58851.36
2026-09-30,Lar e Recheio,45000.0,54,1109.59,15.0,12.69,60709.86
2026-09-30,Lar e Recheio,45000.0,60,1030.13,15.0,12.76,62599.8
2026-09-30,Lar e Recheio,45000.0,66,965.71,15.0,12.82,64528.86
2026-09-30,Lar e Recheio,45000.0,72,912.5,15.0,12.87,66492.0
2026-09-30,Lar e Recheio,45000.0,78,867.86,15.0,12.91,68485.08
2026-09-30,Lar e Recheio,45000.0,84,830.14,15.0,12.95,70523.76
2026-09-30,Lar e Recheio,50000.0,24,2360.28,15.0,11.81,57526.72
2026-09-30,Lar e Recheio,50000.0,30,1951.71,15.0,12.12,59431.3
2026-09-30,Lar e Recheio,50000.0,36,1680.45,15.0,12.33,61376.2
2026-09-30,Lar e Recheio,50000.0,42,1487.86,15.0,12.49,63370.12
2026-09-30,Lar e Recheio,50000.0,48,1343.96,15.0,12.6,65390.08
2026-09-30,Lar e Recheio,50000.0,54,1232.87,15.0,12.69,67454.98
2026-09-30,Lar e Recheio,50000.0,60,1144.59,15.0,12.76,69555.4
2026-09-30,Lar e Recheio,50000.0,66,1073.01,15.0,12.82,71698.66
2026-09-30,Lar e Recheio,50000.0,72,1013.89,15.0,12.87,73880.08
2026-09-30,Lar e Recheio,50000.0,78,964.29,15.0,12.91,76094.62
2026-09-30,Lar e Recheio,50000.0,84,922.37,15.0,12.95,78359.08
2026-09-30,Formação,2500.0,24,110.99,8.2,5.93,2707.76
2026-09-30,Formação,2500.0,30,90.51,8.2,6.24,2759.3
2026-09-30,Formação,2500.0,36,76.86,8.2,6.45,2810.96
2026-09-30,Formação,2500.0,42,67.13,8.2,6.6,2863.46
2026-09-30,Formação,2500.0,48,59.86,8.2,6.72,2917.28
2026-09-30,Formação,2500.0,54,54.21,8.2,6.81,2971.34
2026-09-30,Formação,2500.0,60,49.69,8.2,6.88,3025.4
2026-09-30,Formação,2500.0,66,46.02,8.2,6.95,3081.32
2026-09-30,Formação,2500.0,72,42.95,8.2,6.99,3136.4
2026-09-30,Formação,5000.0,24,221.98,8.2,5.93,5415.52
2026-09-30,Formação,5000.0,30,181.01,8.2,6.24,5518.3
2026-09-30,Formação,5000.0,36,153.72,8.2,6.45,5621.92
2026-09-30,Formação,5000.0,42,134.26,8.2,6.6,5726.92
2026-09-30,Formação,5000.0,48,119.71,8.2,6.72,5834.08
2026-09-30,Formação,5000.0,54,108.41,8.2,6.81,5942.14
2026-09-30,Formação,5000.0,60,99.38,8.2,6.88,6050.8
2026-09-30,Formação,5000.0,66,92.04,8.2,6.95,6162.64
2026-09-30,Formação,5000.0,72,85.9,8.2,6.99,6272.8
2026-09-30,Formação,5000.0,78,80.73,8.2,7.03,6384.94
2026-09-30,Formação,5000.0,84,76.33,8.2,7.07,6499.72
2026-09-30,Formação,10000.0,24,443.96,8.2,5.93,10831.04
2026-09-30,Formação,10000.0,30,362.01,8.2,6.24,11036.3
2026-09-30,Formação,10000.0,36,307.44,8.2,6.45,11243.84
2026-09-30,Formação,10000.0,42,268.52,8.2,6.6,11453.84
2026-09-30,Formação,10000.0,48,239.42,8.2,6.72,11668.16
2026-09-30,Formação,10000.0,54,216.81,8.2,6.81,11883.74
2026-09-30,Formação,10000.0,60,198.75,8.2,6.88,12101.0
2026-09-30,Formação,10000.0,66,184.08,8.2,6.95,12325.28
2026-09-30,Formação,10000.0,72,171.79,8.2,6.99,12544.88
2026-09-30,Formação,10000.0,78,161.46,8.2,7.03,12769.88
2026-09-30,Formação,10000.0,84,152.66,8.2,7.07,12999.44
2026-09-30,Formação,10000.0,90,145.04,8.2,7.1,13229.6
2026-09-30,Formação,10000.0,96,138.42,8.2,7.13,13464.32
2026-09-30,Formação,10000.0,102,132.62,8.2,7.16,13703.24
2026-09-30,Formação,10000.0,108,127.45,8.2,7.18,13940.6
2026-09-30,Formação,10000.0,114,122.85,8.2,7.2,14180.9
2026-09-30,Formação,10000.0,120,118.75,8.2,7.22,14426.0
2026-09-30,Formação,15000.0,24,665.94,8.2,5.93,16246.56
2026-09-30,Formação,15000.0,30,543.01,8.2,6.24,16554.3
2026-09-30,Formação,15000.0,36,461.16,8.2,6.45,16865.76
2026-09-30,Formação,15000.0,42,402.78,8.2,6.6,17180.76
2026-09-30,Formação,15000.0,48,359.12,8.2,6.72,17501.76
2026-09-30,Formação,15000.0,54,325.21,8.2,6.81,17825.34
2026-09-30,Formação,15000.0,60,298.12,8.2,6.88,18151.2
2026-09-30,Formação,15000.0,66,276.11,8.2,6.95,18487.26
2026-09-30,Formação,15000.0,72,257.69,8.2,6.99,18817.68
2026-09-30,Formação,15000.0,78,242.19,8.2,7.03,19154.82
2026-09-30,Formação,15000.0,84,228.99,8.2,7.07,19499.16
2026-09-30,Formação,15000.0,90,217.56,8.2,7.1,19844.4
2026-09-30,Formação,15000.0,96,207.62,8.2,7.13,20195.52
2026-09-30,Formação,15000.0,102,198.92,8.2,7.16,20553.84
2026-09-30,Formação,15000.0,108,191.17,8.2,7.18,20910.36
2026-09-30,Formação,15000.0,114,184.28,8.2,7.2,21271.92
2026-09-30,Formação,15000.0,120,178.13,8.2,7.22,21639.6
2026-09-30,Formação,20000.0,24,887.92,8.2,5.93,21662.08
2026-09-30,Formação,20000.0,30,724.01,8.2,6.24,22072.3
2026-09-30,Formação,20000.0,36,614.88,8.2,6.45,22487.68
2026-09-30,Formação,20000.0,42,537.04,8.2,6.6,22907.68
2026-09-30,Formação,20000.0,48,478.83,8.2,6.72,23335.84
2026-09-30,Formação,20000.0,54,433.61,8.2,6.81,23766.94
2026-09-30,Formação,20000.0,60,397.5,8.2,6.88,24202.0
2026-09-30,Formação,20000.0,66,368.15,8.2,6.95,24649.9
2026-09-30,Formação,20000.0,72,343.58,8.2,6.99,25089.76
2026-09-30,Formação,20000.0,78,322.92,8.2,7.03,25539.76
2026-09-30,Formação,20000.0,84,305.32,8.2,7.07,25998.88
2026-09-30,Formação,20000.0,90,290.08,8.2,7.1,26459.2
2026-09-30,Formação,20000.0,96,276.83,8.2,7.13,26927.68
2026-09-30,Formação,20000.0,102,265.23,8.2,7.16,27405.46
2026-09-30,Formação,20000.0,108,254.89,8.2,7.18,27880.12
2026-09-30,Formação,20000.0,114,245.7,8.2,7.2,28361.8
2026-09-30,Formação,20000.0,120,237.5,8.2,7.22,28852.0
2026-09-30,Eficiência Energética,10000.0,84,152.87,8.2,7.11,13017.08
2026-09-30,Eficiência Energética,15000.0,54,325.5,8.2,6.85,17841.0
2026-09-30,Eficiência Energética,15000.0,60,298.49,8.2,6.93,18173.4
2026-09-30,Eficiência Energética,15000.0,66,276.41,8.2,6.99,18507.06
2026-09-30,Eficiência Energética,15000.0,72,258.06,8.2,7.04,18844.32
2026-09-30,Eficiência Energética,15000.0,78,242.57,8.2,7.08,19184.46
2026-09-30,Eficiência Energética,15000.0,84,229.3,8.2,7.11,19525.2
2026-09-30,Eficiência Energética,20000.0,54,434.0,8.2,6.85,23788.0
2026-09-30,Eficiência Energética,20000.0,60,397.99,8.2,6.93,24231.4
2026-09-30,Eficiência Energética,20000.0,66,368.55,8.2,6.99,24676.3
2026-09-30,Eficiência Energética,20000.0,72,344.08,8.2,7.04,25125.76
2026-09-30,Eficiência Energética,20000.0,78,323.42,8.2,7.08,25578.76
2026-09-30,Eficiência Energética,20000.0,84,305.73,8.2,7.11,26033.32
2026-09-30,Eficiência Energética,25000.0,54,542.5,8.2,6.85,29735.0
2026-09-30,Eficiência Energética,25000.0,60,497.48,8.2,6.93,30288.8
2026-09-30,Eficiência Energética,25000.0,66,460.68,8.2,6.99,30844.88
2026-09-30,Eficiência Energética,25000.0,72,430.1,8.2,7.04,31407.2
2026-09-30,Eficiência Energética,25000.0,78,404.28,8.2,7.08,31973.84
2026-09-30,Eficiência Energética,25000.0,84,382.16,8.2,7.11,32541.44
2026-09-30,Eficiência Energética,30000.0,54,650.99,8.2,6.85,35681.46
2026-09-30,Eficiência Energética,30000.0,60,596.98,8.2,6.93,36346.8
2026-09-30,Eficiência Energética,30000.0,66,552.82,8.2,6.99,37014.12
2026-09-30,Eficiência Energética,30000.0,72,516.12,8.2,7.04,37688.64
2026-09-30,Eficiência Energética,30000.0,78,485.13,8.2,7.08,38368.14
2026-09-30,Eficiência Energética,30000.0,84,458.59,8.2,7.11,39049.56
2026-09-30,Eficiência Energética,35000.0,54,759.49,8.2,6.85,41628.46
2026-09-30,Eficiência Energética,35000.0,60,696.47,8.2,6.93,42404.2
2026-09-30,Eficiência Energética,35000.0,66,644.95,8.2,6.99,43182.7
2026-09-30,Eficiência Energética,35000.0,72,602.14,8.2,7.04,43970.08
2026-09-30,Eficiência Energética,35000.0,78,565.99,8.2,7.08,44763.22
2026-09-30,Eficiência Energética,35000.0,84,535.02,8.2,7.11,45557.68
2026-09-30,Eficiência Energética,40000.0,54,867.99,8.2,6.85,47575.46
2026-09-30,Eficiência Energética,40000.0,60,795.97,8.2,6.93,48462.2
2026-09-30,Eficiência Energética,40000.0,66,737.09,8.2,6.99,49351.94
2026-09-30,Eficiência Energética,40000.0,72,688.16,8.2,7.04,50251.52
2026-09-30,Eficiência Energética,40000.0,78,646.84,8.2,7.08,51157.52
2026-09-30,Eficiência Energética,40000.0,84,611.45,8.2,7.11,52065.8
2026-09-30,Eficiência Energética,45000.0,54,976.49,8.2,6.85,53522.46
2026-09-30,Eficiência Energética,45000.0,60,895.46,8.2,6.93,54519.6
2026-09-30,Eficiência Energética,45000.0,66,829.22,8.2,6.99,55520.52
2026-09-30,Eficiência Energética,45000.0,72,774.18,8.2,7.04,56532.96
2026-09-30,Eficiência Energética,45000.0,78,727.69,8.2,7.08,57551.82
2026-09-30,Eficiência Energética,45000.0,84,687.88,8.2,7.11,58573.92
2026-09-30,Eficiência Energética,50000.0,54,1084.99,8.2,6.85,59469.46
2026-09-30,Eficiência Energética,50000.0,60,994.96,8.2,6.93,60577.6
2026-09-30,Eficiência Energética,50000.0,66,921.36,8.2,6.99,61689.76
2026-09-30,Eficiência Energética,50000.0,72,860.2,8.2,7.04,62814.4
2026-09-30,Eficiência Energética,50000.0,78,808.55,8.2,7.08,63946.9
2026-09-30,Eficiência Energética,50000.0,84,764.32,8.2,7.11,65082.88
2026-09-30,Auto / Moto Novo,2500.0,24,113.38,10.5,7.95,2765.12
2026-09-30,Auto / Moto Novo,2500.0,30,92.95,10.5,8.3,2832.5
2026-09-30,Auto / Moto Novo,2500.0,36,79.26,10.5,8.45,2897.36
2026-09-30,Auto / Moto Novo,2500.0,42,69.55,10.5,8.6,2965.1
2026-09-30,Auto / Moto Novo,2500.0,48,62.34,10.5,8.75,3036.32
2026-09-30,Auto / Moto Novo,2500.0,54,56.66,10.5,8.8,3103.64
2026-09-30,Auto / Moto Novo,2500.0,60,52.21,10.5,8.9,3176.6
2026-09-30,Auto / Moto Novo,2500.0,66,48.61,10.5,9.0,3252.26
2026-09-30,Auto / Moto Novo,2500.0,72,45.52,10.5,9.0,3321.44
2026-09-30,Auto / Moto Novo,5000.0,24,226.75,10.5,7.95,5530.0
2026-09-30,Auto / Moto Novo,5000.0,30,185.9,10.5,8.3,5665.0
2026-09-30,Auto / Moto Novo,5000.0,36,158.51,10.5,8.45,5794.36
2026-09-30,Auto / Moto Novo,5000.0,42,139.1,10.5,8.6,5930.2
2026-09-30,Auto / Moto Novo,5000.0,48,124.67,10.5,8.75,6072.16
2026-09-30,Auto / Moto Novo,5000.0,54,113.32,10.5,8.8,6207.28
2026-09-30,Auto / Moto Novo,5000.0,60,104.42,10.5,8.9,6353.2
2026-09-30,Auto / Moto Novo,5000.0,66,97.22,10.5,9.0,6504.52
2026-09-30,Auto / Moto Novo,5000.0,72,91.03,10.5,9.0,6642.16
2026-09-30,Auto / Moto Novo,5000.0,78,86.08,10.5,9.1,6802.24
2026-09-30,Auto / Moto Novo,5000.0,84,81.63,10.5,9.1,6944.92
2026-09-30,Auto / Moto Novo,10000.0,24,453.5,10.5,7.95,11060.0
2026-09-30,Auto / Moto Novo,10000.0,30,371.79,10.5,8.3,11329.7
2026-09-30,Auto / Moto Novo,10000.0,36,317.02,10.5,8.45,11588.72
2026-09-30,Auto / Moto Novo,10000.0,42,278.19,10.5,8.6,11859.98
2026-09-30,Auto / Moto Novo,10000.0,48,249.33,10.5,8.75,12143.84
2026-09-30,Auto / Moto Novo,10000.0,54,226.63,10.5,8.8,12414.02
2026-09-30,Auto / Moto Novo,10000.0,60,208.83,10.5,8.9,12705.8
2026-09-30,Auto / Moto Novo,10000.0,66,194.43,10.5,9.0,13008.38
2026-09-30,Auto / Moto Novo,10000.0,72,182.05,10.5,9.0,13283.6
2026-09-30,Auto / Moto Novo,10000.0,78,172.15,10.5,9.1,13603.7
2026-09-30,Auto / Moto Novo,10000.0,84,163.26,10.5,9.1,13889.84
2026-09-30,Auto / Moto Novo,10000.0,90,155.6,10.5,9.1,14180.0
2026-09-30,Auto / Moto Novo,10000.0,96,149.2,10.5,9.15,14499.2
2026-09-30,Auto / Moto Novo,15000.0,24,680.25,10.5,7.95,16590.0
2026-09-30,Auto / Moto Novo,15000.0,30,557.68,10.5,8.3,16994.4
2026-09-30,Auto / Moto Novo,15000.0,36,475.52,10.5,8.45,17382.72
2026-09-30,Auto / Moto Novo,15000.0,42,417.28,10.5,8.6,17789.76
2026-09-30,Auto / Moto Novo,15000.0,48,373.99,10.5,8.75,18215.52
2026-09-30,Auto / Moto Novo,15000.0,54,339.94,10.5,8.8,18620.76
2026-09-30,Auto / Moto Novo,15000.0,60,313.25,10.5,8.9,19059.0
2026-09-30,Auto / Moto Novo,15000.0,66,291.64,10.5,9.0,19512.24
2026-09-30,Auto / Moto Novo,15000.0,72,273.08,10.5,9.0,19925.76
2026-09-30,Auto / Moto Novo,15000.0,78,258.22,10.5,9.1,20405.16
2026-09-30,Auto / Moto Novo,15000.0,84,244.89,10.5,9.1,20834.76
2026-09-30,Auto / Moto Novo,15000.0,90,233.39,10.5,9.1,21269.1
2026-09-30,Auto / Moto Novo,15000.0,96,223.79,10.5,9.15,21747.84
2026-09-30,Auto / Moto Novo,20000.0,24,907.0,10.5,7.95,22120.0
2026-09-30,Auto / Moto Novo,20000.0,30,743.58,10.5,8.3,22659.4
2026-09-30,Auto / Moto Novo,20000.0,36,634.03,10.5,8.45,23177.08
2026-09-30,Auto / Moto Novo,20000.0,42,556.37,10.5,8.6,23719.54
2026-09-30,Auto / Moto Novo,20000.0,48,498.66,10.5,8.75,24287.68
2026-09-30,Auto / Moto Novo,20000.0,54,453.25,10.5,8.8,24827.5
2026-09-30,Auto / Moto Novo,20000.0,60,417.66,10.5,8.9,25411.6
2026-09-30,Auto / Moto Novo,20000.0,66,388.85,10.5,9.0,26016.1
2026-09-30,Auto / Moto Novo,20000.0,72,364.1,10.5,9.0,26567.2
2026-09-30,Auto / Moto Novo,20000.0,78,344.3,10.5,9.1,27207.4
2026-09-30,Auto / Moto Novo,20000.0,84,326.52,10.5,9.1,27779.68
2026-09-30,Auto / Moto Novo,20000.0,90,311.19,10.5,9.1,28359.1
2026-09-30,Auto / Moto Novo,20000.0,96,298.39,10.5,9.15,28997.44
2026-09-30,Auto / Moto Novo,25000.0,24,1133.75,10.5,7.95,27650.0
2026-09-30,Auto / Moto Novo,25000.0,30,929.47,10.5,8.3,28324.1
2026-09-30,Auto / Moto Novo,25000.0,36,792.53,10.5,8.45,28971.08
2026-09-30,Auto / Moto Novo,25000.0,42,695.46,10.5,8.6,29649.32
2026-09-30,Auto / Moto Novo,25000.0,48,623.32,10.5,8.75,30359.36
2026-09-30,Auto / Moto Novo,25000.0,54,566.57,10.5,8.8,31034.78
2026-09-30,Auto / Moto Novo,25000.0,60,522.08,10.5,8.9,31764.8
2026-09-30,Auto / Moto Novo,25000.0,66,486.06,10.5,9.0,32519.96
2026-09-30,Auto / Moto Novo,25000.0,72,455.12,10.5,9.0,33208.64
2026-09-30,Auto / Moto Novo,25000.0,78,430.37,10.5,9.1,34008.86
2026-09-30,Auto / Moto Novo,25000.0,84,408.14,10.5,9.1,34723.76
2026-09-30,Auto / Moto Novo,25000.0,90,388.98,10.5,9.1,35448.2
2026-09-30,Auto / Moto Novo,25000.0,96,372.99,10.5,9.15,36247.04
2026-09-30,Auto / Moto Novo,30000.0,24,1360.49,10.5,7.95,33179.76
2026-09-30,Auto / Moto Novo,30000.0,30,1115.36,10.5,8.3,33988.8
2026-09-30,Auto / Moto Novo,30000.0,36,951.04,10.5,8.45,34765.44
2026-09-30,Auto / Moto Novo,30000.0,42,834.55,10.5,8.6,35579.1
2026-09-30,Auto / Moto Novo,30000.0,48,747.98,10.5,8.75,36431.04
2026-09-30,Auto / Moto Novo,30000.0,54,679.88,10.5,8.8,37241.52
2026-09-30,Auto / Moto Novo,30000.0,60,626.49,10.5,8.9,38117.4
2026-09-30,Auto / Moto Novo,30000.0,66,583.28,10.5,9.0,39024.48
2026-09-30,Auto / Moto Novo,30000.0,72,546.15,10.5,9.0,39850.8
2026-09-30,Auto / Moto Novo,30000.0,78,516.44,10.5,9.1,40810.32
2026-09-30,Auto / Moto Novo,30000.0,84,489.77,10.5,9.1,41668.68
2026-09-30,Auto / Moto Novo,30000.0,90,466.78,10.5,9.1,42538.2
2026-09-30,Auto / Moto Novo,30000.0,96,447.58,10.5,9.15,43495.68
2026-09-30,Auto / Moto Novo,35000.0,24,1587.24,10.5,7.95,38709.76
2026-09-30,Auto / Moto Novo,35000.0,30,1301.25,10.5,8.3,39653.5
2026-09-30,Auto / Moto Novo,35000.0,36,1109.55,10.5,8.45,40559.8
2026-09-30,Auto / Moto Novo,35000.0,42,973.64,10.5,8.6,41508.88
2026-09-30,Auto / Moto Novo,35000.0,48,872.64,10.5,8.75,42502.72
2026-09-30,Auto / Moto Novo,35000.0,54,793.19,10.5,8.8,43448.26
2026-09-30,Auto / Moto Novo,35000.0,60,730.9,10.5,8.9,44470.0
2026-09-30,Auto / Moto Novo,35000.0,66,680.49,10.5,9.0,45528.34
2026-09-30,Auto / Moto Novo,35000.0,72,637.17,10.5,9.0,46492.24
2026-09-30,Auto / Moto Novo,35000.0,78,602.51,10.5,9.1,47611.78
2026-09-30,Auto / Moto Novo,35000.0,84,571.4,10.5,9.1,48613.6
2026-09-30,Auto / Moto Novo,35000.0,90,544.57,10.5,9.1,49627.3
2026-09-30,Auto / Moto Novo,35000.0,96,522.18,10.5,9.15,50745.28
2026-09-30,Auto / Moto Novo,40000.0,24,1813.99,10.5,7.95,44239.76
2026-09-30,Auto / Moto Novo,40000.0,30,1487.15,10.5,8.3,45318.5
2026-09-30,Auto / Moto Novo,40000.0,36,1268.05,10.5,8.45,46353.8
2026-09-30,Auto / Moto Novo,40000.0,42,1112.73,10.5,8.6,47438.66
2026-09-30,Auto / Moto Novo,40000.0,48,997.31,10.5,8.75,48574.88
2026-09-30,Auto / Moto Novo,40000.0,54,906.5,10.5,8.8,49655.0
2026-09-30,Auto / Moto Novo,40000.0,60,835.32,10.5,8.9,50823.2
2026-09-30,Auto / Moto Novo,40000.0,66,777.7,10.5,9.0,52032.2
2026-09-30,Auto / Moto Novo,40000.0,72,728.19,10.5,9.0,53133.68
2026-09-30,Auto / Moto Novo,40000.0,78,688.59,10.5,9.1,54414.02
2026-09-30,Auto / Moto Novo,40000.0,84,653.03,10.5,9.1,55558.52
2026-09-30,Auto / Moto Novo,40000.0,90,622.37,10.5,9.1,56717.3
2026-09-30,Auto / Moto Novo,40000.0,96,596.78,10.5,9.15,57994.88
2026-09-30,Auto / Moto Novo,45000.0,24,2040.74,10.5,7.95,49769.76
2026-09-30,Auto / Moto Novo,45000.0,30,1673.04,10.5,8.3,50983.2
2026-09-30,Auto / Moto Novo,45000.0,36,1426.56,10.5,8.45,52148.16
2026-09-30,Auto / Moto Novo,45000.0,42,1251.82,10.5,8.6,53368.44
2026-09-30,Auto / Moto Novo,45000.0,48,1121.97,10.5,8.75,54646.56
2026-09-30,Auto / Moto Novo,45000.0,54,1019.81,10.5,8.8,55861.74
2026-09-30,Auto / Moto Novo,45000.0,60,939.73,10.5,8.9,57175.8
2026-09-30,Auto / Moto Novo,45000.0,66,874.91,10.5,9.0,58536.06
2026-09-30,Auto / Moto Novo,45000.0,72,819.22,10.5,9.0,59775.84
2026-09-30,Auto / Moto Novo,45000.0,78,774.66,10.5,9.1,61215.48
2026-09-30,Auto / Moto Novo,45000.0,84,734.65,10.5,9.1,62502.6
2026-09-30,Auto / Moto Novo,45000.0,90,700.16,10.5,9.1,63806.4
2026-09-30,Auto / Moto Novo,45000.0,96,671.37,10.5,9.15,65243.52
2026-09-30,Auto / Moto Novo,50000.0,24,2267.49,10.5,7.95,55299.76
2026-09-30,Auto / Moto Novo,50000.0,30,1858.93,10.5,8.3,56647.9
2026-09-30,Auto / Moto Novo,50000.0,36,1585.06,10.5,8.45,57942.16
2026-09-30,Auto / Moto Novo,50000.0,42,1390.92,10.5,8.6,59298.64
2026-09-30,Auto / Moto Novo,50000.0,48,1246.63,10.5,8.75,60718.24
2026-09-30,Auto / Moto Novo,50000.0,54,1133.13,10.5,8.8,62069.02
2026-09-30,Auto / Moto Novo,50000.0,60,1044.15,10.5,8.9,63529.0
2026-09-30,Auto / Moto Novo,50000.0,66,972.12,10.5,9.0,65039.92
2026-09-30,Auto / Moto Novo,50000.0,72,910.24,10.5,9.0,66417.28
2026-09-30,Auto / Moto Novo,50000.0,78,860.73,10.5,9.1,68016.94
2026-09-30,Auto / Moto Novo,50000.0,84,816.28,10.5,9.1,69447.52
2026-09-30,Auto / Moto Novo,50000.0,90,777.96,10.5,9.1,70896.4
2026-09-30,Auto / Moto Novo,50000.0,96,745.97,10.5,9.15,72493.12
2026-09-30,Auto / Moto Usado,1500.0,24,70.26,14.1,11.05,1712.64
2026-09-30,Auto / Moto Usado,1500.0,30,58.0,14.1,11.36,1766.4
2026-09-30,Auto / Moto Usado,1500.0,36,49.85,14.1,11.57,1821.0
2026-09-30,Auto / Moto Usado,1500.0,42,44.06,14.1,11.73,1876.92
2026-09-30,Auto / Moto Usado,1500.0,48,39.74,14.1,11.84,1933.92
2026-09-30,Auto / Moto Usado,1500.0,54,36.39,14.1,11.93,1991.46
2026-09-30,Auto / Moto Usado,1500.0,60,33.77,14.1,12.04,2052.6
2026-09-30,Auto / Moto Usado,1500.0,66,31.61,14.1,12.1,2112.66
2026-09-30,Auto / Moto Usado,1500.0,72,29.8,14.1,12.11,2172.0
2026-09-30,Auto / Moto Usado,1500.0,78,28.3,14.1,12.15,2233.8
2026-09-30,Auto / Moto Usado,1500.0,84,27.03,14.1,12.19,2296.92
2026-09-30,Auto / Moto Usado,5000.0,24,234.19,14.1,11.05,5708.56
2026-09-30,Auto / Moto Usado,5000.0,30,193.31,14.1,11.36,5887.3
2026-09-30,Auto / Moto Usado,5000.0,36,166.15,14.1,11.57,6069.4
2026-09-30,Auto / Moto Usado,5000.0,42,146.87,14.1,11.73,6256.54
2026-09-30,Auto / Moto Usado,5000.0,48,132.45,14.1,11.84,6445.6
2026-09-30,Auto / Moto Usado,5000.0,54,121.3,14.1,11.93,6638.2
2026-09-30,Auto / Moto Usado,5000.0,60,112.55,14.1,12.04,6841.0
2026-09-30,Auto / Moto Usado,5000.0,66,105.36,14.1,12.1,7041.76
2026-09-30,Auto / Moto Usado,5000.0,72,99.31,14.1,12.11,7238.32
2026-09-30,Auto / Moto Usado,5000.0,78,94.32,14.1,12.15,7444.96
2026-09-30,Auto / Moto Usado,5000.0,84,90.09,14.1,12.19,7655.56
2026-09-30,Auto / Moto Usado,10000.0,102,156.63,13.2,11.5,16152.26
2026-09-30,Auto / Moto Usado,10000.0,108,151.62,13.2,11.5,16550.96
2026-09-30,Auto / Moto Usado,10000.0,114,147.19,13.1,11.5,16955.66
2026-09-30,Auto / Moto Usado,10000.0,120,143.24,13.1,11.5,17364.8
2026-09-30,Auto / Moto Usado,15000.0,102,234.94,13.2,11.5,24227.88
2026-09-30,Auto / Moto Usado,15000.0,108,227.43,13.2,11.5,24826.44
2026-09-30,Auto / Moto Usado,15000.0,114,220.78,13.1,11.5,25432.92
2026-09-30,Auto / Moto Usado,15000.0,120,214.86,13.1,11.5,26047.2
2026-09-30,Auto / Moto Usado,20000.0,102,313.25,13.2,11.5,32303.5
2026-09-30,Auto / Moto Usado,20000.0,108,303.24,13.2,11.5,33101.92
2026-09-30,Auto / Moto Usado,20000.0,114,294.37,13.1,11.5,33910.18
2026-09-30,Auto / Moto Usado,20000.0,120,286.48,13.1,11.5,34729.6
2026-09-30,Auto / Moto Usado,25000.0,102,391.56,13.2,11.5,40379.12
2026-09-30,Auto / Moto Usado,25000.0,108,379.05,13.2,11.5,41377.4
2026-09-30,Auto / Moto Usado,25000.0,114,367.97,13.1,11.5,42388.58
2026-09-30,Auto / Moto Usado,25000.0,120,358.1,13.1,11.5,43412.0
2026-09-30,Auto / Moto Usado,30000.0,102,469.87,13.2,11.5,48454.74
2026-09-30,Auto / Moto Usado,30000.0,108,454.86,13.2,11.5,49652.88
2026-09-30,Auto / Moto Usado,30000.0,114,441.56,13.1,11.5,50865.84
2026-09-30,Auto / Moto Usado,30000.0,120,429.72,13.1,11.5,52094.4
2026-09-30,Auto / Moto Usado,35000.0,102,548.18,13.2,11.5,56530.36
2026-09-30,Auto / Moto Usado,35000.0,108,530.66,13.2,11.5,57927.28
2026-09-30,Auto / Moto Usado,35000.0,114,515.15,13.1,11.5,59343.1
2026-09-30,Auto / Moto Usado,35000.0,120,501.34,13.1,11.5,60776.8
2026-09-30,Auto / Moto Usado,40000.0,102,626.49,13.2,11.5,64605.98
2026-09-30,Auto / Moto Usado,40000.0,108,606.47,13.2,11.5,66202.76
2026-09-30,Auto / Moto Usado,40000.0,114,588.74,13.1,11.5,67820.36
2026-09-30,Auto / Moto Usado,40000.0,120,572.96,13.1,11.5,69459.2
2026-09-30,Auto / Moto Usado,45000.0,102,704.8,13.2,11.5,72681.6
2026-09-30,Auto / Moto Usado,45000.0,108,682.28,13.2,11.5,74478.24
2026-09-30,Auto / Moto Usado,45000.0,114,662.34,13.1,11.5,76298.76
2026-09-30,Auto / Moto Usado,45000.0,120,644.58,13.1,11.5,78141.6
2026-09-30,Auto / Moto Usado,50000.0,102,783.12,13.2,11.5,80758.24
2026-09-30,Auto / Moto Usado,50000.0,108,758.09,13.2,11.5,82753.72
2026-09-30,Auto / Moto Usado,50000.0,114,735.93,13.1,11.5,84776.02
2026-09-30,Auto / Moto Usado,50000.0,120,716.2,13.1,11.5,86824.0
